discount_rate,quantity,time_to_pickup_hours,pickup_hour,day_of_week,description_length,category_sell_rate,establishment_type,restaurant_avg_rating,restaurant_past_expired_rate,restaurant_offer_count,visibility,sell_through_rate_realtime,time_remaining_hours,view_count,engagement_rate,expired,offer_id,restaurant_id,category,created_at
27.373845917652183,10,3.0,13,6,33,0.5584006357503801,BAKERY,3.237076379057974,0.4,0,IDENTIFIED,0.5109653075283143,2.0,33,0.1452824558048973,0,O00001,R031,DESSERT,2024-01-01 00:00:00
53.54140361568727,28,3.0,13,1,27,0.6187003736900818,BAKERY,3.3482373264265872,0.4,0,IDENTIFIED,0.558998804205322,2.0,83,0.11182931596094164,0,O00002,R042,DESSERT,2024-01-01 01:04:48
38.123019803384615,29,3.0,9,1,160,0.5646177625745632,BAKERY,3.237076379057974,0.0,1,ANONYMOUS,0.06520462288107463,2.0,32,0.02228631490161323,1,O00003,R031,BREAKFAST,2024-01-01 02:09:36
35.01388351253567,7,4.0,19,5,75,0.39973016684813767,RESTAURANT,4.271886734691434,0.4,0,IDENTIFIED,0.49737017556818175,2.0,11,0.14540632555911134,0,O00004,R018,SEAFOOD,2024-01-01 03:14:24
35.3334658210799,20,4.0,13,4,104,0.6252515290335416,CAFE,3.091917580299283,0.4,0,ANONYMOUS,0.05907673387356477,2.0,59,0.15302024520840046,0,O00005,R064,DESSERT,2024-01-01 04:19:12
53.29571057508585,14,0.5,21,2,100,0.4484490631917142,CATERING,3.593114160823445,0.4,0,IDENTIFIED,0.2657251676897572,2.0,26,0.19523882832542147,0,O00006,R067,PASTA,2024-01-01 05:24:00
35.05688870720019,16,2.0,14,4,173,0.5063415876430686,RESTAURANT,3.3528823975793207,0.4,0,ANONYMOUS,0.08899052453949326,2.0,18,0.11365226612341363,0,O00007,R037,SALAD,2024-01-01 06:28:48
22.751986792503644,23,2.0,12,2,137,0.6266154043589114,CAFE,3.8703122217420067,0.4,0,ANONYMOUS,0.14854971874064543,2.0,17,0.1709459808450246,1,O00008,R002,DESSERT,2024-01-01 07:33:36
38.93160308919325,7,2.0,14,3,33,0.5695006227386835,FOOD_TRUCK,3.1265420325537248,0.4,0,IDENTIFIED,0.3037018139984301,2.0,22,0.14577036061710957,0,O00009,R048,SANDWICH,2024-01-01 08:38:24
30.71803008853762,7,3.0,12,4,141,0.5493070484541882,FOOD_TRUCK,3.8641771950274,0.4,0,IDENTIFIED,0.36267433619666506,2.0,10,0.04489895565417194,0,O00010,R012,SANDWICH,2024-01-01 09:43:12
40.33332763481472,21,2.0,14,4,130,0.612936962343779,BAKERY,3.237076379057974,0.5,2,IDENTIFIED,0.3318794248159086,2.0,23,0.10900866032931975,1,O00011,R031,BAKERY,2024-01-01 10:48:00
35.654838411282306,19,2.0,21,1,116,0.3347181487707476,CATERING,4.149333020747922,0.4,0,ANONYMOUS,0.0,2.0,9,0.04595844636486684,1,O00012,R034,PASTA,2024-01-01 11:52:48
37.00845281753018,13,4.0,21,5,36,0.311227470678057,RESTAURANT,3.0725152132050786,0.4,0,ANONYMOUS,0.015154881551444399,2.0,21,0.01679509753390815,1,O00013,R025,FINE_DINING,2024-01-01 12:57:36
48.352866417784966,31,1.5,13,3,197,0.4953980386442345,CATERING,3.797182973303961,0.4,0,ANONYMOUS,0.49182563778628763,2.0,56,0.07169531717230822,1,O00014,R051,HEALTHY,2024-01-01 14:02:24
48.14507726153936,16,3.0,19,5,87,0.472240069668273,CATERING,4.386289126933204,0.4,0,IDENTIFIED,0.32619196576390985,2.0,27,0.06743365507021795,1,O00015,R038,PASTA,2024-01-01 15:07:12
50.71992153626853,12,1.5,10,6,75,0.6284577716896881,CAFE,3.091917580299283,0.0,1,IDENTIFIED,0.4096180645051597,2.0,18,0.19151510346214864,0,O00016,R064,CAFE,2024-01-01 16:12:00
38.990518711590255,16,3.0,10,4,53,0.5680512639227953,CAFE,2.8338030196367794,0.4,0,IDENTIFIED,0.2936217653835226,2.0,33,0.11378615245104315,0,O00017,R078,CAFE,2024-01-01 17:16:48
40.313694197434,30,2.0,8,6,195,0.571524617480157,BAKERY,4.472397736270716,0.4,0,IDENTIFIED,0.2542339181037636,2.0,102,0.2901475689025336,0,O00018,R006,BREAKFAST,2024-01-01 18:21:36
57.4702434506588,27,4.0,13,3,18,0.5885046655380329,FOOD_TRUCK,4.06441066239825,0.4,0,IDENTIFIED,0.19761172163485272,2.0,86,0.31688335684737384,0,O00019,R023,FAST_FOOD,2024-01-01 19:26:24
68.55096534433957,12,5.0,12,4,103,0.44492556887329643,RESTAURANT,4.977906180478754,0.4,0,ANONYMOUS,0.0,2.0,30,0.16732444407524077,0,O00020,R008,HEALTHY,2024-01-01 20:31:12
38.48612714523881,21,5.0,14,1,47,0.5605257168628704,BAKERY,3.972432616097607,0.4,0,ANONYMOUS,0.21671851425664312,2.0,27,0.17772308180361113,0,O00021,R035,DESSERT,2024-01-01 21:36:00
34.34130359748583,24,3.0,14,2,185,0.5462171731067387,FAST_FOOD,4.303746398295807,0.4,0,ANONYMOUS,0.47650707274441784,2.0,31,0.05100708224132658,0,O00022,R054,SANDWICH,2024-01-01 22:40:48
48.45304405857235,27,1.0,15,6,179,0.5205099690058855,FAST_FOOD,3.2572286068644694,0.4,0,IDENTIFIED,0.16256651850630016,2.0,14,0.06236158352551802,1,O00023,R066,STREET_FOOD,2024-01-01 23:45:36
46.551927876245195,23,2.0,10,3,139,0.6088596789197264,BAKERY,3.7481555951610934,0.4,0,ANONYMOUS,0.0,2.0,46,0.1137179821501685,0,O00024,R063,BREAKFAST,2024-01-02 00:50:24
63.78773926491933,23,6.0,8,2,193,0.5078840595718421,BAKERY,4.472397736270716,0.0,1,ANONYMOUS,0.32211692670281583,2.0,27,0.08465820711014434,1,O00025,R006,BREAKFAST,2024-01-02 01:55:12
43.84477025475996,18,3.0,8,1,182,0.5895833573837942,CAFE,2.6189910336437396,0.4,0,IDENTIFIED,0.0,2.0,9,0.01,1,O00026,R061,BREAKFAST,2024-01-02 03:00:00
43.39338511451513,30,4.0,20,5,199,0.47044913733106886,RESTAURANT,3.0725152132050786,1.0,1,IDENTIFIED,0.23799233715999046,2.0,38,0.01,1,O00027,R025,SUSHI,2024-01-02 04:04:48
35.90675889770673,11,3.0,14,5,131,0.49288134292930313,FAST_FOOD,3.142288194926028,0.4,0,ANONYMOUS,0.5984235957200502,2.0,32,0.20510109519729686,0,O00028,R022,PIZZA,2024-01-02 05:09:36
41.229655837115764,26,2.0,21,5,86,0.45931512080548675,CATERING,4.455128624198876,0.4,0,ANONYMOUS,0.13073282579892254,2.0,40,0.027948823983120506,1,O00029,R073,GRILL,2024-01-02 06:14:24
53.28152779079832,22,2.0,13,3,207,0.6080922476732478,FOOD_TRUCK,2.9985642990793835,0.4,0,IDENTIFIED,0.0,2.0,28,0.047961039833022204,1,O00030,R014,FAST_FOOD,2024-01-02 07:19:12
33.47036451969491,31,2.0,10,5,104,0.6223820273944211,CAFE,3.2865102759945675,0.4,0,ANONYMOUS,0.0,2.0,55,0.046975677645316495,1,O00031,R027,CAFE,2024-01-02 08:24:00
52.121597024510244,8,3.0,13,6,141,0.6280781450488507,BAKERY,4.2831476657189995,0.4,0,IDENTIFIED,0.24977954122323803,2.0,13,0.10850070622203424,0,O00032,R005,DESSERT,2024-01-02 09:28:48
27.442332063102867,27,1.0,8,0,133,0.5393664483233849,BAKERY,4.212748157693551,0.4,0,ANONYMOUS,0.4591546021898908,2.0,80,0.22713739973686342,1,O00033,R001,BREAKFAST,2024-01-02 10:33:36
44.10551990120931,19,3.0,12,0,160,0.5972344826109544,FOOD_TRUCK,4.06441066239825,0.0,1,IDENTIFIED,0.03199886620418403,2.0,28,0.20045388818161888,1,O00034,R023,FAST_FOOD,2024-01-02 11:38:24
21.029130089829636,10,1.0,12,4,187,0.5557130987303968,FAST_FOOD,2.874421625611307,0.4,0,ANONYMOUS,0.4732412409956266,2.0,30,0.12486045272508757,0,O00035,R016,SANDWICH,2024-01-02 12:43:12
55.8066689988638,16,2.0,12,6,127,0.5144768741571537,RESTAURANT,4.271886734691434,0.0,1,IDENTIFIED,0.441538393229457,2.0,36,0.30615844232430023,0,O00036,R018,SALAD,2024-01-02 13:48:00
42.68964582455372,26,2.0,19,2,134,0.306407623732683,CATERING,3.3362233513389206,0.4,0,IDENTIFIED,0.03240891125188711,2.0,9,0.05947658893458667,1,O00037,R053,FINE_DINING,2024-01-02 14:52:48
39.58763394351886,20,3.0,19,4,151,0.4942397347962919,CATERING,4.095963490352159,0.4,0,IDENTIFIED,0.01839763191197688,2.0,27,0.2618371608617083,1,O00038,R056,GRILL,2024-01-02 15:57:36
40.95510902602955,27,5.0,20,6,113,0.4973285802642469,FOOD_TRUCK,4.06441066239825,0.5,2,IDENTIFIED,0.24916627203671343,2.0,11,0.15597009031121373,1,O00039,R023,BBQ,2024-01-02 17:02:24
21.023126989418515,24,1.5,20,2,76,0.43855005065777236,RESTAURANT,3.676877650715725,0.4,0,ANONYMOUS,0.25583652223775405,2.0,31,0.01,1,O00040,R057,GRILL,2024-01-02 18:07:12
48.58096251400367,16,4.0,8,6,75,0.5282601796826947,BAKERY,3.972432616097607,0.0,1,IDENTIFIED,0.2971725421432688,2.0,38,0.19346608144863978,0,O00041,R035,BREAKFAST,2024-01-02 19:12:00
59.029412035842796,10,3.0,10,6,178,0.6059126163364219,CAFE,3.148280928470636,0.4,0,ANONYMOUS,0.20968962466576463,2.0,21,0.26517744173359237,0,O00042,R041,CAFE,2024-01-02 20:16:48
50.64965083181346,22,1.0,12,6,60,0.5623551161630016,FAST_FOOD,3.973582751974687,0.4,0,IDENTIFIED,0.0,2.0,69,0.15981327208871546,0,O00043,R060,FAST_FOOD,2024-01-02 21:21:36
51.48219569078861,24,1.0,14,5,86,0.5298648972420794,FOOD_TRUCK,4.092770052054342,0.4,0,IDENTIFIED,0.8621956097483128,2.0,56,0.11543334253323387,0,O00044,R007,SANDWICH,2024-01-02 22:26:24
32.33443224122898,27,3.0,9,2,118,0.5087094931768865,BAKERY,4.262169475601567,0.4,0,IDENTIFIED,0.2039526162207761,2.0,16,0.06882461848045882,1,O00045,R028,BREAKFAST,2024-01-02 23:31:12
46.14442974489257,20,3.0,13,2,16,0.561937116833192,CAFE,3.091917580299283,0.0,2,IDENTIFIED,0.3722095795159923,2.0,31,0.10544180364873512,1,O00046,R064,SANDWICH,2024-01-03 00:36:00
66.96755836897593,7,5.0,13,5,37,0.5537460935893866,BAKERY,4.212748157693551,0.0,1,IDENTIFIED,0.3663894262603236,2.0,13,0.28570390806504875,0,O00047,R001,DESSERT,2024-01-03 01:40:48
36.75293904573507,18,1.0,19,0,166,0.35304344990320646,RESTAURANT,3.648671761825324,0.4,0,IDENTIFIED,0.06027007636260512,2.0,7,0.03606887244941562,1,O00048,R015,SEAFOOD,2024-01-03 02:45:36
49.456413279139014,6,0.5,13,5,87,0.6216452644321813,BAKERY,4.262169475601567,1.0,1,ANONYMOUS,0.12598073773990695,2.0,9,0.12996740955376798,1,O00049,R028,DESSERT,2024-01-03 03:50:24
46.22696137214321,16,5.0,19,4,15,0.4254409279442841,RESTAURANT,3.648671761825324,1.0,1,IDENTIFIED,0.7983113717872649,2.0,27,0.01,0,O00050,R015,GRILL,2024-01-03 04:55:12
39.56532460191197,17,3.0,10,2,92,0.6519731181042802,BAKERY,3.7012644326945696,0.4,0,IDENTIFIED,0.034874110778071954,2.0,51,0.3042147985556713,0,O00051,R049,BREAKFAST,2024-01-03 06:00:00
27.750614946224978,10,3.0,13,0,209,0.5165069935172598,FOOD_TRUCK,3.1265420325537248,0.0,1,IDENTIFIED,0.13978329822250024,2.0,9,0.01,1,O00052,R048,BURGER,2024-01-03 07:04:48
39.114499548560794,28,3.0,8,3,81,0.5627760105516492,CAFE,2.8338030196367794,0.0,1,IDENTIFIED,0.09540374852427587,2.0,19,0.01,1,O00053,R078,BREAKFAST,2024-01-03 08:09:36
34.43350211156219,21,3.0,21,5,142,0.4390912521532128,RESTAURANT,4.19117461888607,0.4,0,ANONYMOUS,0.6127600258724566,2.0,52,0.1710162513009612,0,O00054,R017,VEGETARIAN,2024-01-03 09:14:24
37.775110324672454,20,8.0,14,3,146,0.5726710346880317,FAST_FOOD,3.5920105952783357,0.4,0,ANONYMOUS,0.36735568595104284,2.0,47,0.1203390799989679,0,O00055,R026,SANDWICH,2024-01-03 10:19:12
31.43633866757435,6,1.0,10,0,62,0.47992890837523805,CAFE,3.091917580299283,0.3333333333333333,3,IDENTIFIED,0.0,2.0,12,0.22393388971530798,0,O00056,R064,CAFE,2024-01-03 11:24:00
42.83623849845644,11,2.0,14,2,96,0.5635770046431421,BAKERY,3.237076379057974,0.6666666666666666,3,ANONYMOUS,0.15981494377705024,2.0,21,0.19485992282197295,1,O00057,R031,DESSERT,2024-01-03 12:28:48
25.040335721160083,21,2.0,13,1,62,0.5591087887341069,BAKERY,3.237076379057974,0.5,4,IDENTIFIED,0.36344411247239616,2.0,47,0.17582509733781684,0,O00058,R031,DESSERT,2024-01-03 13:33:36
52.3332086690191,7,5.0,19,0,16,0.32194955275456505,CATERING,4.045339710815144,0.4,0,ANONYMOUS,0.2615240184162243,2.0,9,0.01,1,O00059,R044,FINE_DINING,2024-01-03 14:38:24
32.282432540981645,29,1.5,9,4,165,0.6072335290540212,CAFE,3.2865102759945675,1.0,1,ANONYMOUS,0.4428481789600952,2.0,26,0.01554047215336106,1,O00060,R027,CAFE,2024-01-03 15:43:12
51.880170835652024,18,1.5,12,4,95,0.5555850563799161,FAST_FOOD,3.346535331369818,0.4,0,ANONYMOUS,0.05845081392502642,2.0,51,0.27454532954406596,0,O00061,R010,BURGER,2024-01-03 16:48:00
45.43356732277335,11,3.0,19,6,39,0.42436882401182446,RESTAURANT,3.648671761825324,0.5,2,IDENTIFIED,0.5870830340409323,2.0,13,0.2838048933315712,0,O00062,R015,SEAFOOD,2024-01-03 17:52:48
30.01087363134056,16,5.0,13,6,119,0.5004578175636586,RESTAURANT,3.661412441986213,0.4,0,ANONYMOUS,0.35306747572922564,2.0,49,0.13018522900038984,0,O00063,R076,SALAD,2024-01-03 18:57:36
29.995614071703272,21,1.5,10,6,134,0.5523689495558528,CAFE,2.8338030196367794,0.5,2,IDENTIFIED,0.16456119282187034,2.0,41,0.057662538209237155,1,O00064,R078,BRUNCH,2024-01-03 20:02:24
35.463206995295515,16,3.0,12,5,94,0.4819166701844238,FAST_FOOD,2.874421625611307,0.0,1,IDENTIFIED,0.0,2.0,9,0.18064438579415237,1,O00065,R016,PIZZA,2024-01-03 21:07:12
43.34931935892003,28,2.0,12,1,158,0.4927275795069831,CATERING,4.149333020747922,1.0,1,IDENTIFIED,0.2828374561165701,2.0,35,0.01,1,O00066,R034,HEALTHY,2024-01-03 22:12:00
65.04864010585024,5,1.0,14,5,54,0.44988432331085515,CATERING,4.386289126933204,1.0,1,ANONYMOUS,0.45689688322324207,2.0,10,0.16923795781142678,0,O00067,R038,HEALTHY,2024-01-03 23:16:48
37.12299780518549,20,3.0,13,2,197,0.5340514229937916,RESTAURANT,3.648671761825324,0.3333333333333333,3,ANONYMOUS,0.26958387465077716,2.0,55,0.01,0,O00068,R015,SALAD,2024-01-04 00:21:36
34.677926025132635,20,4.0,12,0,186,0.44071922320678797,CATERING,4.051226380656576,0.4,0,ANONYMOUS,0.14995027528912067,2.0,7,0.01,1,O00069,R021,HEALTHY,2024-01-04 01:26:24
40.34839218656375,11,1.0,14,3,64,0.602520094733388,BAKERY,3.7012644326945696,0.0,1,IDENTIFIED,0.14027883809924543,2.0,21,0.01,1,O00070,R049,DESSERT,2024-01-04 02:31:12
33.003559326447856,27,1.0,8,3,179,0.6197978951458578,CAFE,3.9450444623960856,0.4,0,IDENTIFIED,0.41102154113982936,2.0,68,0.07101456324195657,0,O00071,R075,CAFE,2024-01-04 03:36:00
62.05931328579115,5,4.0,21,2,165,0.3885743172029552,CATERING,4.095963490352159,1.0,1,IDENTIFIED,0.06689556566472406,2.0,8,0.027377090653054978,1,O00072,R056,GRILL,2024-01-04 04:40:48
60.23562107875949,8,4.0,8,1,181,0.532223283546005,CAFE,3.2865102759945675,1.0,2,IDENTIFIED,0.06650338214514911,2.0,25,0.09428406246426102,0,O00073,R027,BRUNCH,2024-01-04 05:45:36
43.908559455482006,27,3.0,9,3,99,0.585286995208162,CAFE,3.091917580299283,0.25,4,ANONYMOUS,0.6346741009509851,2.0,66,0.04793083926515465,0,O00074,R064,BRUNCH,2024-01-04 06:50:24
48.88920050792583,5,5.0,20,0,77,0.48761157859534354,CATERING,4.011723031358224,0.4,0,IDENTIFIED,0.0,2.0,15,0.01,1,O00075,R043,GRILL,2024-01-04 07:55:12
59.44649186336959,20,2.0,14,6,24,0.49807074403763935,RESTAURANT,4.19117461888607,0.0,1,IDENTIFIED,0.47064396943264697,2.0,37,0.01,1,O00076,R017,HEALTHY,2024-01-04 09:00:00
54.09229308624921,28,2.0,20,6,27,0.41857557055239636,CATERING,4.011723031358224,0.0,1,ANONYMOUS,0.22244438368053215,2.0,23,0.01,1,O00077,R043,PASTA,2024-01-04 10:04:48
24.631416912919523,21,3.0,20,4,200,0.43350652511181076,CATERING,3.6697323545196734,0.4,0,ANONYMOUS,0.0,2.0,38,0.058816616837068736,0,O00078,R077,GRILL,2024-01-04 11:09:36
41.683189820437796,24,2.0,9,6,159,0.5848222243767891,BAKERY,3.3482373264265872,0.0,1,IDENTIFIED,0.7064644108469915,2.0,64,0.0816570450901071,0,O00079,R042,BREAKFAST,2024-01-04 12:14:24
38.50190244522869,13,1.0,12,0,145,0.5153564151093497,FAST_FOOD,4.572960003829547,0.4,0,IDENTIFIED,0.1488803773903937,2.0,41,0.05639650323309582,0,O00080,R050,PIZZA,2024-01-04 13:19:12
47.07850433431244,12,1.0,14,1,70,0.5420869327463014,FAST_FOOD,4.572960003829547,0.0,1,IDENTIFIED,0.40002711015194153,2.0,31,0.14288479414382366,0,O00081,R050,SANDWICH,2024-01-04 14:24:00
48.82193335054885,16,2.0,21,6,148,0.4618212909915872,CATERING,4.011723031358224,0.5,2,IDENTIFIED,0.26265958882086377,2.0,28,0.013164572800842489,1,O00082,R043,PASTA,2024-01-04 15:28:48
36.54804907716373,26,2.0,13,4,62,0.5279426538148602,RESTAURANT,3.3803185346678775,0.4,0,IDENTIFIED,0.20257811013907706,2.0,41,0.2511591101541242,1,O00083,R072,SALAD,2024-01-04 16:33:36
48.336721818342795,13,2.0,20,4,65,0.49888058265960533,FOOD_TRUCK,3.8641771950274,0.0,1,IDENTIFIED,0.17214248137965832,2.0,4,0.01,1,O00084,R012,BBQ,2024-01-04 17:38:24
40.2484881573723,21,4.0,12,0,37,0.6578050382770613,BAKERY,4.262169475601567,1.0,2,IDENTIFIED,0.8459181046673676,2.0,70,0.2548240125316352,0,O00085,R028,DESSERT,2024-01-04 18:43:12
38.10000204607997,17,2.0,13,5,187,0.643950094130145,BAKERY,3.3482373264265872,0.0,2,ANONYMOUS,0.23327692566773417,2.0,39,0.20359458023325022,0,O00086,R042,BAKERY,2024-01-04 19:48:00
48.93467986387424,7,3.0,19,6,33,0.3437578025343613,RESTAURANT,3.676877650715725,1.0,1,IDENTIFIED,0.4488520846404341,2.0,19,0.05221298603623653,0,O00087,R057,SEAFOOD,2024-01-04 20:52:48
60.84877947623035,15,2.0,14,5,77,0.48576744115493786,FOOD_TRUCK,4.259311185253018,0.4,0,IDENTIFIED,0.07991376822881209,2.0,6,0.05471107024975881,1,O00088,R032,SANDWICH,2024-01-04 21:57:36
40.17004765390177,7,0.5,9,0,100,0.47045491402261574,CAFE,4.173402459689542,0.4,0,ANONYMOUS,0.04121477369119792,2.0,12,0.017405485361436587,0,O00089,R013,BRUNCH,2024-01-04 23:02:24
43.740455608604414,19,2.0,8,0,158,0.5225658929529343,BAKERY,4.262169475601567,0.6666666666666666,3,IDENTIFIED,0.0,2.0,12,0.04197804182607203,1,O00090,R028,BREAKFAST,2024-01-05 00:07:12
55.36234483783277,9,1.5,14,0,49,0.6276041769905605,BAKERY,4.212748157693551,0.0,2,IDENTIFIED,0.5696999525821402,2.0,18,0.14010718774035896,0,O00091,R001,DESSERT,2024-01-05 01:12:00
39.94470196280764,17,1.5,15,1,142,0.36196511485839655,RESTAURANT,4.977906180478754,0.0,1,IDENTIFIED,0.5059515423910728,2.0,5,0.05454916967852408,1,O00092,R008,VEGETARIAN,2024-01-05 02:16:48
23.79752981147827,11,2.0,13,1,162,0.5236747834709893,CAFE,3.8949233547471653,0.4,0,IDENTIFIED,0.14717529469789736,2.0,27,0.07598306427185199,0,O00093,R045,DESSERT,2024-01-05 03:21:36
50.35558456569519,25,5.0,12,1,141,0.6495744529352723,BAKERY,3.237076379057974,0.4,5,IDENTIFIED,0.7060158009138447,2.0,42,0.2968387680626422,0,O00094,R031,BAKERY,2024-01-05 04:26:24
37.16567043161144,16,1.0,12,1,55,0.612938675553714,BAKERY,3.237076379057974,0.3333333333333333,6,ANONYMOUS,0.016780055953493883,2.0,6,0.23971430140932432,1,O00095,R031,BAKERY,2024-01-05 05:31:12
15.0,5,5.0,20,1,196,0.48547036217618955,CATERING,3.797182973303961,1.0,1,ANONYMOUS,0.24842541545002653,2.0,7,0.17033946336248218,1,O00096,R051,GRILL,2024-01-05 06:36:00
36.08023249319569,6,2.0,20,0,78,0.47130235302860635,FOOD_TRUCK,5.0,0.4,0,IDENTIFIED,0.37724226501350844,2.0,14,0.01,0,O00097,R062,BBQ,2024-01-05 07:40:48
50.41828857598361,22,1.0,14,4,77,0.5430803947515727,FOOD_TRUCK,3.473217524366763,0.4,0,ANONYMOUS,0.21582698536753137,2.0,48,0.14543893008408712,0,O00098,R029,BURGER,2024-01-05 08:45:36
61.201511885670975,12,2.0,14,2,102,0.5276921256090027,BAKERY,3.7481555951610934,0.0,1,IDENTIFIED,0.43373104270810103,2.0,24,0.279171843354481,0,O00099,R063,DESSERT,2024-01-05 09:50:24
42.405293949381004,26,1.5,10,2,124,0.6099734532989796,CAFE,2.8338030196367794,0.6666666666666666,3,ANONYMOUS,0.27439418013671635,2.0,10,0.18145413608654126,1,O00100,R078,CAFE,2024-01-05 10:55:12
62.44084370963262,21,0.5,10,4,22,0.5649220927373672,CAFE,2.8338030196367794,0.75,4,IDENTIFIED,0.0,2.0,22,0.08423279136821576,1,O00101,R078,BREAKFAST,2024-01-05 12:00:00
45.03647854171375,27,2.0,14,6,125,0.42694415586725804,CATERING,4.045339710815144,1.0,1,ANONYMOUS,0.2932193746005673,2.0,52,0.03370081753852288,1,O00102,R044,HEALTHY,2024-01-05 13:04:48
50.371245260284766,8,2.0,21,6,34,0.3813859522076494,RESTAURANT,3.661412441986213,0.0,1,IDENTIFIED,0.366553357007777,2.0,7,0.05567336114645365,1,O00103,R076,PASTA,2024-01-05 14:09:36
65.03471007676023,24,2.0,13,5,74,0.5421828120633935,FOOD_TRUCK,3.1265420325537248,0.5,2,ANONYMOUS,0.32366545365746113,2.0,65,0.13822017641206316,0,O00104,R048,STREET_FOOD,2024-01-05 15:14:24
41.514288468044086,30,3.0,13,3,56,0.6091508011571575,CAFE,4.027925188301798,0.4,0,ANONYMOUS,0.6249110862338335,2.0,91,0.28875958460986495,0,O00105,R036,DESSERT,2024-01-05 16:19:12
48.13355677896559,14,3.0,14,6,98,0.6763155204173272,BAKERY,3.7481555951610934,0.0,2,ANONYMOUS,0.33460911786674546,2.0,20,0.14411512115957192,1,O00106,R063,BAKERY,2024-01-05 17:24:00
51.66238177332679,29,4.0,12,6,37,0.5298847421472868,CAFE,3.8703122217420067,1.0,1,IDENTIFIED,0.21980351535893627,2.0,28,0.05355354270692096,1,O00107,R002,SANDWICH,2024-01-05 18:28:48
29.476145077589635,18,1.5,19,2,70,0.23067163587164066,CATERING,3.1558426563006043,0.4,0,ANONYMOUS,0.370182128322185,2.0,31,0.01,1,O00108,R011,FINE_DINING,2024-01-05 19:33:36
60.68333670703714,31,3.0,14,3,190,0.5245813795613306,FOOD_TRUCK,4.057130138238625,0.4,0,IDENTIFIED,0.0,2.0,29,0.16741304406873547,1,O00109,R004,STREET_FOOD,2024-01-05 20:38:24
36.4893061586581,27,6.0,21,3,134,0.4634560375475949,RESTAURANT,3.676877650715725,0.5,2,ANONYMOUS,0.06350016308990478,2.0,51,0.01,1,O00110,R057,GRILL,2024-01-05 21:43:12
51.336047339540904,9,1.0,20,1,53,0.40704060898014277,RESTAURANT,3.648671761825324,0.25,4,IDENTIFIED,0.025865333785070735,2.0,12,0.01,1,O00111,R015,PASTA,2024-01-05 22:48:00
54.65366808187494,15,1.5,12,0,100,0.5347162980288388,CATERING,3.565011044514906,0.4,0,IDENTIFIED,0.4844774762000408,2.0,40,0.06708451014901678,0,O00112,R020,HEALTHY,2024-01-05 23:52:48
31.852129994433046,24,1.5,14,5,197,0.5268460298557917,FAST_FOOD,4.303746398295807,0.0,1,ANONYMOUS,0.10561380835596687,2.0,47,0.01,1,O00113,R054,PIZZA,2024-01-06 00:57:36
41.27166807934388,11,3.0,14,0,59,0.46341495999747473,FAST_FOOD,4.138788682416522,0.4,0,ANONYMOUS,0.44676028393914957,2.0,14,0.18079185987812285,0,O00114,R009,PIZZA,2024-01-06 02:02:24
44.08891076502608,10,3.0,10,2,181,0.5341902341998612,BAKERY,4.408458790532939,0.4,0,IDENTIFIED,0.16983218871455108,2.0,10,0.14919872697257208,1,O00115,R047,BREAKFAST,2024-01-06 03:07:12
44.31382431336505,21,1.5,13,3,160,0.43854426659665213,FAST_FOOD,3.5671859283757152,0.4,0,ANONYMOUS,0.24877386992574507,2.0,10,0.01,1,O00116,R024,PIZZA,2024-01-06 04:12:00
46.959322463887176,10,3.0,20,2,187,0.48823410722178257,RESTAURANT,3.676877650715725,0.6666666666666666,3,IDENTIFIED,0.4243884518486819,2.0,18,0.09069655294463139,0,O00117,R057,PASTA,2024-01-06 05:16:48
46.87356956911898,16,1.0,10,4,108,0.5450983938933778,CAFE,2.6189910336437396,1.0,1,IDENTIFIED,0.16410593516263736,2.0,14,0.10312029619316143,1,O00118,R061,CAFE,2024-01-06 06:21:36
44.58815807683207,9,4.0,21,1,76,0.45994877764278896,FOOD_TRUCK,3.1265420325537248,0.3333333333333333,3,ANONYMOUS,0.013354011881051009,2.0,26,0.08280987504819923,0,O00119,R048,BBQ,2024-01-06 07:26:24
40.19049355260505,17,8.0,8,6,134,0.5373930244045911,BAKERY,4.212748157693551,0.0,3,IDENTIFIED,0.15584938398665468,2.0,39,0.1893825264393807,0,O00120,R001,BREAKFAST,2024-01-06 08:31:12
31.486866962297583,31,4.0,21,3,36,0.4623756628062778,CATERING,3.593114160823445,0.0,1,IDENTIFIED,0.22916026920439372,2.0,25,0.09658687721034723,1,O00121,R067,GRILL,2024-01-06 09:36:00
49.61430074442033,31,2.0,13,6,123,0.5845540129973076,FOOD_TRUCK,4.092770052054342,0.0,1,ANONYMOUS,0.5113975584136053,2.0,96,0.08973031135044172,0,O00122,R007,BURGER,2024-01-06 10:40:48
44.67909174446936,29,1.5,19,5,193,0.45086133039047677,RESTAURANT,4.2836688861745555,0.4,0,IDENTIFIED,0.06486802959284593,2.0,52,0.19837725390269667,0,O00123,R003,PASTA,2024-01-06 11:45:36
25.556808640820428,20,4.0,21,5,88,0.45100514844864137,CATERING,3.593114160823445,0.5,2,ANONYMOUS,0.3468027197343634,2.0,13,0.06928818866556508,1,O00124,R067,GRILL,2024-01-06 12:50:24
54.313189614703305,9,4.0,12,2,87,0.4518772367640879,CATERING,3.9572043767813985,0.4,0,ANONYMOUS,0.5065257020001753,2.0,25,0.17023767983957588,0,O00125,R046,HEALTHY,2024-01-06 13:55:12
42.340781605564985,31,1.5,19,6,157,0.4528339858529843,FOOD_TRUCK,4.06441066239825,0.6666666666666666,3,ANONYMOUS,0.47788067001722545,2.0,57,0.15562104251838182,0,O00126,R023,BBQ,2024-01-06 15:00:00
43.94318447338045,8,2.0,13,1,64,0.46464796297169014,CATERING,3.2943012426991136,0.4,0,IDENTIFIED,0.5893242270829059,2.0,10,0.18619220620154,0,O00127,R019,HEALTHY,2024-01-06 16:04:48
15.0,21,5.0,8,1,180,0.5804741909616986,BAKERY,4.772361452468935,0.4,0,ANONYMOUS,0.0,2.0,33,0.07880734774637758,1,O00128,R040,BREAKFAST,2024-01-06 17:09:36
40.55461766650543,6,2.0,12,5,185,0.5233806064371986,CATERING,3.155638354146062,0.4,0,IDENTIFIED,0.39624561624463756,2.0,10,0.14427663300939794,0,O00129,R065,HEALTHY,2024-01-06 18:14:24
58.274593225055966,30,4.0,14,2,193,0.5367815258917553,FAST_FOOD,4.138788682416522,0.0,1,IDENTIFIED,0.30476396139664946,2.0,102,0.2001437172668365,0,O00130,R009,PIZZA,2024-01-06 19:19:12
57.29667568349697,22,3.0,13,2,107,0.6954780719829569,FOOD_TRUCK,3.800046416200278,0.4,0,ANONYMOUS,0.008878592804282992,2.0,20,0.01,1,O00131,R070,FAST_FOOD,2024-01-06 20:24:00
47.37430045591363,11,2.0,12,5,133,0.6180008269368733,FOOD_TRUCK,3.473217524366763,0.0,1,IDENTIFIED,0.37355697242057534,2.0,25,0.08883972872900196,0,O00132,R029,FAST_FOOD,2024-01-06 21:28:48
36.582263941377306,16,2.0,14,0,199,0.5084673518855368,FAST_FOOD,3.5920105952783357,0.0,1,IDENTIFIED,0.25641788197240295,2.0,10,0.1087148410975686,1,O00133,R026,BURGER,2024-01-06 22:33:36
37.07918391540785,14,0.5,14,1,201,0.6349842620010573,FOOD_TRUCK,3.1265420325537248,0.25,4,IDENTIFIED,0.09507476992280779,2.0,19,0.15174451851877796,1,O00134,R048,SANDWICH,2024-01-06 23:38:24
30.84779378334206,8,3.0,12,2,42,0.5767615924587407,BAKERY,4.212748157693551,0.0,4,IDENTIFIED,0.0,2.0,11,0.028185106950527714,0,O00135,R001,DESSERT,2024-01-07 00:43:12
36.64873231960128,19,1.0,11,0,176,0.5869178477626631,FOOD_TRUCK,4.057130138238625,1.0,1,IDENTIFIED,0.172373717137764,2.0,28,0.0438442480487417,1,O00136,R004,STREET_FOOD,2024-01-07 01:48:00
38.33640182719818,26,4.0,12,1,65,0.47526662809795533,FOOD_TRUCK,4.068682803097095,0.4,0,ANONYMOUS,0.31928510715048375,2.0,35,0.16510552160856976,0,O00137,R055,BURGER,2024-01-07 02:52:48
36.212335019739534,8,5.0,13,4,72,0.5657142326529182,FOOD_TRUCK,3.8641771950274,0.5,2,ANONYMOUS,0.23912185920775972,2.0,12,0.045903974668525374,0,O00138,R012,BURGER,2024-01-07 03:57:36
28.399378979363114,6,2.0,13,0,94,0.5147966995897733,FAST_FOOD,3.2572286068644694,1.0,1,ANONYMOUS,0.05046831479646047,2.0,7,0.08504123493419366,1,O00139,R066,SANDWICH,2024-01-07 05:02:24
45.528002532695446,30,5.0,12,4,110,0.5482436703251056,RESTAURANT,4.275105407534004,0.4,0,IDENTIFIED,0.0,2.0,99,0.19502089052798982,0,O00140,R079,HEALTHY,2024-01-07 06:07:12
23.099973213013058,16,1.5,20,3,57,0.4843667924596853,FOOD_TRUCK,3.4481366569876384,0.4,0,ANONYMOUS,0.18243820414563366,2.0,20,0.06963493168165721,1,O00141,R033,BBQ,2024-01-07 07:12:00
38.08421285958398,15,2.0,15,4,140,0.4922795138703413,FAST_FOOD,4.303746398295807,0.5,2,IDENTIFIED,0.17061369903826373,2.0,26,0.01,1,O00142,R054,STREET_FOOD,2024-01-07 08:16:48
50.97224409087917,22,1.5,20,1,128,0.3109521538129408,CATERING,3.6697323545196734,1.0,1,IDENTIFIED,0.3698851159246316,2.0,14,0.12511908883887862,1,O00143,R077,FINE_DINING,2024-01-07 09:21:36
40.28254498547034,17,8.0,14,3,207,0.5069517757467104,CATERING,3.3362233513389206,1.0,1,IDENTIFIED,0.5004363726289236,2.0,40,0.15756679417439554,1,O00144,R053,HEALTHY,2024-01-07 10:26:24
53.54744833241071,19,2.0,21,2,39,0.4991311574286424,FOOD_TRUCK,2.9985642990793835,1.0,1,IDENTIFIED,0.2904084479128964,2.0,23,0.19291025519133664,0,O00145,R014,BBQ,2024-01-07 11:31:12
34.69679564590468,5,1.0,21,1,25,0.4292512809097346,RESTAURANT,2.8789243804126032,0.4,0,ANONYMOUS,0.5409661018487922,2.0,11,0.2530010455968805,0,O00146,R039,PASTA,2024-01-07 12:36:00
38.55066196645526,21,1.5,12,0,191,0.611595419036736,FOOD_TRUCK,3.4481366569876384,1.0,1,ANONYMOUS,0.05848937470523147,2.0,40,0.01,0,O00147,R033,FAST_FOOD,2024-01-07 13:40:48
60.065276199082675,24,1.5,21,2,23,0.3723565816833108,RESTAURANT,3.0725152132050786,1.0,2,IDENTIFIED,0.05498417627060401,2.0,38,0.01,1,O00148,R025,FINE_DINING,2024-01-07 14:45:36
39.803037591097876,23,3.0,14,3,62,0.5809805070170676,FAST_FOOD,2.874421625611307,0.5,2,ANONYMOUS,0.0,2.0,43,0.1549913177250731,1,O00149,R016,SANDWICH,2024-01-07 15:50:24
44.767867965837645,18,6.0,14,6,17,0.45479895754006044,RESTAURANT,3.648671761825324,0.4,5,IDENTIFIED,0.25584757455274354,2.0,31,0.16332139924570827,1,O00150,R015,VEGETARIAN,2024-01-07 16:55:12
29.875155259399953,22,1.5,13,4,159,0.515358038977755,FOOD_TRUCK,3.473217524366763,0.0,2,IDENTIFIED,0.0007188525734626305,2.0,42,0.01,1,O00151,R029,SANDWICH,2024-01-07 18:00:00
58.522119621512445,21,2.0,9,1,198,0.5792971123905136,CAFE,3.2865102759945675,0.6666666666666666,3,ANONYMOUS,0.41136562911696334,2.0,55,0.03803052783875953,0,O00152,R027,BREAKFAST,2024-01-07 19:04:48
33.97406958318976,17,1.5,9,6,32,0.5008833779723263,CAFE,3.9450444623960856,0.0,1,IDENTIFIED,0.26787002476321453,2.0,14,0.03422258064541546,1,O00153,R075,BREAKFAST,2024-01-07 20:09:36
35.967380320293294,11,6.0,8,3,141,0.4690188434834798,CAFE,3.148280928470636,0.0,1,IDENTIFIED,0.08652076389820515,2.0,14,0.15907106998699405,0,O00154,R041,BRUNCH,2024-01-07 21:14:24
44.25628035865751,12,3.0,18,2,69,0.4927816666615217,FOOD_TRUCK,4.356993699800905,0.4,0,IDENTIFIED,0.08975832426915983,2.0,8,0.1142067967127115,1,O00155,R069,STREET_FOOD,2024-01-07 22:19:12
39.521492614301565,10,3.0,12,2,130,0.507582021247877,FOOD_TRUCK,4.092770052054342,0.0,2,IDENTIFIED,0.2654598340188639,2.0,33,0.15853283553892142,0,O00156,R007,BURGER,2024-01-07 23:24:00
36.63013806244423,18,4.0,14,1,138,0.5435147054832291,FAST_FOOD,3.5920105952783357,0.5,2,IDENTIFIED,0.44147829916329906,2.0,35,0.2298142603650991,0,O00157,R026,SANDWICH,2024-01-08 00:28:48
64.32619408309269,5,2.0,12,5,108,0.5555627561913712,FAST_FOOD,4.138788682416522,0.0,2,IDENTIFIED,0.2645592824550538,2.0,7,0.1865480351445663,0,O00158,R009,FAST_FOOD,2024-01-08 01:33:36
26.998308175189585,28,1.5,14,6,113,0.6005872055955884,FOOD_TRUCK,2.9985642990793835,0.5,2,IDENTIFIED,0.068338528510069,2.0,54,0.0454572253592287,1,O00159,R014,FAST_FOOD,2024-01-08 02:38:24
54.958658613980845,24,1.5,9,2,147,0.5341234463504884,CAFE,2.6189910336437396,1.0,2,IDENTIFIED,0.3924946587954848,2.0,26,0.01,1,O00160,R061,BREAKFAST,2024-01-08 03:43:12
52.20240751994873,16,5.0,13,1,81,0.5364177026619374,FAST_FOOD,2.874421625611307,0.6666666666666666,3,IDENTIFIED,0.4958812703401526,2.0,48,0.10057121848835526,0,O00161,R016,STREET_FOOD,2024-01-08 04:48:00
46.27435021630927,18,8.0,13,4,81,0.5158912254787912,FOOD_TRUCK,3.473217524366763,0.3333333333333333,3,IDENTIFIED,0.420078557182224,2.0,60,0.12431965617239875,0,O00162,R029,SANDWICH,2024-01-08 05:52:48
36.11624867616265,27,2.0,21,1,21,0.2437234333759255,CATERING,4.149333020747922,1.0,2,ANONYMOUS,0.0,2.0,12,0.10709411105770207,1,O00163,R034,FINE_DINING,2024-01-08 06:57:36
37.38428424010849,6,5.0,13,6,113,0.5363379220199894,FAST_FOOD,3.2572286068644694,1.0,2,ANONYMOUS,0.27641587038422133,2.0,6,0.08662147730703901,1,O00164,R066,BURGER,2024-01-08 08:02:24
46.07990476854714,30,1.0,12,6,208,0.6348329108146655,FOOD_TRUCK,3.800046416200278,1.0,1,ANONYMOUS,0.40441307177243935,2.0,77,0.05621702828929517,0,O00165,R070,FAST_FOOD,2024-01-08 09:07:12
45.3829434481782,22,1.0,14,2,102,0.6584554590019307,BAKERY,3.972432616097607,0.0,2,IDENTIFIED,0.1331058010571276,2.0,22,0.11886019773613818,1,O00166,R035,BAKERY,2024-01-08 10:12:00
69.47830368568482,6,3.0,20,1,44,0.3876349606023584,CATERING,3.8498216987959597,0.4,0,IDENTIFIED,0.426613192298598,2.0,9,0.1026862455624033,1,O00167,R052,PASTA,2024-01-08 11:16:48
58.109378192016834,11,1.5,21,3,174,0.3959390105942682,RESTAURANT,3.0725152132050786,1.0,3,ANONYMOUS,0.27423140328595264,2.0,14,0.06458560683749277,0,O00168,R025,SUSHI,2024-01-08 12:21:36
32.83907088539176,6,1.5,16,3,144,0.4954249082842703,FAST_FOOD,3.5920105952783357,0.3333333333333333,3,IDENTIFIED,0.14976797672677813,2.0,17,0.08049112583234927,0,O00169,R026,STREET_FOOD,2024-01-08 13:26:24
50.60105849232819,13,2.0,18,6,185,0.4722418590111199,FOOD_TRUCK,3.1265420325537248,0.4,5,IDENTIFIED,0.4354266999180214,2.0,25,0.07193443020938459,0,O00170,R048,STREET_FOOD,2024-01-08 14:31:12
48.772343977163864,28,5.0,12,1,64,0.47801387743778534,FAST_FOOD,3.616049105204268,0.4,0,ANONYMOUS,0.154354637852274,2.0,12,0.01,1,O00171,R080,PIZZA,2024-01-08 15:36:00
49.58779448892293,30,2.0,13,0,86,0.5406933851660524,FAST_FOOD,4.572960003829547,0.0,2,ANONYMOUS,0.29568847671967763,2.0,49,0.12557543817203728,0,O00172,R050,SANDWICH,2024-01-08 16:40:48
44.08960028332057,31,3.0,19,2,165,0.4113940333691548,CATERING,3.3362233513389206,0.5,2,IDENTIFIED,0.3369171399545399,2.0,12,0.04960596967187801,1,O00173,R053,PASTA,2024-01-08 17:45:36
43.16677851199013,16,1.0,21,3,124,0.45918341364623894,CATERING,4.045339710815144,1.0,2,IDENTIFIED,0.27770281570126193,2.0,21,0.08601954365233375,1,O00174,R044,PASTA,2024-01-08 18:50:24
69.23036519701151,24,3.0,11,0,57,0.46601366616622636,FAST_FOOD,4.303746398295807,0.6666666666666666,3,IDENTIFIED,0.5874699320831219,2.0,40,0.05648447428250865,0,O00175,R054,STREET_FOOD,2024-01-08 19:55:12
33.32807669401843,10,2.0,11,1,204,0.5063923034649045,FAST_FOOD,4.138788682416522,0.0,3,IDENTIFIED,0.0,2.0,12,0.13562364505205832,0,O00176,R009,STREET_FOOD,2024-01-08 21:00:00
55.4054340152668,11,3.0,12,5,109,0.5585367210052137,BAKERY,4.262169475601567,0.75,4,ANONYMOUS,0.5183419345791859,2.0,38,0.0772176602275207,0,O00177,R028,DESSERT,2024-01-08 22:04:48
40.428700689346414,12,2.0,14,2,49,0.4722008045552085,RESTAURANT,4.2836688861745555,0.0,1,IDENTIFIED,0.2937695573312792,2.0,16,0.15014935810366742,0,O00178,R003,HEALTHY,2024-01-08 23:09:36
57.82296865972327,16,3.0,12,1,112,0.4888764654915279,CAFE,3.148280928470636,0.0,2,IDENTIFIED,0.40811835521727247,2.0,51,0.3221944358844879,0,O00179,R041,SANDWICH,2024-01-09 00:14:24
37.880740203290806,18,1.0,19,1,156,0.3567864272861786,CATERING,3.1558426563006043,1.0,1,IDENTIFIED,0.18455707279393524,2.0,6,0.04568444949728573,1,O00180,R011,PASTA,2024-01-09 01:19:12
66.22457420234932,12,2.0,13,3,170,0.3694929797730503,CATERING,4.011723031358224,0.6666666666666666,3,IDENTIFIED,0.5740802521437103,2.0,27,0.14447514801059208,0,O00181,R043,HEALTHY,2024-01-09 02:24:00
39.755236694854695,6,2.0,21,1,86,0.4346533173460017,CATERING,3.8498216987959597,1.0,1,IDENTIFIED,0.0,2.0,9,0.01,0,O00182,R052,PASTA,2024-01-09 03:28:48
46.12905260969401,7,4.0,9,4,61,0.5567789548477304,BAKERY,4.408458790532939,1.0,1,ANONYMOUS,0.41337388628292543,2.0,11,0.1390755824087349,1,O00183,R047,BREAKFAST,2024-01-09 04:33:36
31.362395258619117,13,0.5,21,2,131,0.4323971330839702,FOOD_TRUCK,3.1265420325537248,0.3333333333333333,6,ANONYMOUS,0.5171423406709379,2.0,39,0.13702005979582985,0,O00184,R048,BBQ,2024-01-09 05:38:24
57.51117482110453,25,3.0,12,1,72,0.5525926167787073,BAKERY,4.262169475601567,0.6,5,IDENTIFIED,0.2098131863374542,2.0,28,0.18360694425997415,1,O00185,R028,DESSERT,2024-01-09 06:43:12
40.13876378823637,25,6.0,19,0,39,0.4044884817780284,RESTAURANT,3.3803185346678775,1.0,1,IDENTIFIED,0.29656151276783016,2.0,36,0.08298417171064228,1,O00186,R072,PASTA,2024-01-09 07:48:00
51.20845495740858,17,3.0,14,5,77,0.5290518401672893,FOOD_TRUCK,4.057130138238625,1.0,2,IDENTIFIED,0.1417252423239253,2.0,33,0.12941788226891715,1,O00187,R004,SANDWICH,2024-01-09 08:52:48
40.80042932287288,6,3.0,20,3,24,0.4323519710739266,RESTAURANT,4.271886734691434,0.0,2,IDENTIFIED,0.26382257102080636,2.0,9,0.01938420813173998,1,O00188,R018,PASTA,2024-01-09 09:57:36
32.187591648940575,19,5.0,21,3,147,0.4616293271146729,RESTAURANT,5.0,0.4,0,IDENTIFIED,0.44335587222231665,2.0,24,0.035753992403376234,1,O00189,R071,GRILL,2024-01-09 11:02:24
37.77123894199912,12,3.0,19,5,86,0.3469160081221876,FOOD_TRUCK,4.092770052054342,0.0,3,ANONYMOUS,0.5718340309123069,2.0,20,0.018224057984685738,0,O00190,R007,BBQ,2024-01-09 12:07:12
31.2027768681007,26,4.0,21,2,171,0.25926737870554967,RESTAURANT,4.977906180478754,0.5,2,IDENTIFIED,0.348554265305317,2.0,32,0.13177847558890463,1,O00191,R008,FINE_DINING,2024-01-09 13:12:00
52.82925002694566,25,3.0,19,0,200,0.5141450519500164,RESTAURANT,3.0725152132050786,0.75,4,ANONYMOUS,0.22553217739541737,2.0,34,0.14971570793755806,1,O00192,R025,SUSHI,2024-01-09 14:16:48
41.144670896561095,13,1.5,8,0,178,0.43630462151877314,CAFE,3.8703122217420067,1.0,2,ANONYMOUS,0.4614937877971662,2.0,26,0.14129035322208033,0,O00193,R002,BRUNCH,2024-01-09 15:21:36
43.43776906737078,30,5.0,14,6,176,0.5826706937350792,BAKERY,4.212748157693551,0.0,5,IDENTIFIED,0.28876397362057715,2.0,38,0.0952208290712283,1,O00194,R001,DESSERT,2024-01-09 16:26:24
59.53283483529693,5,3.0,14,3,100,0.47598809330226366,RESTAURANT,3.3803185346678775,1.0,2,ANONYMOUS,0.460151297044393,2.0,9,0.07904067809384079,0,O00195,R072,HEALTHY,2024-01-09 17:31:12
57.78250161147164,13,6.0,19,4,70,0.5084256350957296,CATERING,4.095963490352159,1.0,2,ANONYMOUS,0.38313818855771503,2.0,35,0.2617360362189567,0,O00196,R056,PASTA,2024-01-09 18:36:00
45.594456115872255,24,1.0,8,2,34,0.5862103760597582,BAKERY,3.3482373264265872,0.0,3,IDENTIFIED,0.43381152576577064,2.0,29,0.01,1,O00197,R042,BREAKFAST,2024-01-09 19:40:48
21.394255699189834,15,5.0,14,0,20,0.6112917517081885,FOOD_TRUCK,5.0,0.0,1,ANONYMOUS,0.5451888648537306,2.0,23,0.23186051396127907,0,O00198,R062,SANDWICH,2024-01-09 20:45:36
32.56051032375438,28,3.0,20,6,39,0.459787277019494,CATERING,3.593114160823445,0.6666666666666666,3,IDENTIFIED,0.3517100085446873,2.0,27,0.05756217351637165,1,O00199,R067,GRILL,2024-01-09 21:50:24
22.18028701545481,17,1.5,13,0,134,0.47817767492981833,RESTAURANT,3.648671761825324,0.5,6,IDENTIFIED,0.0,2.0,27,0.053397335646546286,1,O00200,R015,HEALTHY,2024-01-09 22:55:12
43.55269766292538,29,4.0,20,6,190,0.4735827236309701,FOOD_TRUCK,4.356993699800905,1.0,1,IDENTIFIED,0.21241584111512843,2.0,36,0.01,1,O00201,R069,BBQ,2024-01-10 00:00:00
42.121380112194146,27,3.0,14,0,188,0.7409196730391756,BAKERY,3.7481555951610934,0.3333333333333333,3,IDENTIFIED,0.4911964281233512,2.0,44,0.21743990436430916,0,O00202,R063,BAKERY,2024-01-10 01:04:48
59.92194394362323,27,2.0,12,6,186,0.6135923429796172,CAFE,2.6189910336437396,1.0,3,IDENTIFIED,0.36391218218245697,2.0,45,0.01,1,O00203,R061,DESSERT,2024-01-10 02:09:36
36.47460634776732,19,3.0,19,2,35,0.48951534751674924,FOOD_TRUCK,4.06441066239825,0.5,4,IDENTIFIED,0.09914272343193989,2.0,58,0.12428012636815143,0,O00204,R023,BBQ,2024-01-10 03:14:24
38.2932878449566,20,3.0,15,3,102,0.45676490989546037,FOOD_TRUCK,3.800046416200278,0.5,2,IDENTIFIED,0.04950677850272503,2.0,31,0.032081078307413954,1,O00205,R070,STREET_FOOD,2024-01-10 04:19:12
59.23688293050471,22,3.0,12,1,70,0.5414943020759121,CATERING,3.565011044514906,0.0,1,ANONYMOUS,0.20249147365048684,2.0,45,0.14042582883613605,0,O00206,R020,HEALTHY,2024-01-10 05:24:00
35.97773861287586,30,2.0,13,0,184,0.528297001132448,CATERING,4.011723031358224,0.5,4,IDENTIFIED,0.42416898651037394,2.0,54,0.19482478657288177,1,O00207,R043,HEALTHY,2024-01-10 06:28:48
44.950168956083765,13,1.5,21,6,63,0.3116482080452597,CATERING,3.3362233513389206,0.6666666666666666,3,IDENTIFIED,0.33507835839433947,2.0,16,0.06740419384816858,1,O00208,R053,FINE_DINING,2024-01-10 07:33:36
37.929268206415045,11,1.5,14,2,159,0.5596676445490295,FOOD_TRUCK,4.259311185253018,1.0,1,ANONYMOUS,0.0,2.0,13,0.18051846873612432,1,O00209,R032,FAST_FOOD,2024-01-10 08:38:24
49.10391451621719,11,3.0,14,1,152,0.5494079292591083,FOOD_TRUCK,2.9985642990793835,0.6666666666666666,3,ANONYMOUS,0.6733796653762177,2.0,33,0.021156867238218108,0,O00210,R014,BURGER,2024-01-10 09:43:12
27.646038449033227,5,1.5,14,0,156,0.5297409311701474,FAST_FOOD,3.5671859283757152,1.0,1,ANONYMOUS,0.3984235259137183,2.0,7,0.09019412200407194,1,O00211,R024,FAST_FOOD,2024-01-10 10:48:00
57.23371002542597,5,2.0,20,0,29,0.335520705787465,RESTAURANT,3.3528823975793207,1.0,1,IDENTIFIED,0.3398862175686165,2.0,8,0.07645603208601064,0,O00212,R037,SEAFOOD,2024-01-10 11:52:48
44.37920693897215,19,3.0,20,2,115,0.2970092431374109,CATERING,4.095963490352159,0.6666666666666666,3,ANONYMOUS,0.6691928638118434,2.0,32,0.1543717344624043,0,O00213,R056,FINE_DINING,2024-01-10 12:57:36
27.826835665873435,19,2.0,13,6,177,0.5251715846210758,FOOD_TRUCK,4.057130138238625,1.0,3,IDENTIFIED,0.18292000576504164,2.0,17,0.013890398511783586,1,O00214,R004,SANDWICH,2024-01-10 14:02:24
33.021726728003486,17,1.0,12,3,131,0.5783297442294624,CATERING,3.8498216987959597,0.5,2,ANONYMOUS,0.01384705855645496,2.0,6,0.13248358875606864,1,O00215,R052,HEALTHY,2024-01-10 15:07:12
28.628940531590114,25,2.0,9,3,131,0.5542545011481181,CAFE,2.6189910336437396,1.0,4,IDENTIFIED,0.0,2.0,49,0.04265363320219845,1,O00216,R061,CAFE,2024-01-10 16:12:00
52.908563697103716,8,4.0,10,5,58,0.48831984385896116,CAFE,3.148280928470636,0.0,3,IDENTIFIED,0.40994785585102844,2.0,14,0.35077926035320006,0,O00217,R041,BRUNCH,2024-01-10 17:16:48
35.06717085031432,25,2.0,20,3,62,0.2814479823459426,CATERING,4.011723031358224,0.6,5,IDENTIFIED,0.497322712465487,2.0,51,0.09386412088579985,0,O00218,R043,FINE_DINING,2024-01-10 18:21:36
56.20444816836668,17,6.0,13,5,143,0.5991836149460374,CAFE,3.148280928470636,0.0,4,IDENTIFIED,0.48958266823883756,2.0,24,0.11923087749233804,0,O00219,R041,SANDWICH,2024-01-10 19:26:24
63.71358849603412,11,6.0,13,3,22,0.6349711071567625,FAST_FOOD,3.6534868804950746,0.4,0,IDENTIFIED,0.08913878472506251,2.0,20,0.10635933252504874,0,O00220,R068,FAST_FOOD,2024-01-10 20:31:12
52.03446600578657,13,1.0,12,1,122,0.5002882824150549,RESTAURANT,3.676877650715725,0.5,4,IDENTIFIED,0.3879987332524857,2.0,19,0.13069866837517075,0,O00221,R057,SALAD,2024-01-10 21:36:00
54.76807953192911,24,8.0,13,4,32,0.6769798414805029,FOOD_TRUCK,4.068682803097095,0.0,1,ANONYMOUS,0.4225577168985605,2.0,37,0.2357071588296198,0,O00222,R055,FAST_FOOD,2024-01-10 22:40:48
35.024959932896834,16,1.0,8,6,194,0.5432850372229476,BAKERY,4.472397736270716,0.5,2,IDENTIFIED,0.628758300679289,2.0,24,0.2544735215059482,0,O00223,R006,BREAKFAST,2024-01-10 23:45:36
44.5139823571717,19,8.0,12,4,16,0.6097359566560215,BAKERY,3.972432616097607,0.3333333333333333,3,IDENTIFIED,0.3167878569010835,2.0,38,0.053114113391001694,0,O00224,R035,DESSERT,2024-01-11 00:50:24
20.877430990495483,29,5.0,10,3,145,0.5704055486245377,BAKERY,4.262169475601567,0.6666666666666666,6,ANONYMOUS,0.0,2.0,49,0.09702449647892657,0,O00225,R028,BREAKFAST,2024-01-11 01:55:12
56.68975347233657,19,2.0,21,2,170,0.43585634008828267,RESTAURANT,4.19117461888607,0.5,2,IDENTIFIED,0.014338463203881734,2.0,22,0.022770912116902416,1,O00226,R017,PASTA,2024-01-11 03:00:00
35.05306216810489,8,5.0,12,1,170,0.6462393930365938,BAKERY,3.972432616097607,0.25,4,ANONYMOUS,0.5398623625259465,2.0,14,0.027479949839021398,0,O00227,R035,BAKERY,2024-01-11 04:04:48
43.24044749039574,12,1.0,13,4,196,0.4885161204173555,FOOD_TRUCK,3.8641771950274,0.3333333333333333,3,IDENTIFIED,0.22319859298836164,2.0,16,0.10501554805089719,1,O00228,R012,STREET_FOOD,2024-01-11 05:09:36
34.33606552315946,18,1.5,13,0,26,0.5730368115418156,FOOD_TRUCK,3.1265420325537248,0.2857142857142857,7,ANONYMOUS,0.37770553382836913,2.0,22,0.09937738105315747,0,O00229,R048,STREET_FOOD,2024-01-11 06:14:24
55.6766270323706,25,6.0,12,1,34,0.46753442264201117,RESTAURANT,3.648671761825324,0.5714285714285714,7,IDENTIFIED,0.0,2.0,32,0.19498622054053638,1,O00230,R015,HEALTHY,2024-01-11 07:19:12
62.2005673758353,18,5.0,19,2,163,0.30097794887679147,CATERING,3.155638354146062,0.0,1,ANONYMOUS,0.16040182022641963,2.0,12,0.057031658016004044,1,O00231,R065,FINE_DINING,2024-01-11 08:24:00
45.21240048610797,16,2.0,19,3,42,0.3348732183205675,CATERING,3.3362233513389206,0.75,4,IDENTIFIED,0.14019637875324167,2.0,11,0.01,1,O00232,R053,PASTA,2024-01-11 09:28:48
42.36036557210615,13,0.5,18,4,50,0.48273541789878266,FAST_FOOD,4.310091164856999,0.4,0,IDENTIFIED,0.04099750840898719,2.0,18,0.037293079376002035,1,O00233,R074,STREET_FOOD,2024-01-11 10:33:36
27.14363114025677,5,3.0,9,0,167,0.5464107692035353,CAFE,2.8338030196367794,0.8,5,IDENTIFIED,0.2869637196303271,2.0,12,0.19125832881623364,0,O00234,R078,BREAKFAST,2024-01-11 11:38:24
28.47936580373159,29,2.0,19,2,94,0.41763831130779777,RESTAURANT,3.3803185346678775,0.6666666666666666,3,IDENTIFIED,0.7075907593831093,2.0,83,0.0161733733808071,0,O00235,R072,PASTA,2024-01-11 12:43:12
51.875574459838745,25,3.0,12,4,67,0.521499144642287,CAFE,3.9450444623960856,0.5,2,ANONYMOUS,0.3736719338872684,2.0,16,0.035832688200750855,1,O00236,R075,SANDWICH,2024-01-11 13:48:00
28.2952984063707,9,5.0,13,6,180,0.5051455729535214,FAST_FOOD,3.6534868804950746,0.0,1,IDENTIFIED,0.32800686490185504,2.0,30,0.03133892841129686,0,O00237,R068,PIZZA,2024-01-11 14:52:48
47.28554411525585,20,3.0,12,4,79,0.5509182301945356,CAFE,4.173402459689542,1.0,1,ANONYMOUS,0.11456072303322365,2.0,54,0.24077646823043247,0,O00238,R013,SANDWICH,2024-01-11 15:57:36
48.823639396757684,31,2.0,21,4,68,0.3844078404260636,CATERING,3.155638354146062,0.5,2,IDENTIFIED,0.0,2.0,37,0.07469599664781229,1,O00239,R065,PASTA,2024-01-11 17:02:24
39.210526166139935,19,5.0,12,2,34,0.5544669309215623,BAKERY,3.9279719162450872,0.4,0,IDENTIFIED,0.004731564816779735,2.0,17,0.0979544384910478,1,O00240,R030,DESSERT,2024-01-11 18:07:12
24.146827089152588,15,4.0,12,0,139,0.733068453034361,BAKERY,3.330716157192649,0.4,0,IDENTIFIED,0.0,2.0,30,0.22384236620938022,0,O00241,R059,BAKERY,2024-01-11 19:12:00
51.87191230809884,26,1.0,12,0,193,0.5556478810024784,FAST_FOOD,2.874421625611307,0.5,4,IDENTIFIED,0.6945847905714588,2.0,72,0.21499015735357185,0,O00242,R016,FAST_FOOD,2024-01-11 20:16:48
67.1589574575352,22,8.0,19,4,146,0.583048373876272,FOOD_TRUCK,3.4481366569876384,1.0,2,IDENTIFIED,0.72962851555627,2.0,26,0.14357266247707734,0,O00243,R033,STREET_FOOD,2024-01-11 21:21:36
57.58578899797232,5,1.5,14,3,26,0.48527193708043276,CATERING,3.3362233513389206,0.8,5,IDENTIFIED,0.1597282024774769,2.0,6,0.07406954229284188,1,O00244,R053,HEALTHY,2024-01-11 22:26:24
45.911731255886345,20,3.0,21,2,33,0.3833419604654482,RESTAURANT,4.2836688861745555,0.0,2,IDENTIFIED,0.3292625064043073,2.0,37,0.03312230003494578,1,O00245,R003,SEAFOOD,2024-01-11 23:31:12
55.788222096640574,21,1.0,8,0,83,0.5450558996148256,CAFE,2.6189910336437396,1.0,5,IDENTIFIED,0.3439324130515966,2.0,25,0.16041546814048133,0,O00246,R061,CAFE,2024-01-12 00:36:00
45.869791415601526,12,4.0,20,5,150,0.4648930224024122,CATERING,3.565011044514906,0.0,2,IDENTIFIED,0.3321591173459707,2.0,26,0.3537410703805348,0,O00247,R020,GRILL,2024-01-12 01:40:48
49.65755826070376,17,1.0,20,1,201,0.3817205831687493,FOOD_TRUCK,4.259311185253018,1.0,2,IDENTIFIED,0.09525077843845826,2.0,13,0.01,1,O00248,R032,BBQ,2024-01-12 02:45:36
21.86452714428946,13,5.0,19,5,107,0.4675444680391555,FOOD_TRUCK,4.06441066239825,0.4,5,IDENTIFIED,0.0,2.0,18,0.08303566670536294,0,O00249,R023,BBQ,2024-01-12 03:50:24
38.71233927679821,13,3.0,19,0,28,0.4676036566070158,FOOD_TRUCK,2.9985642990793835,0.5,4,IDENTIFIED,0.2810281010240324,2.0,19,0.22468422529134524,0,O00250,R014,BBQ,2024-01-12 04:55:12
56.96194977167768,19,4.0,10,4,174,0.5017421696635784,CAFE,2.8338030196367794,0.6666666666666666,6,IDENTIFIED,0.535432381424354,2.0,34,0.22167062568019794,0,O00251,R078,BRUNCH,2024-01-12 06:00:00
55.20372457885427,6,2.0,19,4,32,0.4216482426712648,RESTAURANT,2.8789243804126032,0.0,1,IDENTIFIED,0.551534709820543,2.0,20,0.14682971052820706,0,O00252,R039,PASTA,2024-01-12 07:04:48
42.247039792375894,17,6.0,12,0,77,0.406235181953299,RESTAURANT,3.648671761825324,0.625,8,IDENTIFIED,0.09705049301104013,2.0,43,0.05397692958229004,0,O00253,R015,HEALTHY,2024-01-12 08:09:36
53.90991522656652,16,3.0,16,3,71,0.4906107695380403,FAST_FOOD,4.572960003829547,0.0,3,IDENTIFIED,0.3365347128014015,2.0,35,0.16695653408481526,0,O00254,R050,STREET_FOOD,2024-01-12 09:14:24
42.46320478974558,7,2.0,12,5,180,0.5460053035081713,BAKERY,3.972432616097607,0.2,5,ANONYMOUS,0.04524797075819344,2.0,14,0.06987481406534425,0,O00255,R035,DESSERT,2024-01-12 10:19:12
37.114454071675475,10,3.0,21,2,81,0.4242979481078926,CATERING,3.6697323545196734,1.0,2,ANONYMOUS,0.0968199838192289,2.0,13,0.05716294228633203,1,O00256,R077,PASTA,2024-01-12 11:24:00
17.680592237440337,5,0.5,13,0,79,0.5149122850084372,FOOD_TRUCK,5.0,0.0,2,IDENTIFIED,0.13504068271582997,2.0,4,0.02816389256492162,1,O00257,R062,BURGER,2024-01-12 12:28:48
40.39427664308423,20,2.0,12,2,150,0.4456449101630794,RESTAURANT,4.271886734691434,0.3333333333333333,3,ANONYMOUS,0.12665466769859843,2.0,11,0.07573538617044455,1,O00258,R018,SALAD,2024-01-12 13:33:36
54.7118793977901,13,2.0,13,6,201,0.48606163183061063,RESTAURANT,2.8789243804126032,0.0,2,IDENTIFIED,0.059591128574587315,2.0,32,0.0995064586646133,0,O00259,R039,HEALTHY,2024-01-12 14:38:24
41.05934796350503,11,3.0,21,0,204,0.43303301751115203,FOOD_TRUCK,3.4481366569876384,0.6666666666666666,3,IDENTIFIED,0.14320881129426938,2.0,29,0.20230637736968252,0,O00260,R033,BBQ,2024-01-12 15:43:12
39.86482730750495,27,5.0,13,6,173,0.6113562400470189,BAKERY,4.472397736270716,0.3333333333333333,3,ANONYMOUS,0.45659778436908904,2.0,64,0.12025409635907315,1,O00261,R006,DESSERT,2024-01-12 16:48:00
63.25063647383966,24,4.0,20,4,26,0.4068417125180547,CATERING,4.011723031358224,0.5,6,IDENTIFIED,0.1635682749292343,2.0,28,0.015806573747746744,1,O00262,R043,GRILL,2024-01-12 17:52:48
15.0,9,3.0,13,5,123,0.49681291319104515,CATERING,3.797182973303961,1.0,2,ANONYMOUS,0.14195781244129912,2.0,2,0.01,1,O00263,R051,HEALTHY,2024-01-12 18:57:36
39.60204005336193,7,2.0,12,0,186,0.612867034768439,BAKERY,3.3482373264265872,0.25,4,IDENTIFIED,0.25384089733243287,2.0,17,0.13933760928563305,0,O00264,R042,BAKERY,2024-01-12 20:02:24
45.71031803579863,10,6.0,9,5,190,0.5950084772231786,CAFE,3.2865102759945675,0.5,4,IDENTIFIED,0.22972441330102006,2.0,29,0.09995054832090776,0,O00265,R027,CAFE,2024-01-12 21:07:12
30.434899350802546,27,6.0,9,2,100,0.5295666176378794,BAKERY,4.772361452468935,1.0,1,IDENTIFIED,0.0,2.0,49,0.1079287330491642,1,O00266,R040,BREAKFAST,2024-01-12 22:12:00
51.51594238765452,29,4.0,20,4,124,0.41147811673234747,FOOD_TRUCK,3.1265420325537248,0.375,8,IDENTIFIED,0.08068630567535783,2.0,50,0.01,1,O00267,R048,BBQ,2024-01-12 23:16:48
54.33299042248327,14,4.0,12,5,91,0.585677493217153,FAST_FOOD,4.310091164856999,1.0,1,IDENTIFIED,0.6317690951295307,2.0,35,0.3651557962612929,0,O00268,R074,FAST_FOOD,2024-01-13 00:21:36
23.739328251952916,21,6.0,13,1,152,0.5552331701135069,CAFE,4.027925188301798,0.0,1,IDENTIFIED,0.2682142120315266,2.0,25,0.08701187465954316,1,O00269,R036,SANDWICH,2024-01-13 01:26:24
38.51868440380582,26,2.0,10,0,113,0.6270005120694341,BAKERY,3.237076379057974,0.42857142857142855,7,ANONYMOUS,0.08542187664006083,2.0,8,0.01,1,O00270,R031,BREAKFAST,2024-01-13 02:31:12
45.83589138433841,24,1.5,12,5,130,0.6776346775672747,FAST_FOOD,3.5920105952783357,0.25,4,ANONYMOUS,0.2943745287466701,2.0,47,0.029506885480738113,0,O00271,R026,FAST_FOOD,2024-01-13 03:36:00
54.236805004175764,17,5.0,19,0,183,0.5225557814262667,FOOD_TRUCK,4.057130138238625,1.0,4,IDENTIFIED,0.27396124236813535,2.0,56,0.01,0,O00272,R004,BBQ,2024-01-13 04:40:48
54.69702178103898,28,5.0,9,3,50,0.5555182707760019,CAFE,2.8338030196367794,0.5714285714285714,7,IDENTIFIED,0.5745358540428837,2.0,82,0.12101922247220785,0,O00273,R078,BRUNCH,2024-01-13 05:45:36
42.49843326549385,8,2.0,19,2,174,0.26178753964720763,RESTAURANT,4.275105407534004,0.0,1,IDENTIFIED,0.20975234972255813,2.0,12,0.12450903367861527,1,O00274,R079,FINE_DINING,2024-01-13 06:50:24
49.55054605286974,15,4.0,12,3,72,0.6064609860861538,FOOD_TRUCK,3.8641771950274,0.5,4,ANONYMOUS,0.36360891775872006,2.0,47,0.1297314577639266,0,O00275,R012,FAST_FOOD,2024-01-13 07:55:12
50.88182232064165,5,1.0,18,2,112,0.44782088769013895,RESTAURANT,5.0,1.0,1,IDENTIFIED,0.09523209776266808,2.0,8,0.17077786516681875,0,O00276,R071,VEGETARIAN,2024-01-13 09:00:00
58.68399464084819,20,3.0,19,6,150,0.23838582496606356,RESTAURANT,4.977906180478754,0.6666666666666666,3,ANONYMOUS,0.150998588584042,2.0,21,0.023008101260972087,1,O00277,R008,FINE_DINING,2024-01-13 10:04:48
35.211282963504644,29,3.0,21,6,140,0.43408011815750525,CATERING,3.565011044514906,0.0,3,ANONYMOUS,0.038259480811374424,2.0,11,0.15236666089792833,1,O00278,R020,PASTA,2024-01-13 11:09:36
49.97438574393103,24,2.0,13,3,20,0.6870742365430617,BAKERY,3.330716157192649,0.0,1,ANONYMOUS,0.10072924233954078,2.0,17,0.1973616358771988,1,O00279,R059,BAKERY,2024-01-13 12:14:24
52.41945146425502,25,1.5,10,2,76,0.5023862604732653,CAFE,2.6189910336437396,0.8333333333333334,6,ANONYMOUS,0.30683913605041696,2.0,81,0.18460606742598532,0,O00280,R061,BREAKFAST,2024-01-13 13:19:12
46.70802827302841,31,1.0,13,1,89,0.5558006675726025,FAST_FOOD,4.572960003829547,0.0,4,IDENTIFIED,0.20717188774025655,2.0,99,0.2477858593290847,0,O00281,R050,BURGER,2024-01-13 14:24:00
36.14636902768315,5,4.0,14,0,48,0.5179256857850683,RESTAURANT,4.271886734691434,0.5,4,IDENTIFIED,0.056491653202719094,2.0,13,0.1456108414692902,0,O00282,R018,SALAD,2024-01-13 15:28:48
50.741352251933456,11,3.0,13,0,161,0.5840889143558212,BAKERY,4.2831476657189995,0.0,1,ANONYMOUS,0.36741542079075734,2.0,19,0.20894067953626938,0,O00283,R005,BAKERY,2024-01-13 16:33:36
35.46907310546765,11,2.0,19,1,145,0.39194623400944634,CATERING,3.2943012426991136,0.0,1,IDENTIFIED,0.30439014104575685,2.0,19,0.16588586135051572,1,O00284,R019,PASTA,2024-01-13 17:38:24
40.94260202214648,9,3.0,14,6,139,0.569074914547857,FOOD_TRUCK,4.356993699800905,1.0,2,IDENTIFIED,0.057377149367129204,2.0,6,0.196534324112379,1,O00285,R069,SANDWICH,2024-01-13 18:43:12
38.28336474896764,22,3.0,12,6,127,0.5741035917719353,BAKERY,4.772361452468935,1.0,2,IDENTIFIED,0.36431722409910505,2.0,14,0.12363037463763796,1,O00286,R040,DESSERT,2024-01-13 19:48:00
43.178630502491146,10,4.0,12,0,63,0.4706859713553766,CATERING,3.565011044514906,0.25,4,ANONYMOUS,0.09543755834811951,2.0,29,0.05195477335758787,0,O00287,R020,HEALTHY,2024-01-13 20:52:48
19.808931748712673,11,5.0,19,1,47,0.3054749328275754,RESTAURANT,4.977906180478754,0.75,4,ANONYMOUS,0.052637698899726124,2.0,26,0.08933966381811248,0,O00288,R008,FINE_DINING,2024-01-13 21:57:36
28.44737441148892,15,6.0,20,6,147,0.37547096469266794,RESTAURANT,4.2836688861745555,0.3333333333333333,3,IDENTIFIED,0.039144910390803284,2.0,29,0.01,1,O00289,R003,SEAFOOD,2024-01-13 23:02:24
28.278775185380365,23,3.0,15,1,195,0.4784097567950088,FAST_FOOD,3.2572286068644694,1.0,3,ANONYMOUS,0.1629512247710268,2.0,7,0.06749996224743024,1,O00290,R066,STREET_FOOD,2024-01-14 00:07:12
41.23511800589675,22,4.0,13,4,95,0.4843184156706824,FAST_FOOD,3.5920105952783357,0.2,5,ANONYMOUS,0.3102826566742414,2.0,34,0.1624683478980418,0,O00291,R026,PIZZA,2024-01-14 01:12:00
59.643912758906055,27,3.0,19,5,41,0.39785647563291077,RESTAURANT,4.19117461888607,0.6666666666666666,3,ANONYMOUS,0.2100808559682662,2.0,74,0.3676235515926112,0,O00292,R017,SEAFOOD,2024-01-14 02:16:48
34.92434778727042,19,0.5,12,3,155,0.6028397886169979,BAKERY,4.408458790532939,1.0,2,ANONYMOUS,0.2870304640713214,2.0,25,0.05433248444446345,1,O00293,R047,DESSERT,2024-01-14 03:21:36
35.41821173100663,31,3.0,12,3,22,0.5259999865771893,FAST_FOOD,3.346535331369818,0.0,1,ANONYMOUS,0.17837314885111039,2.0,47,0.10779221216057862,1,O00294,R010,PIZZA,2024-01-14 04:26:24
42.219451927374294,30,2.0,13,2,86,0.5122351418253794,FAST_FOOD,3.5671859283757152,1.0,2,IDENTIFIED,0.253194113944807,2.0,13,0.01,1,O00295,R024,BURGER,2024-01-14 05:31:12
48.518803195693245,19,6.0,12,2,78,0.6218435692332571,FAST_FOOD,3.142288194926028,0.0,1,ANONYMOUS,0.14663653834032703,2.0,27,0.28599032142456926,0,O00296,R022,FAST_FOOD,2024-01-14 06:36:00
37.277391723600665,8,6.0,12,0,18,0.5868243385034922,FOOD_TRUCK,3.4481366569876384,0.5,4,IDENTIFIED,0.13120636965007754,2.0,15,0.01,1,O00297,R033,FAST_FOOD,2024-01-14 07:40:48
46.613358005208326,18,3.0,16,0,115,0.5080037843565315,FAST_FOOD,3.616049105204268,1.0,1,IDENTIFIED,0.12417713399810651,2.0,11,0.09872782002885877,1,O00298,R080,STREET_FOOD,2024-01-14 08:45:36
34.21590480513143,18,2.0,13,3,145,0.4889258721605129,FAST_FOOD,3.5671859283757152,1.0,3,IDENTIFIED,0.3022855392629622,2.0,31,0.07553720145065462,1,O00299,R024,STREET_FOOD,2024-01-14 09:50:24
45.82347651003843,15,3.0,13,3,143,0.46683785311807136,RESTAURANT,3.3803185346678775,0.5,4,ANONYMOUS,0.4258655797239737,2.0,37,0.16254468389468418,0,O00300,R072,HEALTHY,2024-01-14 10:55:12
41.94487108696123,26,3.0,12,6,129,0.5344781169887387,CAFE,4.173402459689542,0.5,2,ANONYMOUS,0.28729230326879224,2.0,60,0.2093092987988032,0,O00301,R013,SANDWICH,2024-01-14 12:00:00
44.09831727086633,27,3.0,21,1,49,0.4736442605772223,RESTAURANT,4.275105407534004,0.5,2,ANONYMOUS,0.1650120235011706,2.0,52,0.12998796239873106,1,O00302,R079,GRILL,2024-01-14 13:04:48
62.97079901797166,8,8.0,12,4,199,0.6057093720775052,FAST_FOOD,3.5920105952783357,0.16666666666666666,6,IDENTIFIED,0.3744343373788541,2.0,15,0.03770320257785029,0,O00303,R026,SANDWICH,2024-01-14 14:09:36
46.55659624140105,21,1.5,12,3,201,0.47384801436867563,FAST_FOOD,4.310091164856999,0.5,2,IDENTIFIED,0.10502246952240951,2.0,31,0.061513027350697747,0,O00304,R074,PIZZA,2024-01-14 15:14:24
15.0,10,3.0,9,3,60,0.5395158310902148,BAKERY,4.212748157693551,0.16666666666666666,6,ANONYMOUS,0.9180607233383198,2.0,34,0.16568368073318687,0,O00305,R001,BREAKFAST,2024-01-14 16:19:12
72.35581430692389,23,0.5,19,1,33,0.47650104519125125,RESTAURANT,4.19117461888607,0.5,4,IDENTIFIED,0.3157843582580034,2.0,16,0.04669756164811678,1,O00306,R017,GRILL,2024-01-14 17:24:00
45.65650304771474,11,1.5,21,1,134,0.33052298005095915,RESTAURANT,3.0725152132050786,0.8,5,ANONYMOUS,0.524166608318358,2.0,19,0.21106860198677202,0,O00307,R025,PASTA,2024-01-14 18:28:48
52.06302131171321,16,1.5,20,1,76,0.4531295172381154,FOOD_TRUCK,3.473217524366763,0.25,4,IDENTIFIED,0.37695097722684756,2.0,29,0.08476706744064032,1,O00308,R029,STREET_FOOD,2024-01-14 19:33:36
51.43630550854493,6,1.0,8,3,91,0.5546072353261117,CAFE,3.8703122217420067,0.6666666666666666,3,IDENTIFIED,0.14168171788014725,2.0,3,0.029110393931485706,1,O00309,R002,BREAKFAST,2024-01-14 20:38:24
18.966235137690045,14,1.5,9,1,86,0.5473522946924496,BAKERY,3.8497693798953305,0.4,0,IDENTIFIED,0.3344549972766424,2.0,24,0.11618933305127993,1,O00310,R058,BREAKFAST,2024-01-14 21:43:12
35.58334711857751,24,6.0,15,5,152,0.5004211573953471,FAST_FOOD,4.572960003829547,0.0,5,IDENTIFIED,0.34406608312591275,2.0,44,0.10072704127362894,0,O00311,R050,STREET_FOOD,2024-01-14 22:48:00
39.932323539426456,7,1.5,13,2,20,0.5198464975549787,FOOD_TRUCK,3.8641771950274,0.4,5,IDENTIFIED,0.15049713250302585,2.0,12,0.23573022951896083,0,O00312,R012,BURGER,2024-01-14 23:52:48
50.2227477832773,5,3.0,21,6,135,0.3113376574297855,RESTAURANT,4.19117461888607,0.6,5,ANONYMOUS,0.0802359551192246,2.0,3,0.14266528815583263,1,O00313,R017,FINE_DINING,2024-01-15 00:57:36
48.63636063382424,16,5.0,13,4,72,0.5795532666565769,FAST_FOOD,3.346535331369818,0.5,2,IDENTIFIED,0.15195403471690302,2.0,24,0.09196687465312536,1,O00314,R010,PIZZA,2024-01-15 02:02:24
45.344570991265584,21,4.0,9,5,112,0.6103487849329032,BAKERY,3.237076379057974,0.5,8,ANONYMOUS,0.0,2.0,40,0.1244297449463003,1,O00315,R031,BREAKFAST,2024-01-15 03:07:12
50.13942949812162,6,1.5,15,6,116,0.5178557842004076,FAST_FOOD,4.572960003829547,0.16666666666666666,6,IDENTIFIED,0.10219421129523941,2.0,7,0.08645239752687832,1,O00316,R050,STREET_FOOD,2024-01-15 04:12:00
41.01678435973076,9,4.0,12,5,170,0.5987458119729399,FAST_FOOD,3.346535331369818,0.6666666666666666,3,IDENTIFIED,0.3456291078610006,2.0,11,0.09667197588528634,0,O00317,R010,FAST_FOOD,2024-01-15 05:16:48
51.56152554933385,13,3.0,14,1,100,0.4950292119044942,RESTAURANT,3.0725152132050786,0.6666666666666666,6,IDENTIFIED,0.0,2.0,8,0.09270019785652533,1,O00318,R025,HEALTHY,2024-01-15 06:21:36
40.36487212889488,5,3.0,19,2,63,0.2670357400294398,RESTAURANT,3.676877650715725,0.4,5,IDENTIFIED,0.17429671826244636,2.0,9,0.04633583336781015,1,O00319,R057,FINE_DINING,2024-01-15 07:26:24
38.55264335752165,30,8.0,20,4,142,0.38960091294662974,RESTAURANT,4.2836688861745555,0.5,4,IDENTIFIED,0.09898117979968457,2.0,50,0.23935770826801628,1,O00320,R003,SUSHI,2024-01-15 08:31:12
49.60414121685866,16,1.0,21,3,156,0.3893857793951878,RESTAURANT,4.19117461888607,0.6666666666666666,6,IDENTIFIED,0.08565088715380897,2.0,9,0.2095288625662518,1,O00321,R017,PASTA,2024-01-15 09:36:00
43.35800544551966,5,3.0,14,0,160,0.5610300920179964,FOOD_TRUCK,3.1265420325537248,0.4444444444444444,9,ANONYMOUS,0.09556492078298576,2.0,10,0.2301554514569839,0,O00322,R048,BURGER,2024-01-15 10:40:48
31.000182630275233,14,3.0,11,1,28,0.4817449799153683,FOOD_TRUCK,4.092770052054342,0.0,4,IDENTIFIED,0.24573247098418577,2.0,23,0.06182030150945149,0,O00323,R007,STREET_FOOD,2024-01-15 11:45:36
35.690762274120154,25,1.5,14,3,205,0.4693391821208452,RESTAURANT,4.271886734691434,0.4,5,IDENTIFIED,0.20104068821709006,2.0,79,0.1231111611959147,0,O00324,R018,SALAD,2024-01-15 12:50:24
66.93314193617287,17,3.0,14,5,114,0.5847750061173453,CAFE,3.2865102759945675,0.4,5,ANONYMOUS,0.30578974833211486,2.0,33,0.08518057542567808,0,O00325,R027,DESSERT,2024-01-15 13:55:12
27.020262879310202,27,1.0,8,5,20,0.5844479153621598,CAFE,3.9450444623960856,0.6666666666666666,3,IDENTIFIED,0.3122549801453652,2.0,45,0.01,1,O00326,R075,CAFE,2024-01-15 15:00:00
34.04566295731541,5,4.0,9,5,162,0.5701460115009622,BAKERY,3.8497693798953305,1.0,1,IDENTIFIED,0.0,2.0,9,0.23636060412849247,0,O00327,R058,BREAKFAST,2024-01-15 16:04:48
47.79429707254161,6,1.0,12,4,189,0.5933196434758806,BAKERY,4.472397736270716,0.25,4,IDENTIFIED,0.3083533607450243,2.0,2,0.01,1,O00328,R006,BAKERY,2024-01-15 17:09:36
46.81949443183738,9,2.0,20,2,129,0.40627469367953,FOOD_TRUCK,4.356993699800905,1.0,3,IDENTIFIED,0.49381233668879987,2.0,2,0.08061917146878621,1,O00329,R069,BBQ,2024-01-15 18:14:24
49.64651584334598,5,3.0,21,6,116,0.4648851207933963,CATERING,4.045339710815144,1.0,3,ANONYMOUS,0.6565746211890964,2.0,15,0.10908433902188665,0,O00330,R044,PASTA,2024-01-15 19:19:12
48.02557393840657,27,1.0,19,4,54,0.431700617741422,RESTAURANT,4.2836688861745555,0.6,5,ANONYMOUS,0.44124265820507674,2.0,51,0.012730256065297596,1,O00331,R003,SUSHI,2024-01-15 20:24:00
42.05517049312747,30,0.5,14,0,19,0.5291729972526166,RESTAURANT,3.676877650715725,0.5,6,IDENTIFIED,0.06471415431407397,2.0,46,0.027357462244339548,1,O00332,R057,HEALTHY,2024-01-15 21:28:48
60.58792202014418,20,4.0,14,3,50,0.47892176654259166,CATERING,3.1558426563006043,1.0,2,IDENTIFIED,0.10604479675779431,2.0,16,0.01,1,O00333,R011,HEALTHY,2024-01-15 22:33:36
37.398529743477766,29,3.0,21,3,205,0.4304454626543654,RESTAURANT,5.0,0.5,2,IDENTIFIED,0.4060612214965499,2.0,42,0.12527096543062688,0,O00334,R071,SEAFOOD,2024-01-15 23:38:24
38.35724139218497,24,4.0,19,1,53,0.3766917271085274,RESTAURANT,4.271886734691434,0.3333333333333333,6,ANONYMOUS,0.5048052285629099,2.0,75,0.20382873602234156,0,O00335,R018,PASTA,2024-01-16 00:43:12
41.43526913296564,19,3.0,14,5,54,0.6335863707419355,BAKERY,4.472397736270716,0.4,5,IDENTIFIED,0.5782339967496826,2.0,55,0.1760869826963058,0,O00336,R006,BAKERY,2024-01-16 01:48:00
56.15370839626408,21,0.5,21,5,68,0.3836200921530692,RESTAURANT,2.8789243804126032,0.0,3,IDENTIFIED,0.3026018847754176,2.0,19,0.10353737724466594,1,O00337,R039,SUSHI,2024-01-16 02:52:48
45.95136771275405,30,4.0,13,1,119,0.6130519577372624,CAFE,3.091917580299283,0.2,5,ANONYMOUS,0.06055661028277806,2.0,51,0.08273140449750134,0,O00338,R064,DESSERT,2024-01-16 03:57:36
55.54077598925349,12,1.5,13,0,20,0.4701735899649853,FAST_FOOD,3.2572286068644694,1.0,4,IDENTIFIED,0.19458649239227419,2.0,37,0.22172350927851892,0,O00339,R066,BURGER,2024-01-16 05:02:24
40.00153289097328,9,2.0,13,0,186,0.4958006087636648,FOOD_TRUCK,4.068682803097095,0.0,2,ANONYMOUS,0.2693527365711663,2.0,11,0.06849949293644224,0,O00340,R055,BURGER,2024-01-16 06:07:12
44.06722649067142,11,3.0,14,4,80,0.556285192128331,CAFE,3.2865102759945675,0.3333333333333333,6,IDENTIFIED,0.09288062579589776,2.0,9,0.21682847607878725,1,O00341,R027,SANDWICH,2024-01-16 07:12:00
54.624886383082696,31,3.0,17,1,208,0.5235597804189931,FOOD_TRUCK,3.473217524366763,0.4,5,IDENTIFIED,0.0,2.0,43,0.01,1,O00342,R029,STREET_FOOD,2024-01-16 08:16:48
37.3307174551309,28,2.0,9,6,139,0.5850262212741321,CAFE,3.091917580299283,0.16666666666666666,6,ANONYMOUS,0.3745611707200589,2.0,52,0.10956537912143907,0,O00343,R064,BREAKFAST,2024-01-16 09:21:36
58.371330505365094,5,1.0,8,6,67,0.5744400783930105,BAKERY,3.330716157192649,0.5,2,IDENTIFIED,0.24728867402053142,2.0,5,0.01,1,O00344,R059,BREAKFAST,2024-01-16 10:26:24
42.012091861687196,28,2.0,13,2,51,0.47806064398117376,RESTAURANT,3.0725152132050786,0.7142857142857143,7,ANONYMOUS,0.029238188055887793,2.0,13,0.07053924750773088,1,O00345,R025,HEALTHY,2024-01-16 11:31:12
46.73691216940811,24,1.5,20,5,31,0.40991885110153764,FOOD_TRUCK,3.1265420325537248,0.4,10,IDENTIFIED,0.0,2.0,35,0.01,1,O00346,R048,BBQ,2024-01-16 12:36:00
42.36212214316288,28,3.0,13,2,108,0.49682607767000203,FAST_FOOD,3.973582751974687,0.0,1,ANONYMOUS,0.3352992368355464,2.0,10,0.050396002092424806,1,O00347,R060,PIZZA,2024-01-16 13:40:48
42.5540705807934,24,2.0,12,2,206,0.42409344476219285,CATERING,3.593114160823445,0.75,4,IDENTIFIED,0.46095341279320373,2.0,66,0.1405387627281298,0,O00348,R067,HEALTHY,2024-01-16 14:45:36
72.63035244031381,14,0.5,13,5,152,0.5301245657669087,FOOD_TRUCK,4.259311185253018,1.0,3,ANONYMOUS,0.12674381219228767,2.0,22,0.15604281418111227,1,O00349,R032,SANDWICH,2024-01-16 15:50:24
72.12001310477643,27,5.0,20,2,46,0.45944696191562845,CATERING,4.095963490352159,0.5,4,IDENTIFIED,0.17550436392123656,2.0,11,0.11588164954018598,1,O00350,R056,PASTA,2024-01-16 16:55:12
42.49696346509206,19,3.0,14,6,164,0.4593350095210104,CATERING,4.455128624198876,1.0,1,IDENTIFIED,0.3306993183004968,2.0,29,0.10993453532158215,1,O00351,R073,HEALTHY,2024-01-16 18:00:00
46.88158061140732,29,1.5,21,3,79,0.490381890777972,RESTAURANT,3.648671761825324,0.5555555555555556,9,IDENTIFIED,0.13592858468012364,2.0,24,0.15599265820818412,1,O00352,R015,PASTA,2024-01-16 19:04:48
30.903425549511663,16,5.0,19,6,74,0.4518777476011286,RESTAURANT,3.0725152132050786,0.75,8,IDENTIFIED,0.44021534546838553,2.0,35,0.14730350177403637,0,O00353,R025,PASTA,2024-01-16 20:09:36
30.32506008801765,18,5.0,21,4,36,0.332364699535424,CATERING,3.565011044514906,0.2,5,ANONYMOUS,0.1375213745843814,2.0,32,0.15509687707289743,0,O00354,R020,FINE_DINING,2024-01-16 21:14:24
25.013256644678293,31,1.5,19,4,58,0.35725908455709665,CATERING,4.386289126933204,0.5,2,ANONYMOUS,0.073638066416887,2.0,102,0.22462678145031256,0,O00355,R038,FINE_DINING,2024-01-16 22:19:12
15.0,17,4.0,12,5,39,0.5758880873974022,BAKERY,3.237076379057974,0.5555555555555556,9,IDENTIFIED,0.2864765772612564,2.0,47,0.1686682120811229,0,O00356,R031,BAKERY,2024-01-16 23:24:00
27.91619589556781,22,2.0,20,4,173,0.5149434871189155,CATERING,3.3362233513389206,0.6666666666666666,6,IDENTIFIED,0.34524222181674546,2.0,40,0.18009666616913717,0,O00357,R053,GRILL,2024-01-17 00:28:48
32.22055943482796,26,1.0,20,0,185,0.29707878916714797,RESTAURANT,4.275105407534004,0.6666666666666666,3,ANONYMOUS,0.11093870860623964,2.0,20,0.11063713101351744,1,O00358,R079,PASTA,2024-01-17 01:33:36
52.1313463105734,16,1.5,11,3,156,0.5245037199878639,FAST_FOOD,3.616049105204268,1.0,2,IDENTIFIED,0.3121830398819491,2.0,47,0.18047080516282876,0,O00359,R080,STREET_FOOD,2024-01-17 02:38:24
61.550757757343774,27,1.0,14,2,72,0.4217345077466289,FAST_FOOD,4.138788682416522,0.0,4,IDENTIFIED,0.6433912935876228,2.0,70,0.11122706570661543,0,O00360,R009,PIZZA,2024-01-17 03:43:12
42.3510978875451,6,3.0,10,2,113,0.5572210904964788,CAFE,3.9450444623960856,0.75,4,IDENTIFIED,0.6590707772713419,2.0,11,0.105431059163759,0,O00361,R075,BRUNCH,2024-01-17 04:48:00
62.90676601133575,15,2.0,14,2,193,0.7296394751955456,BAKERY,4.2831476657189995,0.0,2,ANONYMOUS,0.25773258028312923,2.0,22,0.14539636528542896,0,O00362,R005,BAKERY,2024-01-17 05:52:48
34.62096763764566,19,2.0,9,5,28,0.6235800801129026,CAFE,4.027925188301798,0.5,2,IDENTIFIED,0.0,2.0,22,0.01,1,O00363,R036,BREAKFAST,2024-01-17 06:57:36
35.6374892885302,22,2.0,12,3,207,0.44824352901642134,FAST_FOOD,4.310091164856999,0.3333333333333333,3,IDENTIFIED,0.2707007990135591,2.0,22,0.09190170199781994,1,O00364,R074,PIZZA,2024-01-17 08:02:24
44.74591656442372,6,4.0,21,1,140,0.332214882672336,RESTAURANT,4.271886734691434,0.2857142857142857,7,ANONYMOUS,0.013661229772950062,2.0,8,0.11131141171690956,0,O00365,R018,SEAFOOD,2024-01-17 09:07:12
52.542916144885105,10,5.0,13,6,129,0.5122136258648456,FAST_FOOD,3.6534868804950746,0.0,2,IDENTIFIED,0.13127169329825736,2.0,23,0.1521213577398383,0,O00366,R068,SANDWICH,2024-01-17 10:12:00
29.85527572940756,31,1.5,13,2,51,0.5828364001067949,FOOD_TRUCK,4.259311185253018,1.0,4,IDENTIFIED,0.0,2.0,33,0.01,1,O00367,R032,BURGER,2024-01-17 11:16:48
46.1838121609358,15,2.0,14,4,127,0.5321998248938232,FOOD_TRUCK,4.06441066239825,0.3333333333333333,6,IDENTIFIED,0.1324227533144841,2.0,10,0.080559251623556,1,O00368,R023,SANDWICH,2024-01-17 12:21:36
49.90416798169083,17,2.0,9,5,144,0.530405911656434,BAKERY,4.772361452468935,1.0,3,IDENTIFIED,0.41305485423060767,2.0,55,0.22875393513536457,0,O00369,R040,BREAKFAST,2024-01-17 13:26:24
46.448568515722606,23,2.0,13,5,176,0.5066590648483584,FOOD_TRUCK,4.057130138238625,0.8,5,ANONYMOUS,0.4813279990457995,2.0,42,0.23035858503583362,0,O00370,R004,BURGER,2024-01-17 14:31:12
39.498715370163055,16,3.0,13,0,41,0.4376938081550854,RESTAURANT,4.2836688861745555,0.6666666666666666,6,ANONYMOUS,0.0,2.0,30,0.13692803751037477,1,O00371,R003,HEALTHY,2024-01-17 15:36:00
40.74401078179841,8,3.0,13,1,187,0.5291730497862522,FAST_FOOD,2.874421625611307,0.4,5,IDENTIFIED,0.0,2.0,17,0.16002586345523706,0,O00372,R016,SANDWICH,2024-01-17 16:40:48
53.252615928140465,24,3.0,13,4,116,0.4328200704654612,FAST_FOOD,4.572960003829547,0.2857142857142857,7,ANONYMOUS,0.3677629725918731,2.0,61,0.23645385161535648,0,O00373,R050,PIZZA,2024-01-17 17:45:36
45.400063698619064,7,1.0,12,5,150,0.4904321691347729,FAST_FOOD,3.5920105952783357,0.14285714285714285,7,IDENTIFIED,0.3062835354029193,2.0,19,0.07199806658301637,0,O00374,R026,BURGER,2024-01-17 18:50:24
32.79751149833131,24,4.0,20,6,112,0.41714218387809576,RESTAURANT,3.3803185346678775,0.4,5,ANONYMOUS,0.18615163412462218,2.0,12,0.12054888683291679,1,O00375,R072,PASTA,2024-01-17 19:55:12
32.431384951462704,29,2.0,12,3,198,0.4055804773952265,FAST_FOOD,3.5920105952783357,0.125,8,IDENTIFIED,0.14367643683673703,2.0,22,0.07899661968416624,1,O00376,R026,BURGER,2024-01-17 21:00:00
36.17869499538703,13,3.0,10,1,154,0.5315225924293189,BAKERY,3.237076379057974,0.5,10,IDENTIFIED,0.09217888739628197,2.0,7,0.01,1,O00377,R031,BREAKFAST,2024-01-17 22:04:48
34.93220960415503,15,5.0,13,1,25,0.5941084674586177,BAKERY,4.472397736270716,0.3333333333333333,6,IDENTIFIED,0.12733221120950539,2.0,21,0.16986915887805104,1,O00378,R006,DESSERT,2024-01-17 23:09:36
23.626224950915333,21,8.0,13,1,59,0.47737345778902274,FAST_FOOD,3.142288194926028,0.0,2,IDENTIFIED,0.2794551733576917,2.0,11,0.01,0,O00379,R022,BURGER,2024-01-18 00:14:24
50.5673483498,5,2.0,13,0,77,0.4844337569786288,FOOD_TRUCK,4.057130138238625,0.6666666666666666,6,IDENTIFIED,0.6593517247620202,2.0,12,0.12122585472621915,1,O00380,R004,BURGER,2024-01-18 01:19:12
23.848514084725394,7,5.0,14,5,192,0.43136434019865844,FAST_FOOD,4.572960003829547,0.25,8,ANONYMOUS,0.31533435979688323,2.0,11,0.11339226713827899,0,O00381,R050,PIZZA,2024-01-18 02:24:00
28.61187528981986,18,4.0,20,5,84,0.45382781510385023,RESTAURANT,3.3528823975793207,1.0,2,ANONYMOUS,0.1985800599792854,2.0,12,0.04210799511950459,1,O00382,R037,GRILL,2024-01-18 03:28:48
45.7127150692243,22,2.0,14,0,165,0.5148672005844636,FAST_FOOD,2.874421625611307,0.3333333333333333,6,IDENTIFIED,0.12519692065045623,2.0,63,0.0733123293544083,0,O00383,R016,SANDWICH,2024-01-18 04:33:36
37.651845327361485,30,3.0,21,3,100,0.2963884101557274,RESTAURANT,3.661412441986213,0.5,2,IDENTIFIED,0.49632577896088437,2.0,31,0.13495426427749901,1,O00384,R076,FINE_DINING,2024-01-18 05:38:24
47.282906190588456,6,5.0,8,0,24,0.5294802100321303,BAKERY,4.262169475601567,0.5714285714285714,7,IDENTIFIED,0.07413785820376552,2.0,9,0.14809546530050183,1,O00385,R028,BREAKFAST,2024-01-18 06:43:12
56.47071844179219,9,1.5,20,2,209,0.4531175306978883,RESTAURANT,4.2836688861745555,0.7142857142857143,7,IDENTIFIED,0.18659935586359389,2.0,11,0.20120001257226405,1,O00386,R003,PASTA,2024-01-18 07:48:00
51.39607930423435,31,3.0,12,3,132,0.5845664490155351,FOOD_TRUCK,3.1265420325537248,0.45454545454545453,11,ANONYMOUS,0.07896759348854127,2.0,73,0.29115036368138836,0,O00387,R048,FAST_FOOD,2024-01-18 08:52:48
33.04217941350965,16,2.0,8,3,82,0.5641791581998183,CAFE,3.9450444623960856,0.6,5,IDENTIFIED,0.3840041466293466,2.0,32,0.18871124132616252,0,O00388,R075,BREAKFAST,2024-01-18 09:57:36
35.204732408780025,28,1.0,13,2,196,0.5734660223334216,FAST_FOOD,4.138788682416522,0.0,5,IDENTIFIED,0.1559699575515281,2.0,44,0.01,1,O00389,R009,FAST_FOOD,2024-01-18 11:02:24
49.73994169363283,29,3.0,8,3,140,0.4404475425222667,BAKERY,3.8497693798953305,0.5,2,IDENTIFIED,0.0,2.0,89,0.02489798982078406,0,O00390,R058,BREAKFAST,2024-01-18 12:07:12
24.275590312682855,14,4.0,20,3,48,0.3155983977679099,CATERING,4.045339710815144,0.75,4,IDENTIFIED,0.7608223730635937,2.0,41,0.20245448719406223,0,O00391,R044,FINE_DINING,2024-01-18 13:12:00
48.141795143870006,12,2.0,9,2,123,0.5142907116304797,BAKERY,3.3482373264265872,0.2,5,ANONYMOUS,0.41576122795539106,2.0,22,0.20247452624873508,0,O00392,R042,BREAKFAST,2024-01-18 14:16:48
37.96911211992075,19,3.0,13,6,25,0.4735385098169526,FOOD_TRUCK,5.0,0.3333333333333333,3,ANONYMOUS,0.07325345901741377,2.0,35,0.051955975616099215,1,O00393,R062,BURGER,2024-01-18 15:21:36
52.89691295857561,25,5.0,19,3,68,0.49294793647944796,FAST_FOOD,4.303746398295807,0.5,4,ANONYMOUS,0.16875362738802654,2.0,48,0.0223004772074476,0,O00394,R054,STREET_FOOD,2024-01-18 16:26:24
33.10840950138876,18,6.0,10,6,39,0.4791534895160022,CAFE,2.6189910336437396,0.7142857142857143,7,IDENTIFIED,0.3580281075547447,2.0,27,0.07979002495706224,1,O00395,R061,BRUNCH,2024-01-18 17:31:12
43.37414138397554,11,1.0,14,1,52,0.4967680243316242,CATERING,3.3362233513389206,0.5714285714285714,7,IDENTIFIED,0.1387434101822556,2.0,15,0.13612571369303134,1,O00396,R053,HEALTHY,2024-01-18 18:36:00
53.690917779153494,13,5.0,21,3,126,0.40127066221811303,RESTAURANT,3.676877650715725,0.5714285714285714,7,IDENTIFIED,0.5356258637530394,2.0,13,0.16671949192714214,1,O00397,R057,SUSHI,2024-01-18 19:40:48
31.191417723769774,27,1.5,14,1,48,0.5566167532117396,FAST_FOOD,3.346535331369818,0.5,4,ANONYMOUS,0.8032997507467081,2.0,36,0.0812840966708854,0,O00398,R010,SANDWICH,2024-01-18 20:45:36
42.9859601319175,20,2.0,10,6,102,0.6312149196303642,CAFE,4.173402459689542,0.3333333333333333,3,ANONYMOUS,0.025595339629893882,2.0,28,0.06977951475771388,0,O00399,R013,BREAKFAST,2024-01-18 21:50:24
53.680325892918205,14,0.5,14,0,52,0.5316942126811873,FAST_FOOD,3.2572286068644694,0.8,5,IDENTIFIED,0.10646197706556554,2.0,19,0.13567487896551536,1,O00400,R066,PIZZA,2024-01-18 22:55:12
50.84783478682138,31,1.0,13,3,72,0.6234194492898433,FAST_FOOD,4.138788682416522,0.16666666666666666,6,ANONYMOUS,0.09607116719233093,2.0,14,0.11358873258315517,1,O00401,R009,FAST_FOOD,2024-01-19 00:00:00
43.15664710810528,17,4.0,20,1,161,0.4605370104660864,CATERING,3.8498216987959597,0.6666666666666666,3,IDENTIFIED,0.32034304017925175,2.0,43,0.1775095682033508,0,O00402,R052,GRILL,2024-01-19 01:04:48
44.35229440498648,29,2.0,13,0,184,0.3452151990058018,RESTAURANT,4.275105407534004,0.75,4,IDENTIFIED,0.48062465344969096,2.0,27,0.08326387899558127,1,O00403,R079,VEGETARIAN,2024-01-19 02:09:36
35.510547339244724,25,4.0,14,1,201,0.5264591357858193,RESTAURANT,5.0,0.3333333333333333,3,IDENTIFIED,0.23235057820747473,2.0,61,0.08410940682700371,0,O00404,R071,SALAD,2024-01-19 03:14:24
41.89548953654765,15,5.0,9,3,145,0.5060215245287799,BAKERY,3.8497693798953305,0.3333333333333333,3,IDENTIFIED,0.6488443917347174,2.0,37,0.01,0,O00405,R058,BREAKFAST,2024-01-19 04:19:12
47.623643039232235,6,3.0,19,0,209,0.3432381950330471,RESTAURANT,2.8789243804126032,0.25,4,ANONYMOUS,0.39840703612269324,2.0,16,0.05641528845547304,0,O00406,R039,SEAFOOD,2024-01-19 05:24:00
54.2435985029721,25,2.0,8,6,78,0.570455959846975,CAFE,3.9450444623960856,0.5,6,IDENTIFIED,0.26079485995617646,2.0,64,0.06514134406525188,0,O00407,R075,BREAKFAST,2024-01-19 06:28:48
38.27317752586837,12,4.0,20,5,63,0.38395288963777874,CATERING,3.2943012426991136,0.5,2,IDENTIFIED,0.14859667765077517,2.0,9,0.03002034319357247,1,O00408,R019,GRILL,2024-01-19 07:33:36
19.272655295591644,15,2.0,18,4,28,0.5578599391274516,FOOD_TRUCK,3.800046416200278,0.6666666666666666,3,IDENTIFIED,0.5697536947713003,2.0,40,0.16937155015089644,0,O00409,R070,STREET_FOOD,2024-01-19 08:38:24
35.48703443713129,22,2.0,17,4,85,0.4947150440026045,RESTAURANT,2.8789243804126032,0.2,5,IDENTIFIED,0.5216736845319119,2.0,74,0.08409892649481474,0,O00410,R039,VEGETARIAN,2024-01-19 09:43:12
40.23355786989041,18,1.5,12,2,209,0.6328891726224143,BAKERY,3.8497693798953305,0.25,4,IDENTIFIED,0.298705267637659,2.0,12,0.18348303703081606,1,O00411,R058,DESSERT,2024-01-19 10:48:00
45.86990421492686,12,1.5,14,5,61,0.5997735917481771,BAKERY,4.262169475601567,0.625,8,ANONYMOUS,0.39134440263651904,2.0,25,0.019430657149240985,0,O00412,R028,BAKERY,2024-01-19 11:52:48
35.56819210452163,13,2.0,13,2,78,0.5096257083937229,RESTAURANT,3.676877650715725,0.625,8,ANONYMOUS,0.23813630309318484,2.0,32,0.29802744942764203,0,O00413,R057,HEALTHY,2024-01-19 12:57:36
47.55213219016736,29,4.0,14,1,67,0.5453148454148589,FAST_FOOD,2.874421625611307,0.2857142857142857,7,IDENTIFIED,0.22375025236969204,2.0,56,0.10372569657234479,1,O00414,R016,BURGER,2024-01-19 14:02:24
50.43478247350651,5,4.0,10,3,16,0.5540969124287565,BAKERY,3.7012644326945696,0.5,2,IDENTIFIED,0.44733343265348885,2.0,4,0.20627513382770074,1,O00415,R049,BREAKFAST,2024-01-19 15:07:12
30.596372013773063,18,1.0,13,5,176,0.5875520302307362,CAFE,3.2865102759945675,0.42857142857142855,7,IDENTIFIED,0.6519709358616331,2.0,52,0.01,0,O00416,R027,DESSERT,2024-01-19 16:12:00
43.26037805271899,22,3.0,20,2,101,0.32778754089588824,RESTAURANT,3.676877650715725,0.5555555555555556,9,IDENTIFIED,0.6698287512374835,2.0,35,0.17191837077913874,0,O00417,R057,FINE_DINING,2024-01-19 17:16:48
53.708480494137426,6,1.0,20,4,35,0.4875028048322568,RESTAURANT,4.977906180478754,0.6,5,ANONYMOUS,0.2354503406768625,2.0,8,0.13356812848753008,0,O00418,R008,PASTA,2024-01-19 18:21:36
36.22235978677088,6,3.0,19,1,40,0.4625420808722977,FOOD_TRUCK,4.259311185253018,1.0,5,IDENTIFIED,0.036324109465829514,2.0,5,0.01,1,O00419,R032,STREET_FOOD,2024-01-19 19:26:24
66.08352664507262,21,1.5,14,6,95,0.46282834517809845,CATERING,4.095963490352159,0.6,5,ANONYMOUS,0.6221802288895779,2.0,37,0.2825516980691941,0,O00420,R056,HEALTHY,2024-01-19 20:31:12
53.76833750824029,22,1.5,20,1,113,0.46228433450329687,CATERING,4.149333020747922,1.0,3,IDENTIFIED,0.4137336455056491,2.0,10,0.03319884997867572,1,O00421,R034,GRILL,2024-01-19 21:36:00
31.832757343725852,21,8.0,13,0,49,0.5411012825902902,RESTAURANT,4.271886734691434,0.25,8,ANONYMOUS,0.14725574226610721,2.0,57,0.16298484820607945,0,O00422,R018,HEALTHY,2024-01-19 22:40:48
21.84297286919285,28,6.0,12,1,173,0.4974979373944613,CATERING,4.386289126933204,0.3333333333333333,3,IDENTIFIED,0.528717420754279,2.0,52,0.23246008299987347,0,O00423,R038,HEALTHY,2024-01-19 23:45:36
58.44604291009705,5,3.0,19,6,131,0.4512301019413962,CATERING,3.155638354146062,0.6666666666666666,3,IDENTIFIED,0.28357876019291006,2.0,5,0.06188915295287938,1,O00424,R065,GRILL,2024-01-20 00:50:24
51.58645662044799,12,3.0,17,1,186,0.5477182302443866,FOOD_TRUCK,4.068682803097095,0.0,3,IDENTIFIED,0.979987842122531,2.0,17,0.16522736142292627,0,O00425,R055,STREET_FOOD,2024-01-20 01:55:12
42.08561273536235,24,1.5,17,4,52,0.5007524497282697,RESTAURANT,3.648671761825324,0.6,10,ANONYMOUS,0.3648263006244189,2.0,12,0.16132143530102894,1,O00426,R015,VEGETARIAN,2024-01-20 03:00:00
40.60396240992572,19,3.0,21,5,89,0.30590901090596023,RESTAURANT,4.275105407534004,0.8,5,IDENTIFIED,0.26334293827081023,2.0,21,0.1692213465766938,1,O00427,R079,SEAFOOD,2024-01-20 04:04:48
41.31909470530047,29,0.5,19,4,126,0.4759692428724444,FOOD_TRUCK,3.1265420325537248,0.4166666666666667,12,IDENTIFIED,0.21029678137028185,2.0,12,0.05919986839389005,1,O00428,R048,BBQ,2024-01-20 05:09:36
32.420467810284386,17,1.0,13,3,131,0.5589468756326721,CAFE,2.8338030196367794,0.5,8,IDENTIFIED,0.03287833820978628,2.0,23,0.1791861091053453,1,O00429,R078,SANDWICH,2024-01-20 06:14:24
34.33453275725691,22,1.0,21,4,101,0.4818348795208877,CATERING,4.149333020747922,1.0,4,IDENTIFIED,0.5645397373699121,2.0,65,0.09194426977845305,0,O00430,R034,GRILL,2024-01-20 07:19:12
29.91208030756858,9,2.0,14,1,28,0.5589305223929508,FOOD_TRUCK,3.800046416200278,0.5,4,IDENTIFIED,0.0,2.0,8,0.10980002162094354,1,O00431,R070,BURGER,2024-01-20 08:24:00
35.56055603328579,25,1.5,12,4,128,0.4804944452762104,CATERING,3.155638354146062,0.75,4,IDENTIFIED,0.26381669062688856,2.0,22,0.12748820127076435,1,O00432,R065,HEALTHY,2024-01-20 09:28:48
48.4624326956457,26,1.0,21,5,160,0.3877573010819374,RESTAURANT,3.648671761825324,0.6363636363636364,11,ANONYMOUS,0.3542939315755973,2.0,46,0.15331590751585825,0,O00433,R015,PASTA,2024-01-20 10:33:36
28.453479715038803,23,5.0,14,4,85,0.49381657542294705,FOOD_TRUCK,3.1265420325537248,0.46153846153846156,13,IDENTIFIED,0.3983982521686872,2.0,47,0.2771451743987453,0,O00434,R048,SANDWICH,2024-01-20 11:38:24
49.72633930327413,27,2.0,14,4,17,0.5434997255527536,FAST_FOOD,3.616049105204268,0.6666666666666666,3,ANONYMOUS,0.24644421600827482,2.0,32,0.01,1,O00435,R080,BURGER,2024-01-20 12:43:12
33.72165859788548,23,5.0,12,0,181,0.5564742511541205,FAST_FOOD,4.310091164856999,0.5,4,IDENTIFIED,0.5266381753157312,2.0,49,0.11251191244796967,0,O00436,R074,SANDWICH,2024-01-20 13:48:00
37.30610524687515,29,4.0,13,4,122,0.624847902378116,FOOD_TRUCK,4.092770052054342,0.0,5,IDENTIFIED,0.7921912561787882,2.0,41,0.09583789854724624,0,O00437,R007,FAST_FOOD,2024-01-20 14:52:48
43.78926010225194,31,5.0,19,0,171,0.3874274704895503,RESTAURANT,3.3803185346678775,0.5,6,IDENTIFIED,0.15549618750410807,2.0,56,0.02986466194221147,1,O00438,R072,SUSHI,2024-01-20 15:57:36
47.541603271515825,31,3.0,16,6,145,0.49667500936465436,FAST_FOOD,3.973582751974687,0.5,2,IDENTIFIED,0.274817140516062,2.0,45,0.14449311385143798,1,O00439,R060,STREET_FOOD,2024-01-20 17:02:24
41.71346597257316,11,6.0,20,6,22,0.2726769757116395,CATERING,3.8498216987959597,0.5,4,IDENTIFIED,0.45842618019956094,2.0,25,0.01,0,O00440,R052,FINE_DINING,2024-01-20 18:07:12
21.679734786852244,14,4.0,19,6,196,0.3491526001086642,CATERING,4.051226380656576,1.0,1,IDENTIFIED,0.0,2.0,23,0.07939459617914318,1,O00441,R021,FINE_DINING,2024-01-20 19:12:00
38.05988665193126,23,0.5,12,1,153,0.5478455130895915,FOOD_TRUCK,3.8641771950274,0.3333333333333333,6,IDENTIFIED,0.020171496931510213,2.0,40,0.020782258074186162,1,O00442,R012,BURGER,2024-01-20 20:16:48
50.21324732824017,31,4.0,14,5,105,0.6017675967822416,BAKERY,3.9279719162450872,1.0,1,IDENTIFIED,0.4986942565140466,2.0,74,0.17031015296161392,0,O00443,R030,DESSERT,2024-01-20 21:21:36
46.81113868998012,23,3.0,14,2,163,0.5894262521093732,CAFE,3.091917580299283,0.14285714285714285,7,IDENTIFIED,0.3082542131045682,2.0,36,0.058724572643589976,1,O00444,R064,DESSERT,2024-01-20 22:26:24
53.196043029381926,21,3.0,20,5,169,0.42967516030337255,RESTAURANT,4.977906180478754,0.5,6,ANONYMOUS,0.28430683550929636,2.0,60,0.26261023139145023,0,O00445,R008,GRILL,2024-01-20 23:31:12
39.77169002528017,14,1.5,20,4,117,0.3240298065153903,RESTAURANT,4.275105407534004,0.8333333333333334,6,IDENTIFIED,0.15082404544179712,2.0,6,0.01,1,O00446,R079,FINE_DINING,2024-01-21 00:36:00
45.72247621615285,30,2.0,19,1,79,0.4657837335530952,CATERING,4.051226380656576,1.0,2,IDENTIFIED,0.4055683277784152,2.0,14,0.10679919962056016,1,O00447,R021,PASTA,2024-01-21 01:40:48
55.436490910707754,16,1.5,12,0,23,0.4196650645067261,CATERING,4.045339710815144,0.6,5,IDENTIFIED,0.5433428682833716,2.0,5,0.0936697468942793,1,O00448,R044,HEALTHY,2024-01-21 02:45:36
43.3877856542509,17,4.0,13,2,154,0.5182619869078631,FAST_FOOD,3.6534868804950746,0.0,3,ANONYMOUS,0.28515056573720143,2.0,26,0.01,0,O00449,R068,SANDWICH,2024-01-21 03:50:24
49.24865078442087,10,2.0,12,4,75,0.5306278210356844,RESTAURANT,4.977906180478754,0.42857142857142855,7,IDENTIFIED,0.1455461577433369,2.0,15,0.16597453225830802,0,O00450,R008,SALAD,2024-01-21 04:55:12
40.7410355397572,19,3.0,10,4,180,0.615939811943214,CAFE,3.148280928470636,0.0,5,IDENTIFIED,0.08947912063634586,2.0,32,0.05567981806596639,1,O00451,R041,CAFE,2024-01-21 06:00:00
57.445385836305356,20,5.0,10,3,138,0.5505153675840948,CAFE,3.8703122217420067,0.75,4,ANONYMOUS,0.10273283890063568,2.0,15,0.0919438958533357,1,O00452,R002,CAFE,2024-01-21 07:04:48
36.786399967624355,11,5.0,21,5,72,0.3960320905986831,CATERING,3.8498216987959597,0.4,5,ANONYMOUS,0.27163560260604314,2.0,33,0.2301288278903354,0,O00453,R052,PASTA,2024-01-21 08:09:36
70.27190789071997,28,1.5,12,6,75,0.4422989413784467,RESTAURANT,3.3803185346678775,0.5714285714285714,7,IDENTIFIED,0.011837559134190101,2.0,41,0.15824840803848056,1,O00454,R072,VEGETARIAN,2024-01-21 09:14:24
30.867607759560933,9,1.5,14,0,26,0.6349105730361491,BAKERY,3.8497693798953305,0.4,5,IDENTIFIED,0.4938698478765373,2.0,11,0.1618042098377174,0,O00455,R058,BAKERY,2024-01-21 10:19:12
44.75484468358609,13,3.0,19,0,75,0.3875385449910664,RESTAURANT,3.648671761825324,0.5833333333333334,12,ANONYMOUS,0.9175765217267089,2.0,38,0.0969030482760746,0,O00456,R015,SEAFOOD,2024-01-21 11:24:00
19.256011997327718,24,1.0,12,2,119,0.5483456762594803,FOOD_TRUCK,3.473217524366763,0.5,6,IDENTIFIED,0.04160749066679753,2.0,34,0.07920964071274189,1,O00457,R029,SANDWICH,2024-01-21 12:28:48
49.83649457827237,23,3.0,20,2,86,0.4975630033394488,FOOD_TRUCK,3.8641771950274,0.42857142857142855,7,IDENTIFIED,0.0,2.0,78,0.1180116716775613,0,O00458,R012,BBQ,2024-01-21 13:33:36
57.46648677376344,6,4.0,14,4,182,0.4991461432371776,RESTAURANT,4.275105407534004,0.8571428571428571,7,IDENTIFIED,0.32265572127293685,2.0,18,0.1768593608094771,0,O00459,R079,SALAD,2024-01-21 14:38:24
27.647318944942043,9,0.5,14,4,137,0.6070892058107245,FOOD_TRUCK,4.068682803097095,0.0,4,ANONYMOUS,0.39299050976843986,2.0,17,0.05464662061615132,1,O00460,R055,FAST_FOOD,2024-01-21 15:43:12
66.6986930242883,26,5.0,19,5,44,0.2976058240921659,CATERING,4.455128624198876,1.0,2,IDENTIFIED,0.7148851992737673,2.0,90,0.14205395629263995,0,O00461,R073,FINE_DINING,2024-01-21 16:48:00
43.616774251805104,15,2.0,14,1,103,0.5030427801424556,CATERING,3.797182973303961,1.0,3,IDENTIFIED,0.150086229341901,2.0,35,0.07076978716747932,0,O00462,R051,HEALTHY,2024-01-21 17:52:48
41.157396133959544,14,0.5,21,1,22,0.4746671671487313,CATERING,3.1558426563006043,1.0,3,IDENTIFIED,0.26474968420835304,2.0,7,0.06302522455453767,1,O00463,R011,PASTA,2024-01-21 18:57:36
41.76053901953734,5,1.5,12,3,71,0.6384218707538554,FOOD_TRUCK,4.259311185253018,1.0,6,IDENTIFIED,0.1077695118939844,2.0,12,0.13839243612993626,0,O00464,R032,BURGER,2024-01-21 20:02:24
50.33273440088732,9,1.5,19,5,21,0.4035475918110962,CATERING,3.593114160823445,0.6,5,ANONYMOUS,0.33418269917983146,2.0,8,0.1390341424347485,1,O00465,R067,GRILL,2024-01-21 21:07:12
21.302047436875124,9,3.0,19,4,204,0.4919561486068633,RESTAURANT,3.648671761825324,0.5384615384615384,13,IDENTIFIED,0.5392852878002086,2.0,28,0.23933098103189923,0,O00466,R015,GRILL,2024-01-21 22:12:00
57.65627355176011,6,1.0,19,6,86,0.3938923729038764,CATERING,4.095963490352159,0.5,6,ANONYMOUS,0.6571757878410975,2.0,17,0.1240096330321354,0,O00467,R056,GRILL,2024-01-21 23:16:48
36.35481815396606,18,1.0,16,0,86,0.562183683427133,FOOD_TRUCK,4.06441066239825,0.42857142857142855,7,IDENTIFIED,0.2466104300063813,2.0,43,0.01,0,O00468,R023,STREET_FOOD,2024-01-22 00:21:36
17.51350096133973,12,1.5,19,5,79,0.44354589182523546,CATERING,4.051226380656576,1.0,3,IDENTIFIED,0.08569153022490511,2.0,18,0.26907527681802873,0,O00469,R021,GRILL,2024-01-22 01:26:24
50.28079812894072,24,4.0,10,4,78,0.494689535756287,BAKERY,3.7012644326945696,0.6666666666666666,3,IDENTIFIED,0.10039674681449277,2.0,24,0.01,1,O00470,R049,BREAKFAST,2024-01-22 02:31:12
55.31118557896273,9,6.0,19,0,149,0.470533553901264,FOOD_TRUCK,4.356993699800905,1.0,4,IDENTIFIED,0.0,2.0,9,0.01,1,O00471,R069,BBQ,2024-01-22 03:36:00
53.25607703789565,26,2.0,13,2,98,0.48654359648592077,FAST_FOOD,3.346535331369818,0.4,5,IDENTIFIED,0.3873412779189592,2.0,33,0.08913579547618955,0,O00472,R010,SANDWICH,2024-01-22 04:40:48
42.25740117847126,5,4.0,14,1,155,0.6217522899167163,FOOD_TRUCK,3.4481366569876384,0.6,5,IDENTIFIED,0.18949584964399657,2.0,5,0.13814364832778822,1,O00473,R033,FAST_FOOD,2024-01-22 05:45:36
41.84341823729815,31,2.0,20,1,208,0.42069983778704206,CATERING,3.2943012426991136,0.6666666666666666,3,IDENTIFIED,0.02687673925230674,2.0,65,0.2280954026703359,0,O00474,R019,GRILL,2024-01-22 06:50:24
48.98827120861293,14,4.0,20,0,89,0.26517872109082335,CATERING,3.2943012426991136,0.5,4,ANONYMOUS,0.05639462416705052,2.0,14,0.01,1,O00475,R019,FINE_DINING,2024-01-22 07:55:12
67.66572230342342,22,3.0,8,1,37,0.5818183949948161,CAFE,3.091917580299283,0.25,8,ANONYMOUS,0.16205701641663334,2.0,67,0.05189945433510143,0,O00476,R064,BREAKFAST,2024-01-22 09:00:00
34.77152054712432,7,3.0,20,2,178,0.24509943131302409,RESTAURANT,2.8789243804126032,0.16666666666666666,6,IDENTIFIED,0.5898606576789679,2.0,9,0.21928533526652,0,O00477,R039,FINE_DINING,2024-01-22 10:04:48
36.28077046766138,9,4.0,13,2,54,0.54993871618492,FAST_FOOD,4.138788682416522,0.2857142857142857,7,IDENTIFIED,0.548176205708714,2.0,10,0.029525651964084507,1,O00478,R009,STREET_FOOD,2024-01-22 11:09:36
60.42505758447177,24,4.0,18,0,103,0.4514302182651636,RESTAURANT,4.271886734691434,0.2222222222222222,9,ANONYMOUS,0.5223553628155482,2.0,41,0.21554578816946113,0,O00479,R018,VEGETARIAN,2024-01-22 12:14:24
58.4319683761394,22,1.5,9,5,143,0.5585474637285274,CAFE,2.8338030196367794,0.5555555555555556,9,IDENTIFIED,0.0,2.0,54,0.13836035502617358,0,O00480,R078,CAFE,2024-01-22 13:19:12
47.264514528041154,29,4.0,15,6,196,0.3766157698938374,RESTAURANT,4.2836688861745555,0.75,8,IDENTIFIED,0.17516963833604504,2.0,22,0.01,1,O00481,R003,VEGETARIAN,2024-01-22 14:24:00
64.16190772671692,7,1.0,13,5,150,0.6243347024344794,BAKERY,3.9279719162450872,0.5,2,IDENTIFIED,0.7085778440718689,2.0,10,0.08907445380961321,0,O00482,R030,BAKERY,2024-01-22 15:28:48
15.0,22,3.0,13,4,132,0.48090325514369164,RESTAURANT,2.8789243804126032,0.14285714285714285,7,IDENTIFIED,0.36249221753709093,2.0,69,0.27688812482902964,0,O00483,R039,SALAD,2024-01-22 16:33:36
43.437324709915714,27,2.0,12,3,160,0.45928817761074253,FAST_FOOD,2.874421625611307,0.375,8,IDENTIFIED,0.20995254800400376,2.0,88,0.1452779602484803,0,O00484,R016,PIZZA,2024-01-22 17:38:24
40.349401521389694,16,6.0,10,4,156,0.5407945522755345,BAKERY,4.212748157693551,0.14285714285714285,7,IDENTIFIED,0.13836011777430612,2.0,37,0.2592353291280419,0,O00485,R001,BREAKFAST,2024-01-22 18:43:12
59.92915425174645,30,1.0,21,3,184,0.45580667121588053,CATERING,3.9572043767813985,0.0,1,IDENTIFIED,0.2024566575642314,2.0,11,0.16491862753258268,1,O00486,R046,GRILL,2024-01-22 19:48:00
35.060507290434174,23,2.0,13,1,185,0.6083466359585593,CAFE,4.027925188301798,0.6666666666666666,3,IDENTIFIED,0.2106854127957349,2.0,13,0.08167050948327075,1,O00487,R036,DESSERT,2024-01-22 20:52:48
43.1234407280497,16,1.5,14,6,41,0.5287990620876611,FOOD_TRUCK,2.9985642990793835,0.4,5,ANONYMOUS,0.20165030197326442,2.0,9,0.01,1,O00488,R014,BURGER,2024-01-22 21:57:36
57.718416947279145,7,0.5,19,1,117,0.3887733244104362,RESTAURANT,3.0725152132050786,0.6666666666666666,9,IDENTIFIED,0.768566147950239,2.0,8,0.11858983480831373,0,O00489,R025,SUSHI,2024-01-22 23:02:24
29.076554248481763,7,1.5,9,3,102,0.5502919626943245,CAFE,4.027925188301798,0.75,4,IDENTIFIED,0.4734006620815179,2.0,21,0.08812655000252753,0,O00490,R036,BRUNCH,2024-01-23 00:07:12
40.5682120803975,30,2.0,19,2,41,0.40412149086934285,RESTAURANT,3.661412441986213,0.6666666666666666,3,IDENTIFIED,0.1745947294926202,2.0,34,0.13205249000697783,1,O00491,R076,GRILL,2024-01-23 01:12:00
50.46929256111358,21,5.0,14,3,178,0.5189987137773654,CATERING,3.797182973303961,0.75,4,ANONYMOUS,0.022709846888267327,2.0,33,0.019955399860570662,1,O00492,R051,HEALTHY,2024-01-23 02:16:48
20.539582163206763,31,3.0,13,1,160,0.5894460258344199,FAST_FOOD,4.138788682416522,0.375,8,IDENTIFIED,0.31061753100550793,2.0,46,0.06333917939840845,0,O00493,R009,BURGER,2024-01-23 03:21:36
21.858196468765627,21,4.0,13,1,201,0.5296304693827142,FAST_FOOD,4.138788682416522,0.4444444444444444,9,IDENTIFIED,0.35448420910050393,2.0,7,0.10074516067596642,1,O00494,R009,PIZZA,2024-01-23 04:26:24
31.960238667115643,7,4.0,9,2,105,0.5804360954451043,CAFE,3.091917580299283,0.2222222222222222,9,IDENTIFIED,0.028307395401596838,2.0,2,0.2595159322804931,1,O00495,R064,BRUNCH,2024-01-23 05:31:12
44.97625143783662,13,1.5,19,5,180,0.2825837749029044,RESTAURANT,4.2836688861745555,0.7777777777777778,9,IDENTIFIED,0.2414313647809285,2.0,11,0.1678904156143568,1,O00496,R003,FINE_DINING,2024-01-23 06:36:00
31.175463951161433,11,6.0,12,0,24,0.47023252323593323,CATERING,3.593114160823445,0.6666666666666666,6,IDENTIFIED,0.23232441358814243,2.0,16,0.07465216780996362,0,O00497,R067,HEALTHY,2024-01-23 07:40:48
51.81068198831363,6,2.0,14,1,203,0.5768152012929509,CAFE,3.2865102759945675,0.375,8,ANONYMOUS,0.6623307787701531,2.0,7,0.1427764853713698,0,O00498,R027,DESSERT,2024-01-23 08:45:36
62.33081123697252,25,4.0,20,6,24,0.28614254991259597,CATERING,4.011723031358224,0.5714285714285714,7,ANONYMOUS,0.07403231807480562,2.0,45,0.01,1,O00499,R043,FINE_DINING,2024-01-23 09:50:24
51.73255494439313,31,4.0,14,1,21,0.4929389633396935,CATERING,3.155638354146062,0.8,5,IDENTIFIED,0.0,2.0,13,0.10950155183887364,1,O00500,R065,HEALTHY,2024-01-23 10:55:12
39.96125556859064,22,5.0,14,1,59,0.4740237712687032,FAST_FOOD,3.2572286068644694,0.8333333333333334,6,IDENTIFIED,0.30003044778813015,2.0,28,0.08168541845387382,1,O00501,R066,BURGER,2024-01-23 12:00:00
29.44245522044738,29,3.0,12,4,140,0.49275120694778085,RESTAURANT,3.648671761825324,0.5,14,IDENTIFIED,0.2475382975624983,2.0,49,0.01,1,O00502,R015,SALAD,2024-01-23 13:04:48
50.69072990250548,20,1.5,13,3,15,0.5943007030245357,BAKERY,3.7481555951610934,0.25,4,IDENTIFIED,0.6354811355391077,2.0,60,0.23937108949020647,0,O00503,R063,DESSERT,2024-01-23 14:09:36
47.08746434189452,27,0.5,12,2,37,0.4938218709481582,FOOD_TRUCK,3.473217524366763,0.5714285714285714,7,ANONYMOUS,0.7952007723677277,2.0,39,0.15341211717813616,0,O00504,R029,BURGER,2024-01-23 15:14:24
42.901890316920124,9,1.0,13,3,207,0.5963641543967144,BAKERY,4.2831476657189995,0.0,3,IDENTIFIED,0.212200215571588,2.0,16,0.1382633232089838,0,O00505,R005,DESSERT,2024-01-23 16:19:12
58.46598870773187,19,3.0,19,6,128,0.4451616931434894,FOOD_TRUCK,4.06441066239825,0.375,8,IDENTIFIED,0.3239466627228863,2.0,57,0.15169053127655588,0,O00506,R023,BBQ,2024-01-23 17:24:00
30.95572715640271,22,2.0,19,5,19,0.5082908345311424,RESTAURANT,5.0,0.25,4,ANONYMOUS,0.0,2.0,7,0.06492014125601794,1,O00507,R071,GRILL,2024-01-23 18:28:48
42.17982653965644,18,3.0,13,6,117,0.636339447424744,BAKERY,3.9279719162450872,0.3333333333333333,3,IDENTIFIED,0.1840020762461895,2.0,15,0.07698017591513902,1,O00508,R030,BAKERY,2024-01-23 19:33:36
69.75754138233965,26,4.0,21,1,172,0.4310918310322466,FOOD_TRUCK,4.06441066239825,0.3333333333333333,9,ANONYMOUS,0.3236587546450198,2.0,57,0.09526108532840051,0,O00509,R023,STREET_FOOD,2024-01-23 20:38:24
47.96167951726605,7,0.5,21,6,104,0.27409089427686745,CATERING,3.8498216987959597,0.3333333333333333,6,IDENTIFIED,0.0,2.0,13,0.09532571929501452,1,O00510,R052,FINE_DINING,2024-01-23 21:43:12
56.19222090745187,10,1.0,20,3,189,0.45011207291767086,CATERING,3.155638354146062,0.8333333333333334,6,IDENTIFIED,0.15313889229751929,2.0,24,0.23221463019852562,0,O00511,R065,PASTA,2024-01-23 22:48:00
40.18857157207162,29,2.0,12,0,111,0.48199282519158954,FAST_FOOD,3.142288194926028,0.3333333333333333,3,IDENTIFIED,0.40935324186345506,2.0,55,0.1368333828022041,0,O00512,R022,SANDWICH,2024-01-23 23:52:48
29.973157181013963,19,4.0,9,5,136,0.6175198176587386,BAKERY,3.9279719162450872,0.5,4,IDENTIFIED,0.32125603346560305,2.0,39,0.10374442128250116,0,O00513,R030,BREAKFAST,2024-01-24 00:57:36
58.138420897732615,19,4.0,19,4,120,0.2997025461341764,RESTAURANT,3.661412441986213,0.75,4,IDENTIFIED,0.0,2.0,31,0.16764737971560142,1,O00514,R076,FINE_DINING,2024-01-24 02:02:24
21.882276837562088,30,0.5,8,0,33,0.5040746682078217,BAKERY,3.330716157192649,0.6666666666666666,3,IDENTIFIED,0.23951165161089044,2.0,22,0.07007973331193176,1,O00515,R059,BREAKFAST,2024-01-24 03:07:12
47.59802827187431,12,4.0,14,0,187,0.5737828343886592,CAFE,3.2865102759945675,0.3333333333333333,9,ANONYMOUS,0.46508834762722406,2.0,23,0.1285141882689469,0,O00516,R027,SANDWICH,2024-01-24 04:12:00
45.674789956046055,6,2.0,16,5,82,0.5606373450622727,FAST_FOOD,3.346535331369818,0.3333333333333333,6,IDENTIFIED,0.4355829909423069,2.0,14,0.01,0,O00517,R010,STREET_FOOD,2024-01-24 05:16:48
43.97836335077787,12,3.0,12,2,26,0.5375580805715637,FOOD_TRUCK,2.9985642990793835,0.5,6,IDENTIFIED,0.08223292432195023,2.0,11,0.248714430171471,0,O00518,R014,SANDWICH,2024-01-24 06:21:36
36.58635253944879,18,3.0,12,4,165,0.5116990681598422,FAST_FOOD,4.303746398295807,0.4,5,IDENTIFIED,0.20830610462726057,2.0,37,0.12550212489664736,0,O00519,R054,SANDWICH,2024-01-24 07:26:24
40.11195665637135,28,2.0,12,6,168,0.6079508270995487,BAKERY,4.2831476657189995,0.0,4,ANONYMOUS,0.23428066488678365,2.0,74,0.06276346576705087,0,O00520,R005,DESSERT,2024-01-24 08:31:12
48.07643169676481,13,6.0,20,4,110,0.3327762448345918,CATERING,3.6697323545196734,1.0,3,IDENTIFIED,0.21167869319632798,2.0,37,0.3355280241861096,0,O00521,R077,FINE_DINING,2024-01-24 09:36:00
52.7411091817523,29,2.0,14,6,46,0.5360998708433298,FOOD_TRUCK,3.8641771950274,0.375,8,IDENTIFIED,0.053847247334192216,2.0,44,0.21949199605847242,1,O00522,R012,SANDWICH,2024-01-24 10:40:48
49.95920610075141,15,1.5,12,2,200,0.5945058805232191,CAFE,3.8949233547471653,0.0,1,IDENTIFIED,0.0,2.0,26,0.05309435536948173,0,O00523,R045,DESSERT,2024-01-24 11:45:36
50.48411591774937,15,5.0,19,1,31,0.4928253038882288,RESTAURANT,3.661412441986213,0.8,5,IDENTIFIED,0.11101033456478349,2.0,37,0.0771753925891414,0,O00524,R076,PASTA,2024-01-24 12:50:24
37.117646638263764,16,1.5,12,2,112,0.43699761468698584,FAST_FOOD,4.310091164856999,0.4,5,ANONYMOUS,0.10542691922225525,2.0,33,0.07743377010653105,0,O00525,R074,PIZZA,2024-01-24 13:55:12
42.44375556903081,26,1.5,14,2,133,0.5541479637708532,FOOD_TRUCK,4.06441066239825,0.3,10,IDENTIFIED,0.3272716326351883,2.0,38,0.2288123292706142,0,O00526,R023,FAST_FOOD,2024-01-24 15:00:00
39.02739362233503,26,2.0,16,6,117,0.583252012823096,FOOD_TRUCK,4.092770052054342,0.0,6,ANONYMOUS,0.3723730664261541,2.0,51,0.01,1,O00527,R007,STREET_FOOD,2024-01-24 16:04:48
41.492641406326456,6,4.0,20,4,161,0.4789289738255788,CATERING,4.045339710815144,0.6666666666666666,6,IDENTIFIED,0.41477117999201435,2.0,18,0.19568038293185602,0,O00528,R044,PASTA,2024-01-24 17:09:36
37.55368169974976,18,1.5,8,1,192,0.518066608850447,BAKERY,3.7012644326945696,0.75,4,IDENTIFIED,0.13066039331199736,2.0,25,0.17676292121275256,1,O00529,R049,BREAKFAST,2024-01-24 18:14:24
26.219297071719975,12,2.0,13,0,153,0.45469775854610806,CATERING,3.2943012426991136,0.6,5,IDENTIFIED,0.2880576411218193,2.0,34,0.07838975338874501,0,O00530,R019,HEALTHY,2024-01-24 19:19:12
29.150212772956863,28,1.0,18,6,138,0.46061990880829556,FAST_FOOD,3.5671859283757152,1.0,4,IDENTIFIED,0.03804675521336123,2.0,25,0.03640254144340228,1,O00531,R024,STREET_FOOD,2024-01-24 20:24:00
36.98332295037982,11,3.0,10,0,119,0.4949839934409907,CAFE,4.173402459689542,0.25,4,IDENTIFIED,0.34043873819587317,2.0,21,0.1535373554934551,1,O00532,R013,BRUNCH,2024-01-24 21:28:48
33.8921816320828,5,4.0,20,1,152,0.5344631746008323,FOOD_TRUCK,4.057130138238625,0.5714285714285714,7,IDENTIFIED,0.12254750961950285,2.0,6,0.09732898892821559,1,O00533,R004,STREET_FOOD,2024-01-24 22:33:36
41.45489709124397,25,1.5,14,0,191,0.5783938578371011,FAST_FOOD,4.303746398295807,0.3333333333333333,6,IDENTIFIED,0.29976979344029175,2.0,39,0.01,1,O00534,R054,FAST_FOOD,2024-01-24 23:38:24
29.340832188697437,25,5.0,12,3,103,0.5448574342559156,FOOD_TRUCK,3.800046416200278,0.6,5,ANONYMOUS,0.2435141309111195,2.0,7,0.20419275564526385,1,O00535,R070,FAST_FOOD,2024-01-25 00:43:12
39.409918249724925,19,0.5,20,2,20,0.44971309359822215,RESTAURANT,3.3528823975793207,1.0,3,IDENTIFIED,0.4245577177568348,2.0,13,0.01,1,O00536,R037,PASTA,2024-01-25 01:48:00
48.73936840876213,17,1.5,13,1,39,0.6004569806144525,FOOD_TRUCK,4.068682803097095,0.2,5,IDENTIFIED,0.2290130836732778,2.0,24,0.03900019297075701,1,O00537,R055,FAST_FOOD,2024-01-25 02:52:48
56.905610327608144,9,6.0,12,6,89,0.6260446819822828,FAST_FOOD,3.616049105204268,0.75,4,IDENTIFIED,0.0,2.0,9,0.08007330302577757,1,O00538,R080,FAST_FOOD,2024-01-25 03:57:36
40.303218949440144,13,3.0,14,0,94,0.46175612239128966,FAST_FOOD,3.616049105204268,0.8,5,ANONYMOUS,0.4984789826845921,2.0,37,0.11004144884113456,0,O00539,R080,BURGER,2024-01-25 05:02:24
38.466574169911006,21,1.5,12,4,74,0.5176552780196138,RESTAURANT,5.0,0.4,5,IDENTIFIED,0.8413803257461315,2.0,71,0.17729800981211832,0,O00540,R071,HEALTHY,2024-01-25 06:07:12
70.9336640371191,24,3.0,21,1,162,0.44038134983052873,RESTAURANT,2.8789243804126032,0.125,8,ANONYMOUS,0.07259551988265317,2.0,74,0.12104819527093652,0,O00541,R039,SUSHI,2024-01-25 07:12:00
40.59744628453001,7,2.0,13,3,60,0.526689732066805,FAST_FOOD,3.346535331369818,0.2857142857142857,7,IDENTIFIED,0.1366359413426697,2.0,9,0.15641848733623825,0,O00542,R010,SANDWICH,2024-01-25 08:16:48
37.74645401953761,20,6.0,9,1,128,0.5825214294755049,BAKERY,3.9279719162450872,0.4,5,IDENTIFIED,0.017034163647111814,2.0,13,0.04073496993846733,1,O00543,R030,BREAKFAST,2024-01-25 09:21:36
59.590247708898715,10,5.0,12,6,71,0.5354503322501397,FAST_FOOD,3.5920105952783357,0.2222222222222222,9,ANONYMOUS,0.41421678445404375,2.0,27,0.13669301752288723,0,O00544,R026,BURGER,2024-01-25 10:26:24
63.677078737270115,18,1.0,9,4,60,0.5748500644358023,BAKERY,4.262169475601567,0.5555555555555556,9,ANONYMOUS,0.75444263937032,2.0,56,0.3317901271678162,0,O00545,R028,BREAKFAST,2024-01-25 11:31:12
60.33100475682855,10,3.0,13,5,123,0.5383680996994656,FAST_FOOD,3.6534868804950746,0.0,4,IDENTIFIED,0.1999911972420097,2.0,33,0.09524234054808779,0,O00546,R068,BURGER,2024-01-25 12:36:00
51.883412003834984,16,3.0,13,3,170,0.5511198245216082,FAST_FOOD,4.572960003829547,0.2222222222222222,9,IDENTIFIED,0.34062479006195207,2.0,37,0.19569659694688674,0,O00547,R050,FAST_FOOD,2024-01-25 13:40:48
25.471296328336592,14,0.5,21,2,37,0.40759618765642275,CATERING,3.565011044514906,0.16666666666666666,6,IDENTIFIED,0.2468181008098761,2.0,12,0.01,1,O00548,R020,PASTA,2024-01-25 14:45:36
38.28042463573425,20,1.5,20,2,143,0.4429738878344057,CATERING,3.1558426563006043,1.0,4,ANONYMOUS,0.1319173183830425,2.0,10,0.08868107230239236,1,O00549,R011,GRILL,2024-01-25 15:50:24
60.89879819738519,28,2.0,12,2,16,0.515984702843346,FAST_FOOD,3.2572286068644694,0.8571428571428571,7,IDENTIFIED,0.015679295408187615,2.0,38,0.08549290547239084,1,O00550,R066,SANDWICH,2024-01-25 16:55:12
56.17777902625296,28,4.0,14,4,28,0.461615396557043,CATERING,4.386289126933204,0.25,4,IDENTIFIED,0.6095214118377931,2.0,67,0.15128763057297115,0,O00551,R038,HEALTHY,2024-01-25 18:00:00
64.13057368038764,28,2.0,14,0,52,0.6290451622446221,CAFE,3.8949233547471653,0.0,2,ANONYMOUS,0.788232289271382,2.0,83,0.2596435212161388,0,O00552,R045,DESSERT,2024-01-25 19:04:48
61.94803733907867,7,3.0,13,5,71,0.6424436103041031,CAFE,2.8338030196367794,0.5,10,IDENTIFIED,0.32483338628981606,2.0,11,0.14728100496024954,1,O00553,R078,DESSERT,2024-01-25 20:09:36
38.99338208807736,23,3.0,12,5,119,0.5019514842013852,RESTAURANT,3.661412441986213,0.6666666666666666,6,IDENTIFIED,0.024841749748233416,2.0,39,0.1407647528912091,1,O00554,R076,SALAD,2024-01-25 21:14:24
30.44581336323294,13,2.0,19,0,137,0.4222767779204717,RESTAURANT,3.661412441986213,0.7142857142857143,7,IDENTIFIED,0.2092408147131522,2.0,19,0.07684038336410086,1,O00555,R076,GRILL,2024-01-25 22:19:12
55.378285299924414,9,4.0,20,4,155,0.4651897150251184,CATERING,3.797182973303961,0.8,5,ANONYMOUS,0.35818588008670427,2.0,4,0.011261938606904415,1,O00556,R051,GRILL,2024-01-25 23:24:00
45.33287052328682,26,4.0,12,1,43,0.6466713264876095,FAST_FOOD,3.616049105204268,0.6666666666666666,6,IDENTIFIED,0.5884042325655053,2.0,58,0.16811718892655847,0,O00557,R080,FAST_FOOD,2024-01-26 00:28:48
36.54195740141914,5,2.0,14,3,29,0.5306565713101762,FAST_FOOD,3.5671859283757152,1.0,5,ANONYMOUS,0.21276576819804532,2.0,13,0.07834198788014332,0,O00558,R024,STREET_FOOD,2024-01-26 01:33:36
32.079533329586226,23,2.0,11,6,78,0.641754164334726,FOOD_TRUCK,4.092770052054342,0.14285714285714285,7,ANONYMOUS,0.30658749609071667,2.0,44,0.11044437756639625,1,O00559,R007,STREET_FOOD,2024-01-26 02:38:24
53.2058464384229,16,5.0,20,1,85,0.3244541768103283,RESTAURANT,3.3528823975793207,1.0,4,IDENTIFIED,0.14921790296274612,2.0,29,0.05087404151134299,1,O00560,R037,FINE_DINING,2024-01-26 03:43:12
26.59344530437602,24,2.0,12,0,119,0.6508522996142044,BAKERY,3.330716157192649,0.75,4,IDENTIFIED,0.07867026428578669,2.0,81,0.2508835456308864,0,O00561,R059,BAKERY,2024-01-26 04:48:00
47.05727105807596,5,1.5,14,4,68,0.47569999382277095,RESTAURANT,4.19117461888607,0.7142857142857143,7,IDENTIFIED,0.16563142562349192,2.0,2,0.016558195493464628,1,O00562,R017,HEALTHY,2024-01-26 05:52:48
34.613003951119936,6,2.0,14,6,178,0.5188429976341703,FAST_FOOD,3.973582751974687,0.6666666666666666,3,IDENTIFIED,0.33558001535497706,2.0,13,0.19911567232987576,0,O00563,R060,SANDWICH,2024-01-26 06:57:36
52.17765126071908,19,1.0,13,6,38,0.5329435644407791,FAST_FOOD,3.346535331369818,0.25,8,IDENTIFIED,0.28288270451748676,2.0,23,0.06379706669634516,0,O00564,R010,BURGER,2024-01-26 08:02:24
50.808873131886735,22,2.0,14,6,77,0.5374478599917731,BAKERY,3.8497693798953305,0.3333333333333333,6,ANONYMOUS,0.41447847671078825,2.0,74,0.18315508165093186,0,O00565,R058,DESSERT,2024-01-26 09:07:12
34.866763591254156,24,4.0,14,5,33,0.526729301061338,FAST_FOOD,3.616049105204268,0.5714285714285714,7,IDENTIFIED,0.8757298721044986,2.0,34,0.22790140978903783,0,O00566,R080,PIZZA,2024-01-26 10:12:00
27.25073377359372,18,4.0,21,3,51,0.31680802027453014,CATERING,3.593114160823445,0.5714285714285714,7,ANONYMOUS,0.18839087795707987,2.0,27,0.07291505093888577,1,O00567,R067,FINE_DINING,2024-01-26 11:16:48
30.505129164254637,7,2.0,21,0,58,0.28775959507612764,CATERING,3.797182973303961,0.8333333333333334,6,IDENTIFIED,0.1493091816680756,2.0,9,0.04220425749850821,1,O00568,R051,FINE_DINING,2024-01-26 12:21:36
49.79627654884805,22,1.5,9,3,76,0.525878288530311,CAFE,2.8338030196367794,0.5454545454545454,11,IDENTIFIED,0.14483008387897245,2.0,10,0.0622716873238833,1,O00569,R078,BREAKFAST,2024-01-26 13:26:24
43.51321078369551,20,5.0,21,0,200,0.4861033031560557,FOOD_TRUCK,4.068682803097095,0.3333333333333333,6,ANONYMOUS,0.10661544329141276,2.0,33,0.2042988622656,1,O00570,R055,BBQ,2024-01-26 14:31:12
40.300956549928095,16,3.0,20,3,68,0.4322714791696723,FOOD_TRUCK,3.8641771950274,0.4444444444444444,9,IDENTIFIED,0.2014776105814961,2.0,12,0.04113797929551726,1,O00571,R012,BBQ,2024-01-26 15:36:00
34.23440489309258,10,0.5,13,1,199,0.5282096943505682,FOOD_TRUCK,4.092770052054342,0.25,8,IDENTIFIED,0.407843602394682,2.0,12,0.13873768637016315,0,O00572,R007,BURGER,2024-01-26 16:40:48
29.46396149867769,22,3.0,13,3,158,0.5332073185561971,FAST_FOOD,4.310091164856999,0.3333333333333333,6,IDENTIFIED,0.2870786465126479,2.0,8,0.01,1,O00573,R074,SANDWICH,2024-01-26 17:45:36
41.118498511650934,29,3.0,19,6,85,0.4225827189754956,CATERING,4.455128624198876,0.6666666666666666,3,ANONYMOUS,0.0391557431530557,2.0,50,0.193365348041996,0,O00574,R073,PASTA,2024-01-26 18:50:24
38.81087003992099,25,1.0,14,1,31,0.5420946529276055,FAST_FOOD,3.5920105952783357,0.2,10,ANONYMOUS,0.0,2.0,12,0.09404948007131209,1,O00575,R026,SANDWICH,2024-01-26 19:55:12
36.23529818922645,17,6.0,12,4,122,0.4858996261773175,CATERING,3.593114160823445,0.625,8,IDENTIFIED,0.16746496497176933,2.0,46,0.17702934578039242,0,O00576,R067,HEALTHY,2024-01-26 21:00:00
32.48657401961034,19,2.0,14,6,77,0.5559144326994603,FOOD_TRUCK,5.0,0.5,4,IDENTIFIED,0.0,2.0,35,0.13444589065448925,0,O00577,R062,BURGER,2024-01-26 22:04:48
51.35597057682058,8,6.0,12,6,141,0.653157008507329,BAKERY,3.9279719162450872,0.5,6,ANONYMOUS,0.5720709466068225,2.0,10,0.1705570426787847,1,O00578,R030,BAKERY,2024-01-26 23:09:36
43.2130116664861,16,4.0,9,1,123,0.5505880730111775,CAFE,2.8338030196367794,0.5833333333333334,12,ANONYMOUS,0.8525252533480918,2.0,52,0.01,0,O00579,R078,BREAKFAST,2024-01-27 00:14:24
37.35131293298192,19,2.0,14,6,152,0.4292450711414255,CAFE,2.6189910336437396,0.75,8,IDENTIFIED,0.06308025720085644,2.0,34,0.01,1,O00580,R061,SANDWICH,2024-01-27 01:19:12
25.644311745638635,16,5.0,13,2,164,0.5340306765928005,FOOD_TRUCK,4.06441066239825,0.2727272727272727,11,IDENTIFIED,0.38452121924281923,2.0,44,0.2555580239498475,1,O00581,R023,SANDWICH,2024-01-27 02:24:00
34.05763035014245,23,1.0,12,5,41,0.5007751675693032,CAFE,2.6189910336437396,0.7777777777777778,9,ANONYMOUS,0.0,2.0,26,0.1562396028739353,1,O00582,R061,SANDWICH,2024-01-27 03:28:48
29.73073245741632,23,0.5,13,0,111,0.6498970534729472,FOOD_TRUCK,4.356993699800905,1.0,5,IDENTIFIED,0.8262634630122618,2.0,64,0.08852098327334967,0,O00583,R069,FAST_FOOD,2024-01-27 04:33:36
44.441931200548524,31,2.0,20,2,151,0.3140365187924041,RESTAURANT,3.3803185346678775,0.625,8,IDENTIFIED,0.3461140332782808,2.0,50,0.10634832000410596,1,O00584,R072,FINE_DINING,2024-01-27 05:38:24
45.17036109585798,23,3.0,12,6,197,0.4747691317923511,RESTAURANT,3.3528823975793207,1.0,5,IDENTIFIED,0.4558531038090266,2.0,80,0.10861971054910788,0,O00585,R037,SALAD,2024-01-27 06:43:12
27.014590847081653,12,3.0,13,3,66,0.6186115950159335,BAKERY,4.262169475601567,0.5,10,IDENTIFIED,0.42206191279141847,2.0,20,0.09539141541163561,1,O00586,R028,DESSERT,2024-01-27 07:48:00
42.34462142979927,15,2.0,13,4,86,0.5283779592219241,FOOD_TRUCK,4.356993699800905,0.8333333333333334,6,IDENTIFIED,0.278086373427591,2.0,46,0.2176046872166083,0,O00587,R069,FAST_FOOD,2024-01-27 08:52:48
52.49357160637071,29,3.0,19,3,140,0.43203917097752637,CATERING,3.565011044514906,0.2857142857142857,7,IDENTIFIED,0.18357476455467792,2.0,30,0.11328516332063178,0,O00588,R020,PASTA,2024-01-27 09:57:36
63.624881916989324,5,1.0,19,1,120,0.4995888900884149,FOOD_TRUCK,3.1265420325537248,0.42857142857142855,14,IDENTIFIED,0.6144219627525909,2.0,10,0.3893363393059136,1,O00589,R048,BBQ,2024-01-27 11:02:24
38.16892476694471,14,3.0,9,1,44,0.49790714379599876,CAFE,4.173402459689542,0.4,5,IDENTIFIED,0.47991352738947635,2.0,40,0.1776853819879513,0,O00590,R013,BREAKFAST,2024-01-27 12:07:12
44.95262482039364,20,2.0,16,3,174,0.5373999229106731,FOOD_TRUCK,3.8641771950274,0.5,10,IDENTIFIED,0.5145807274886786,2.0,61,0.07537420917508054,0,O00591,R012,STREET_FOOD,2024-01-27 13:12:00
58.19132300978318,6,2.0,20,5,192,0.2803113258729757,RESTAURANT,4.2836688861745555,0.8,10,ANONYMOUS,0.1883207163801607,2.0,4,0.06651186617392206,1,O00592,R003,FINE_DINING,2024-01-27 14:16:48
54.27887039014789,12,2.0,21,5,205,0.41910302766920876,CATERING,3.155638354146062,0.7142857142857143,7,ANONYMOUS,0.7075109275448337,2.0,26,0.04519407653573955,0,O00593,R065,PASTA,2024-01-27 15:21:36
42.462053388037525,10,4.0,20,4,72,0.3717206773264754,RESTAURANT,3.3528823975793207,0.8333333333333334,6,ANONYMOUS,0.3466892083124368,2.0,12,0.01,1,O00594,R037,SUSHI,2024-01-27 16:26:24
29.012063921131446,28,2.0,21,1,138,0.3697160095236343,RESTAURANT,4.2836688861745555,0.8181818181818182,11,ANONYMOUS,0.2684021173551046,2.0,46,0.01,1,O00595,R003,SEAFOOD,2024-01-27 17:31:12
51.97530674586259,23,4.0,21,4,81,0.5030709840181917,CATERING,4.455128624198876,0.5,4,ANONYMOUS,0.466443999713454,2.0,56,0.01,0,O00596,R073,GRILL,2024-01-27 18:36:00
37.21894423162496,24,2.0,9,6,141,0.5378777525853725,BAKERY,3.237076379057974,0.5454545454545454,11,ANONYMOUS,0.02841891847287646,2.0,13,0.05521518334413793,1,O00597,R031,BREAKFAST,2024-01-27 19:40:48
16.576376846329616,16,1.0,15,4,150,0.4567120914683595,FOOD_TRUCK,3.800046416200278,0.6666666666666666,6,IDENTIFIED,0.016053521483304634,2.0,28,0.07538713735337808,1,O00598,R070,STREET_FOOD,2024-01-27 20:45:36
45.76927353946333,8,2.0,14,0,113,0.5780205128975614,FAST_FOOD,3.973582751974687,0.5,4,ANONYMOUS,0.43026209000833404,2.0,18,0.12937628376474727,0,O00599,R060,FAST_FOOD,2024-01-27 21:50:24
55.43293540689747,6,4.0,12,1,159,0.5170443100179417,CATERING,3.593114160823445,0.5555555555555556,9,ANONYMOUS,0.2549944822205832,2.0,7,0.0899047704699421,0,O00600,R067,HEALTHY,2024-01-27 22:55:12
20.627521626935373,31,1.0,21,0,65,0.39000419874478653,CATERING,4.095963490352159,0.42857142857142855,7,IDENTIFIED,0.2757675872726316,2.0,59,0.09727977503918514,1,O00601,R056,PASTA,2024-01-28 00:00:00
35.699816799610524,22,1.0,14,4,85,0.6044709820099899,BAKERY,3.3482373264265872,0.16666666666666666,6,ANONYMOUS,0.1432259024648648,2.0,10,0.058866074990815906,1,O00602,R042,BAKERY,2024-01-28 01:04:48
32.141528680169756,25,1.0,9,4,201,0.5335980153054465,BAKERY,4.212748157693551,0.125,8,IDENTIFIED,0.10770476857663497,2.0,15,0.17143997705635125,1,O00603,R001,BREAKFAST,2024-01-28 02:09:36
49.592055021357986,9,8.0,19,2,42,0.4057607280004485,RESTAURANT,3.648671761825324,0.5333333333333333,15,IDENTIFIED,0.47745818262207035,2.0,16,0.01,1,O00604,R015,SUSHI,2024-01-28 03:14:24
31.271672563684582,7,3.0,21,5,179,0.36485223045821186,RESTAURANT,3.3803185346678775,0.6666666666666666,9,ANONYMOUS,0.35404326858047397,2.0,17,0.01,0,O00605,R072,SEAFOOD,2024-01-28 04:19:12
27.419074252456706,25,1.5,12,2,59,0.5012587950171346,FAST_FOOD,4.303746398295807,0.42857142857142855,7,IDENTIFIED,0.24179967444037098,2.0,32,0.07907434969060093,1,O00606,R054,FAST_FOOD,2024-01-28 05:24:00
19.76572767688612,31,5.0,20,2,142,0.4986785127651607,FAST_FOOD,3.5671859283757152,0.8333333333333334,6,IDENTIFIED,0.4114500520431864,2.0,22,0.11878453855121095,1,O00607,R024,STREET_FOOD,2024-01-28 06:28:48
40.10034859405155,29,3.0,14,1,153,0.5198209432398014,FAST_FOOD,3.6534868804950746,0.0,5,IDENTIFIED,0.0,2.0,40,0.10426817092179293,1,O00608,R068,STREET_FOOD,2024-01-28 07:33:36
68.80263057307275,26,5.0,19,5,178,0.41241025183974406,CATERING,3.9572043767813985,0.5,2,IDENTIFIED,0.4713027913066572,2.0,89,0.12715030879033845,1,O00609,R046,PASTA,2024-01-28 08:38:24
50.47733579044959,17,3.0,13,6,182,0.6968609803673911,BAKERY,3.7012644326945696,0.8,5,IDENTIFIED,0.34960569827978905,2.0,25,0.029855119924762544,0,O00610,R049,BAKERY,2024-01-28 09:43:12
47.525589811732324,30,5.0,14,3,69,0.5643905625918432,FOOD_TRUCK,4.06441066239825,0.25,12,IDENTIFIED,0.1620342915478719,2.0,38,0.12541287085187056,1,O00611,R023,BURGER,2024-01-28 10:48:00
44.84557216643442,20,0.5,12,2,61,0.5586854351162102,FOOD_TRUCK,4.068682803097095,0.42857142857142855,7,IDENTIFIED,0.05606997347634067,2.0,38,0.049757232234245365,1,O00612,R055,SANDWICH,2024-01-28 11:52:48
28.7536312123916,13,4.0,21,2,202,0.5048879001708898,RESTAURANT,2.8789243804126032,0.1111111111111111,9,IDENTIFIED,0.11777605632788986,2.0,23,0.0666606379880099,1,O00613,R039,PASTA,2024-01-28 12:57:36
25.031839015356788,5,1.5,19,5,95,0.4867228653446033,CATERING,3.3362233513389206,0.625,8,IDENTIFIED,0.1671938522367576,2.0,12,0.08061866902738843,0,O00614,R053,GRILL,2024-01-28 14:02:24
30.506542391288725,25,4.0,14,6,197,0.48053607432872153,RESTAURANT,3.661412441986213,0.75,8,IDENTIFIED,0.24495855362584062,2.0,17,0.1411636377839337,1,O00615,R076,HEALTHY,2024-01-28 15:07:12
42.91544151357419,17,1.0,13,1,95,0.5225058945612722,CATERING,3.2943012426991136,0.5,6,IDENTIFIED,0.1975807801221576,2.0,33,0.13961759112603353,1,O00616,R019,HEALTHY,2024-01-28 16:12:00
26.38466862358824,21,8.0,20,6,56,0.5108381493356425,RESTAURANT,4.2836688861745555,0.8333333333333334,12,ANONYMOUS,0.44874441812421817,2.0,33,0.2720295334255235,0,O00617,R003,GRILL,2024-01-28 17:16:48
36.68553233447038,28,1.5,19,0,208,0.457114644076668,FOOD_TRUCK,4.057130138238625,0.625,8,IDENTIFIED,0.25586365828571,2.0,17,0.01,1,O00618,R004,STREET_FOOD,2024-01-28 18:21:36
22.702670827577762,25,0.5,12,4,65,0.4985427998020798,BAKERY,4.472397736270716,0.42857142857142855,7,IDENTIFIED,0.18193227163882988,2.0,38,0.07859880789783522,1,O00619,R006,DESSERT,2024-01-28 19:26:24
43.176078006029236,14,2.0,14,2,156,0.566801088920809,FOOD_TRUCK,3.800046416200278,0.7142857142857143,7,IDENTIFIED,0.28013719427919154,2.0,30,0.0817108509968572,0,O00620,R070,FAST_FOOD,2024-01-28 20:31:12
52.22180484808718,5,5.0,14,4,171,0.510664226612878,FAST_FOOD,3.5920105952783357,0.2727272727272727,11,ANONYMOUS,0.14420740823509398,2.0,9,0.18793393254239912,0,O00621,R026,SANDWICH,2024-01-28 21:36:00
42.73272065638641,22,3.0,21,2,128,0.2834553659059717,RESTAURANT,3.648671761825324,0.5625,16,ANONYMOUS,0.44102436178112,2.0,55,0.12415734412488791,0,O00622,R015,FINE_DINING,2024-01-28 22:40:48
31.790959150988854,25,1.5,12,6,62,0.478333546216695,FAST_FOOD,3.5671859283757152,0.8571428571428571,7,IDENTIFIED,0.2636864359535085,2.0,68,0.11859143935846994,0,O00623,R024,SANDWICH,2024-01-28 23:45:36
52.16915247222052,23,6.0,12,2,149,0.5431517095939945,CATERING,3.593114160823445,0.5,10,IDENTIFIED,0.07943950348332074,2.0,27,0.09024026822759623,1,O00624,R067,HEALTHY,2024-01-29 00:50:24
35.273029451634635,19,0.5,21,3,92,0.4472569012376526,CATERING,3.9572043767813985,0.3333333333333333,3,IDENTIFIED,0.1756483023895165,2.0,33,0.01,1,O00625,R046,GRILL,2024-01-29 01:55:12
57.58995231696506,25,3.0,12,3,56,0.48993576260186156,CATERING,3.8498216987959597,0.42857142857142855,7,ANONYMOUS,0.0,2.0,20,0.01,1,O00626,R052,HEALTHY,2024-01-29 03:00:00
56.85678523054195,24,6.0,14,4,98,0.41213725217697567,RESTAURANT,2.8789243804126032,0.2,10,IDENTIFIED,0.44812921689407825,2.0,60,0.19968802676359226,0,O00627,R039,HEALTHY,2024-01-29 04:04:48
45.5783186667375,7,2.0,21,5,194,0.47278799429442736,FAST_FOOD,3.346535331369818,0.2222222222222222,9,ANONYMOUS,0.613933275629972,2.0,12,0.01,0,O00628,R010,STREET_FOOD,2024-01-29 05:09:36
44.52702436356658,31,1.0,14,6,195,0.42464614024617653,CATERING,3.797182973303961,0.8571428571428571,7,IDENTIFIED,0.05962854798551365,2.0,63,0.22806863787050316,0,O00629,R051,HEALTHY,2024-01-29 06:14:24
39.21215549391263,6,2.0,14,0,25,0.6149727290948039,FAST_FOOD,2.874421625611307,0.3333333333333333,9,ANONYMOUS,0.40889795760258807,2.0,9,0.013235817244443879,1,O00630,R016,FAST_FOOD,2024-01-29 07:19:12
29.97666328405678,30,6.0,21,5,144,0.4717562881036565,CATERING,3.8498216987959597,0.5,8,IDENTIFIED,0.0,2.0,17,0.22977772208403996,1,O00631,R052,GRILL,2024-01-29 08:24:00
34.20556740125694,28,2.0,20,2,160,0.4176327370835913,CATERING,3.2943012426991136,0.5714285714285714,7,ANONYMOUS,0.12701236166774452,2.0,13,0.12299875776176729,1,O00632,R019,PASTA,2024-01-29 09:28:48
51.16538564427904,31,1.5,8,2,159,0.49390276488393337,CAFE,4.027925188301798,0.6,5,IDENTIFIED,0.11214698368373657,2.0,23,0.07887455158312062,1,O00633,R036,BRUNCH,2024-01-29 10:33:36
42.41134871846363,20,1.5,12,2,105,0.5798866766947693,FAST_FOOD,3.2572286068644694,0.875,8,ANONYMOUS,0.01466157761636279,2.0,36,0.13141576379160322,1,O00634,R066,BURGER,2024-01-29 11:38:24
29.661812140304914,14,3.0,14,1,194,0.5667143239210425,FAST_FOOD,4.310091164856999,0.42857142857142855,7,ANONYMOUS,0.29900683827625774,2.0,47,0.24885751100327286,0,O00635,R074,FAST_FOOD,2024-01-29 12:43:12
33.20171395929569,25,4.0,19,3,107,0.350058428367225,CATERING,4.011723031358224,0.625,8,IDENTIFIED,0.17833917346678554,2.0,42,0.12732853547100523,1,O00636,R043,FINE_DINING,2024-01-29 13:48:00
54.759149316366255,14,3.0,20,1,146,0.5103954501830842,CATERING,4.045339710815144,0.5714285714285714,7,IDENTIFIED,0.293292351974161,2.0,18,0.1713805661656919,0,O00637,R044,GRILL,2024-01-29 14:52:48
40.67574950020452,22,3.0,19,1,170,0.480570796806195,FAST_FOOD,3.616049105204268,0.5,8,ANONYMOUS,0.8406819172914539,2.0,45,0.19651143613458685,0,O00638,R080,STREET_FOOD,2024-01-29 15:57:36
38.061379660509736,13,2.0,12,5,37,0.5830907161486676,CAFE,3.9450444623960856,0.42857142857142855,7,IDENTIFIED,0.523392362038684,2.0,37,0.08542049630935601,0,O00639,R075,SANDWICH,2024-01-29 17:02:24
48.018176339041176,12,3.0,9,3,36,0.5021805922630692,CAFE,3.091917580299283,0.3,10,ANONYMOUS,0.0375536104024885,2.0,15,0.09400353703447548,1,O00640,R064,BRUNCH,2024-01-29 18:07:12
35.42680659947057,5,1.0,19,4,120,0.5182743169666932,CATERING,3.593114160823445,0.5454545454545454,11,IDENTIFIED,0.21755506461694848,2.0,6,0.1148101157600465,1,O00641,R067,GRILL,2024-01-29 19:12:00
32.0051799870553,28,4.0,14,1,186,0.5611875206268466,FAST_FOOD,2.874421625611307,0.4,10,IDENTIFIED,0.0,2.0,47,0.10858461056091459,1,O00642,R016,STREET_FOOD,2024-01-29 20:16:48
35.570367484703965,5,2.0,12,0,179,0.4959995938500218,CAFE,3.8703122217420067,0.8,5,IDENTIFIED,0.6092322438190312,2.0,17,0.08618830790484058,0,O00643,R002,SANDWICH,2024-01-29 21:21:36
41.037071175732194,28,3.0,9,6,163,0.5880892299658365,CAFE,3.9450444623960856,0.375,8,IDENTIFIED,0.10425648252243461,2.0,23,0.010075050419976861,1,O00644,R075,CAFE,2024-01-29 22:26:24
29.358142929838856,21,2.0,21,0,147,0.49886693202683513,FOOD_TRUCK,3.1265420325537248,0.4,15,ANONYMOUS,0.009635950523244022,2.0,40,0.06584319373870587,1,O00645,R048,BBQ,2024-01-29 23:31:12
24.351054147752546,19,3.0,12,6,143,0.6229490582660516,CAFE,4.027925188301798,0.6666666666666666,6,IDENTIFIED,0.42306082888707314,2.0,38,0.04563940703319125,0,O00646,R036,DESSERT,2024-01-30 00:36:00
50.36962628940047,15,2.0,14,0,60,0.5066647451585135,CATERING,3.8498216987959597,0.5555555555555556,9,IDENTIFIED,0.13486296121836183,2.0,25,0.10822759594192159,1,O00647,R052,HEALTHY,2024-01-30 01:40:48
30.92510020394527,12,1.0,13,6,170,0.5850478952474809,BAKERY,4.472397736270716,0.5,8,ANONYMOUS,0.831266676217679,2.0,28,0.15428894727158268,0,O00648,R006,DESSERT,2024-01-30 02:45:36
37.72332398220112,28,0.5,14,0,166,0.4750416459950847,FAST_FOOD,4.310091164856999,0.375,8,IDENTIFIED,0.0,2.0,53,0.01,1,O00649,R074,STREET_FOOD,2024-01-30 03:50:24
54.123405015647435,20,6.0,21,3,91,0.4297123342747661,CATERING,3.797182973303961,0.75,8,IDENTIFIED,0.0,2.0,18,0.1169987438483832,1,O00650,R051,GRILL,2024-01-30 04:55:12
49.52718033020008,11,4.0,8,5,150,0.5442583821335194,BAKERY,3.237076379057974,0.5833333333333334,12,IDENTIFIED,0.35561752429650806,2.0,19,0.319035890798961,0,O00651,R031,BREAKFAST,2024-01-30 06:00:00
24.357789493056316,20,1.5,12,1,16,0.5610191594309805,FAST_FOOD,3.616049105204268,0.4444444444444444,9,IDENTIFIED,0.14933456693782465,2.0,31,0.1461556596832584,1,O00652,R080,STREET_FOOD,2024-01-30 07:04:48
38.99440737625562,10,4.0,8,5,169,0.5614732348058671,BAKERY,3.237076379057974,0.5384615384615384,13,IDENTIFIED,0.8516677243854204,2.0,17,0.28385539279828104,0,O00653,R031,BREAKFAST,2024-01-30 08:09:36
36.827331762135444,29,5.0,20,2,103,0.4237090482089581,RESTAURANT,3.676877650715725,0.5,10,IDENTIFIED,0.28774195493509336,2.0,55,0.11162105419364612,1,O00654,R057,PASTA,2024-01-30 09:14:24
21.495605729394057,17,1.5,14,4,128,0.5150946921859292,FOOD_TRUCK,3.8641771950274,0.45454545454545453,11,IDENTIFIED,0.1142505010344039,2.0,17,0.025048571631318954,0,O00655,R012,STREET_FOOD,2024-01-30 10:19:12
58.93327474617063,14,5.0,13,0,104,0.6132695594022216,CAFE,3.8703122217420067,0.6666666666666666,6,IDENTIFIED,0.42914340609881957,2.0,34,0.08625688800180198,0,O00656,R002,DESSERT,2024-01-30 11:24:00
38.287149061245195,31,2.0,13,4,58,0.4842513688810285,FOOD_TRUCK,4.092770052054342,0.2222222222222222,9,ANONYMOUS,0.0,2.0,15,0.07386219542794649,1,O00657,R007,BURGER,2024-01-30 12:28:48
39.36101164707384,7,4.0,21,1,197,0.44760985907475426,CATERING,3.2943012426991136,0.625,8,ANONYMOUS,0.22401498474212134,2.0,22,0.15859420912492134,0,O00658,R019,PASTA,2024-01-30 13:33:36
63.680929083259585,29,0.5,12,3,139,0.5978313816534672,BAKERY,3.3482373264265872,0.2857142857142857,7,IDENTIFIED,0.36054993172236877,2.0,53,0.20804908716553025,0,O00659,R042,DESSERT,2024-01-30 14:38:24
59.03661684918306,22,2.0,12,2,148,0.6056296377638196,BAKERY,3.3482373264265872,0.25,8,IDENTIFIED,0.8281866487326698,2.0,32,0.03378493780491451,0,O00660,R042,BAKERY,2024-01-30 15:43:12
39.66087953958905,27,3.0,20,3,98,0.4626262755792017,RESTAURANT,4.977906180478754,0.375,8,ANONYMOUS,0.10450727256920339,2.0,29,0.09022670500126788,1,O00661,R008,PASTA,2024-01-30 16:48:00
28.98082756818338,21,2.0,8,0,207,0.5399126910210146,BAKERY,3.8497693798953305,0.2857142857142857,7,ANONYMOUS,0.25320927982028274,2.0,31,0.09436012811163193,1,O00662,R058,BREAKFAST,2024-01-30 17:52:48
40.283974803614385,24,1.5,12,6,39,0.5081280135240257,RESTAURANT,4.2836688861745555,0.7692307692307693,13,ANONYMOUS,0.34543394413861883,2.0,7,0.055490425821775685,1,O00663,R003,SALAD,2024-01-30 18:57:36
51.24096824994015,19,2.0,19,1,47,0.33731651883519387,RESTAURANT,3.661412441986213,0.7777777777777778,9,ANONYMOUS,0.5724826150215727,2.0,41,0.14281204635124073,0,O00664,R076,SUSHI,2024-01-30 20:02:24
39.49609286287988,17,4.0,8,2,40,0.5398597072228698,CAFE,2.6189910336437396,0.8,10,IDENTIFIED,0.17113272508051053,2.0,41,0.09066902880604268,0,O00665,R061,CAFE,2024-01-30 21:07:12
47.85058163222768,23,4.0,14,5,113,0.4038839375162675,CATERING,3.797182973303961,0.7777777777777778,9,IDENTIFIED,0.592650033229565,2.0,55,0.1357451878626338,0,O00666,R051,HEALTHY,2024-01-30 22:12:00
46.473847184935025,25,3.0,8,1,80,0.5422095909307726,BAKERY,3.7012644326945696,0.6666666666666666,6,IDENTIFIED,0.3599541594174201,2.0,31,0.10127426155572458,1,O00667,R049,BREAKFAST,2024-01-30 23:16:48
33.74960593485547,19,3.0,12,5,155,0.505232963650774,FAST_FOOD,3.5920105952783357,0.25,12,IDENTIFIED,0.2943484289269185,2.0,30,0.11556072898720822,0,O00668,R026,SANDWICH,2024-01-31 00:21:36
41.44541634658807,9,1.5,12,0,144,0.6543111020121599,FAST_FOOD,4.572960003829547,0.2,10,IDENTIFIED,0.2122996153969499,2.0,4,0.017316336266491067,1,O00669,R050,FAST_FOOD,2024-01-31 01:26:24
48.460718282958524,18,1.5,12,4,102,0.6012562715031937,CAFE,3.8703122217420067,0.5714285714285714,7,IDENTIFIED,0.0,2.0,13,0.19476668110231965,1,O00670,R002,DESSERT,2024-01-31 02:31:12
41.63836054731911,28,2.0,12,4,174,0.5777636972328472,BAKERY,3.330716157192649,0.6,5,IDENTIFIED,0.0,2.0,31,0.022327591870912447,1,O00671,R059,BAKERY,2024-01-31 03:36:00
49.481571603498686,24,2.0,19,1,39,0.2918868814536,CATERING,4.045339710815144,0.5,8,IDENTIFIED,0.40475135738087875,2.0,77,0.23295252504372693,0,O00672,R044,FINE_DINING,2024-01-31 04:40:48
69.25512396243252,14,6.0,12,6,76,0.5521880878502378,CATERING,4.386289126933204,0.2,5,IDENTIFIED,0.26376598426132647,2.0,37,0.01,1,O00673,R038,HEALTHY,2024-01-31 05:45:36
52.79474898008746,18,6.0,12,5,49,0.4807122648594658,CATERING,3.1558426563006043,1.0,5,ANONYMOUS,0.3721944767624322,2.0,24,0.15448044293846774,0,O00674,R011,HEALTHY,2024-01-31 06:50:24
45.60019394391298,15,1.5,20,4,41,0.3400506914473678,RESTAURANT,3.0725152132050786,0.6,10,IDENTIFIED,0.4909568155204814,2.0,24,0.01,1,O00675,R025,SEAFOOD,2024-01-31 07:55:12
39.773776343875944,15,3.0,12,0,121,0.516752784237914,FOOD_TRUCK,4.259311185253018,0.8571428571428571,7,IDENTIFIED,0.02783919230007942,2.0,31,0.0496457599447217,0,O00676,R032,BURGER,2024-01-31 09:00:00
45.25745973034601,27,1.0,9,3,94,0.5354214396373604,CAFE,4.027925188301798,0.5714285714285714,7,IDENTIFIED,0.000724445132142322,2.0,9,0.05126803862726899,1,O00677,R036,BRUNCH,2024-01-31 10:04:48
56.52383502737345,8,3.0,13,1,155,0.5100279992671231,CATERING,3.1558426563006043,0.8333333333333334,6,IDENTIFIED,0.1600623421865778,2.0,20,0.15769836336004983,0,O00678,R011,HEALTHY,2024-01-31 11:09:36
45.78941734263885,10,4.0,8,4,62,0.5978342302410711,CAFE,2.8338030196367794,0.5384615384615384,13,ANONYMOUS,0.12324150575027965,2.0,16,0.1271167775363131,0,O00679,R078,CAFE,2024-01-31 12:14:24
57.43033081177482,29,1.5,13,6,94,0.6324566152671887,CAFE,3.091917580299283,0.36363636363636365,11,IDENTIFIED,0.5917525435526027,2.0,61,0.10186452760284503,0,O00680,R064,DESSERT,2024-01-31 13:19:12
36.13934666587455,29,5.0,10,1,160,0.5729131249355063,CAFE,3.8949233547471653,0.0,3,IDENTIFIED,0.2427970862952211,2.0,84,0.2522885582320081,0,O00681,R045,BREAKFAST,2024-01-31 14:24:00
54.47353497730067,5,2.0,21,4,42,0.39005801890513253,CATERING,4.386289126933204,0.16666666666666666,6,IDENTIFIED,0.0,2.0,16,0.13816437042982502,0,O00682,R038,GRILL,2024-01-31 15:28:48
60.87644844089725,30,3.0,14,5,25,0.6441460110463813,BAKERY,3.8497693798953305,0.375,8,IDENTIFIED,0.10072884596418341,2.0,102,0.07752144390787437,0,O00683,R058,BAKERY,2024-01-31 16:33:36
21.113549739755197,22,0.5,14,4,135,0.5863212291962246,FAST_FOOD,4.138788682416522,0.5,10,IDENTIFIED,0.062350551847381655,2.0,25,0.16502786942250525,1,O00684,R009,BURGER,2024-01-31 17:38:24
34.77701327938375,31,2.0,16,6,176,0.4823958036779147,FAST_FOOD,2.874421625611307,0.45454545454545453,11,ANONYMOUS,0.47250251363603313,2.0,81,0.10459278096085071,0,O00685,R016,STREET_FOOD,2024-01-31 18:43:12
50.41564909064729,31,3.0,10,5,160,0.5418777133172535,BAKERY,4.2831476657189995,0.0,5,IDENTIFIED,0.6258352347854932,2.0,47,0.01,0,O00686,R005,BREAKFAST,2024-01-31 19:48:00
38.80329640824672,7,2.0,12,5,204,0.5070041253625373,FAST_FOOD,4.303746398295807,0.5,8,IDENTIFIED,0.19326982103723278,2.0,19,0.23690601558081115,0,O00687,R054,PIZZA,2024-01-31 20:52:48
40.71235036489648,27,2.0,13,0,148,0.5082671943912904,FAST_FOOD,3.616049105204268,0.5,10,ANONYMOUS,0.16879873489938427,2.0,40,0.11406192984240274,1,O00688,R080,PIZZA,2024-01-31 21:57:36
37.61126049706492,27,3.0,13,6,155,0.6053408252137618,FOOD_TRUCK,5.0,0.4,5,IDENTIFIED,0.3202222971200631,2.0,89,0.1178344554369168,0,O00689,R062,BURGER,2024-01-31 23:02:24
21.6127110711131,13,5.0,12,2,124,0.6304586566075596,FOOD_TRUCK,4.092770052054342,0.3,10,ANONYMOUS,0.5718007149569755,2.0,24,0.01,0,O00690,R007,FAST_FOOD,2024-02-01 00:07:12
30.5651083290025,17,2.0,20,6,32,0.4334518807991671,CATERING,3.2943012426991136,0.5555555555555556,9,IDENTIFIED,0.2591642542829167,2.0,33,0.1073597114852991,1,O00691,R019,GRILL,2024-02-01 01:12:00
66.2057727849481,9,3.0,13,6,168,0.5893516163125427,CAFE,4.173402459689542,0.3333333333333333,6,IDENTIFIED,0.24128630622440322,2.0,15,0.1768844782516112,0,O00692,R013,SANDWICH,2024-02-01 02:16:48
53.723602535313276,14,1.0,12,5,174,0.4941690065640194,FOOD_TRUCK,4.06441066239825,0.3076923076923077,13,ANONYMOUS,0.0,2.0,23,0.13030281562211044,0,O00693,R023,SANDWICH,2024-02-01 03:21:36
37.00250483012802,24,3.0,13,5,97,0.6104698437886878,FAST_FOOD,2.874421625611307,0.4166666666666667,12,IDENTIFIED,0.338926044456716,2.0,54,0.12719360247375847,0,O00694,R016,FAST_FOOD,2024-02-01 04:26:24
28.14729030043266,9,3.0,9,2,108,0.5803366245797211,CAFE,3.2865102759945675,0.3,10,IDENTIFIED,0.5860880148804972,2.0,18,0.07098637450343516,0,O00695,R027,BRUNCH,2024-02-01 05:31:12
45.27461015096998,15,2.0,14,3,179,0.46893217537912135,FOOD_TRUCK,4.092770052054342,0.2727272727272727,11,IDENTIFIED,0.30374157733206164,2.0,26,0.01,1,O00696,R007,BURGER,2024-02-01 06:36:00
40.41487768669033,15,3.0,14,1,69,0.6424729740807091,BAKERY,4.472397736270716,0.4444444444444444,9,ANONYMOUS,0.4704601867385981,2.0,41,0.19522721290953443,0,O00697,R006,DESSERT,2024-02-01 07:40:48
25.982623197039757,5,2.0,14,1,199,0.5206905022270664,FOOD_TRUCK,2.9985642990793835,0.5714285714285714,7,IDENTIFIED,0.0,2.0,4,0.17445941518885788,1,O00698,R014,SANDWICH,2024-02-01 08:45:36
32.550072827665,24,6.0,21,3,106,0.3491416691761422,CATERING,3.2943012426991136,0.6,10,IDENTIFIED,0.3013569560249545,2.0,42,0.14679565588033766,1,O00699,R019,GRILL,2024-02-01 09:50:24
35.73441405768135,16,3.0,12,2,39,0.5245047612719569,FAST_FOOD,3.142288194926028,0.25,4,ANONYMOUS,0.0876531981355346,2.0,29,0.01,1,O00700,R022,PIZZA,2024-02-01 10:55:12
29.44454325111602,17,0.5,9,5,98,0.5901687187595157,BAKERY,3.8497693798953305,0.3333333333333333,9,IDENTIFIED,0.13943062890926877,2.0,22,0.0841458125999188,1,O00701,R058,BREAKFAST,2024-02-01 12:00:00
17.151642143755534,22,3.0,12,2,65,0.45954480555674715,FAST_FOOD,4.572960003829547,0.2727272727272727,11,ANONYMOUS,0.0,2.0,34,0.05223479689051544,0,O00702,R050,SANDWICH,2024-02-01 13:04:48
53.75580179411709,31,4.0,12,0,137,0.37133053646418723,RESTAURANT,4.19117461888607,0.75,8,ANONYMOUS,0.14727703123532565,2.0,15,0.08705472102651621,0,O00703,R017,HEALTHY,2024-02-01 14:09:36
15.0,24,4.0,21,6,46,0.467474817956226,CATERING,4.045339710815144,0.4444444444444444,9,ANONYMOUS,0.13498891695118684,2.0,47,0.06602891551853134,1,O00704,R044,PASTA,2024-02-01 15:14:24
45.22349821401384,26,4.0,14,0,131,0.6028648411404274,BAKERY,4.2831476657189995,0.0,6,ANONYMOUS,0.5520041810505599,2.0,88,0.17163626106372465,0,O00705,R005,DESSERT,2024-02-01 16:19:12
52.17143430844016,17,3.0,14,2,106,0.48199475376005896,RESTAURANT,3.648671761825324,0.5294117647058824,17,IDENTIFIED,0.20271310423517416,2.0,50,0.23865761324085788,0,O00706,R015,HEALTHY,2024-02-01 17:24:00
75.0,21,2.0,19,6,98,0.27949820489289073,CATERING,3.9572043767813985,0.5,4,ANONYMOUS,0.0,2.0,23,0.11164151450489586,1,O00707,R046,FINE_DINING,2024-02-01 18:28:48
53.70465872523794,30,4.0,12,0,194,0.6193982005513514,CAFE,4.027925188301798,0.625,8,IDENTIFIED,0.1710604358729271,2.0,56,0.18590206723274752,1,O00708,R036,SANDWICH,2024-02-01 19:33:36
55.7176530991764,10,3.0,11,1,34,0.42371267537595736,RESTAURANT,3.3528823975793207,0.8571428571428571,7,IDENTIFIED,0.24369597421436734,2.0,28,0.08098574577724027,0,O00709,R037,VEGETARIAN,2024-02-01 20:38:24
36.07740440228439,8,6.0,10,0,142,0.5586758273737551,CAFE,4.173402459689542,0.2857142857142857,7,IDENTIFIED,0.43955865412967365,2.0,18,0.01,0,O00710,R013,CAFE,2024-02-01 21:43:12
42.42979633360364,23,1.5,14,4,124,0.545324371625986,BAKERY,4.2831476657189995,0.0,7,IDENTIFIED,0.15361085703364805,2.0,37,0.11607381078509316,1,O00711,R005,DESSERT,2024-02-01 22:48:00
48.72939524949526,31,3.0,13,0,106,0.6070059766954309,CAFE,3.091917580299283,0.3333333333333333,12,IDENTIFIED,0.0,2.0,64,0.0742762848405252,0,O00712,R064,DESSERT,2024-02-01 23:52:48
47.911080983354346,5,3.0,20,2,127,0.34115090423822525,CATERING,4.011723031358224,0.6666666666666666,9,ANONYMOUS,0.09701152966592934,2.0,6,0.0479372796334245,1,O00713,R043,PASTA,2024-02-02 00:57:36
30.888609649007474,16,4.0,19,0,113,0.46914985666069575,FAST_FOOD,4.138788682416522,0.5454545454545454,11,IDENTIFIED,0.6587742011407656,2.0,41,0.18767288374098587,0,O00714,R009,STREET_FOOD,2024-02-02 02:02:24
40.83838443858921,5,3.0,12,4,163,0.6122601452099697,BAKERY,3.7481555951610934,0.2,5,IDENTIFIED,0.5168598191774414,2.0,6,0.09004969723412831,0,O00715,R063,BAKERY,2024-02-02 03:07:12
62.93155664873,5,8.0,20,1,49,0.4806390212311265,FAST_FOOD,3.142288194926028,0.4,5,ANONYMOUS,0.5372100497675547,2.0,11,0.12885941502476025,0,O00716,R022,STREET_FOOD,2024-02-02 04:12:00
57.29021253109708,14,0.5,13,1,137,0.43969581643697564,RESTAURANT,3.3803185346678775,0.6,10,IDENTIFIED,0.3576454648778574,2.0,24,0.02586930008958048,1,O00717,R072,VEGETARIAN,2024-02-02 05:16:48
36.470773820631855,22,3.0,13,4,105,0.5626978572148184,FAST_FOOD,3.5671859283757152,0.75,8,IDENTIFIED,0.4123790797804067,2.0,43,0.2711951205492479,0,O00718,R024,SANDWICH,2024-02-02 06:21:36
64.64163193546966,22,4.0,14,2,117,0.6076721159063173,BAKERY,3.9279719162450872,0.42857142857142855,7,ANONYMOUS,0.0,2.0,65,0.13632911246916332,0,O00719,R030,BAKERY,2024-02-02 07:26:24
25.920894107757814,24,3.0,13,5,55,0.5245418203092467,FAST_FOOD,3.973582751974687,0.4,5,IDENTIFIED,0.10075237744957238,2.0,28,0.015589195403993228,1,O00720,R060,PIZZA,2024-02-02 08:31:12
37.958141046993774,18,2.0,9,4,153,0.5191730870828962,BAKERY,3.972432616097607,0.16666666666666666,6,IDENTIFIED,0.391027913864472,2.0,31,0.20525362738975736,0,O00721,R035,BREAKFAST,2024-02-02 09:36:00
20.453487374527587,5,1.5,12,0,49,0.5934003299945929,BAKERY,4.2831476657189995,0.125,8,IDENTIFIED,0.24452165878214738,2.0,17,0.398679493059881,0,O00722,R005,DESSERT,2024-02-02 10:40:48
27.87040843335182,20,1.5,21,3,145,0.27738696856440975,CATERING,3.3362233513389206,0.5555555555555556,9,ANONYMOUS,0.37342564778485754,2.0,31,0.1791391534419297,1,O00723,R053,FINE_DINING,2024-02-02 11:45:36
29.386492861047888,8,8.0,20,2,139,0.5140865973379782,CATERING,3.3362233513389206,0.6,10,ANONYMOUS,0.6582592979291906,2.0,16,0.2282931896603811,0,O00724,R053,PASTA,2024-02-02 12:50:24
26.800457751942666,26,1.5,18,0,29,0.42141410308533644,RESTAURANT,4.977906180478754,0.4444444444444444,9,IDENTIFIED,0.19572466123085325,2.0,16,0.13350606074400567,1,O00725,R008,VEGETARIAN,2024-02-02 13:55:12
29.55776697638706,7,4.0,14,1,29,0.5725561342903679,CAFE,3.091917580299283,0.3076923076923077,13,IDENTIFIED,0.1579444906688775,2.0,12,0.013986836368134997,1,O00726,R064,DESSERT,2024-02-02 15:00:00
41.15574317778997,28,3.0,10,6,21,0.5473595256701907,CAFE,3.9450444623960856,0.4444444444444444,9,ANONYMOUS,0.0,2.0,20,0.1313818580920525,1,O00727,R075,BREAKFAST,2024-02-02 16:04:48
52.56837987039377,27,5.0,19,3,84,0.3987543116656964,CATERING,3.2943012426991136,0.6363636363636364,11,ANONYMOUS,0.8956581453102146,2.0,59,0.168523390263636,0,O00728,R019,PASTA,2024-02-02 17:09:36
37.34667988663961,16,3.0,19,4,117,0.44627032651522797,FOOD_TRUCK,3.4481366569876384,0.6666666666666666,6,IDENTIFIED,0.00048490503643677796,2.0,5,0.01,1,O00729,R033,BBQ,2024-02-02 18:14:24
33.78596184924145,10,3.0,20,4,42,0.3615064717916294,RESTAURANT,3.661412441986213,0.7,10,IDENTIFIED,0.15448945506612605,2.0,4,0.09021023015772961,1,O00730,R076,SEAFOOD,2024-02-02 19:19:12
36.93264756864609,25,4.0,20,2,25,0.28252913572885663,CATERING,4.095963490352159,0.5,8,ANONYMOUS,0.0,2.0,33,0.2007442098156348,0,O00731,R056,FINE_DINING,2024-02-02 20:24:00
39.874644594753576,10,2.0,13,5,117,0.5127281123450859,CAFE,4.173402459689542,0.25,8,ANONYMOUS,0.5296055054173544,2.0,23,0.16009710378369538,0,O00732,R013,SANDWICH,2024-02-02 21:28:48
51.6237068237282,25,3.0,9,3,53,0.5715953994899693,BAKERY,4.408458790532939,1.0,3,IDENTIFIED,0.12367983406540276,2.0,49,0.01,1,O00733,R047,BREAKFAST,2024-02-02 22:33:36
34.31352814207283,12,1.5,14,4,25,0.5654931622298468,FOOD_TRUCK,3.800046416200278,0.625,8,ANONYMOUS,0.1507732738808561,2.0,18,0.01,1,O00734,R070,FAST_FOOD,2024-02-02 23:38:24
30.547759747951627,5,1.5,19,4,85,0.410840600841878,CATERING,4.386289126933204,0.14285714285714285,7,IDENTIFIED,0.0,2.0,6,0.06535652359257788,1,O00735,R038,PASTA,2024-02-03 00:43:12
39.09007339068032,27,2.0,13,4,156,0.5424366206101117,RESTAURANT,4.19117461888607,0.7777777777777778,9,IDENTIFIED,0.0581228712444606,2.0,31,0.01,1,O00736,R017,SALAD,2024-02-03 01:48:00
28.835581621859838,18,1.5,10,5,146,0.47502286363689505,CAFE,3.8949233547471653,0.0,4,IDENTIFIED,0.49829184479707866,2.0,36,0.15719009388883196,0,O00737,R045,BRUNCH,2024-02-03 02:52:48
49.36675747757977,12,4.0,13,0,203,0.47267820920125286,FAST_FOOD,3.142288194926028,0.3333333333333333,6,IDENTIFIED,0.3449742247001406,2.0,11,0.22568174210082248,1,O00738,R022,BURGER,2024-02-03 03:57:36
38.814007665656106,19,2.0,13,2,126,0.5523792136186689,RESTAURANT,3.0725152132050786,0.6363636363636364,11,IDENTIFIED,0.4657177351855201,2.0,60,0.2870630262134981,0,O00739,R025,SALAD,2024-02-03 05:02:24
30.540484595841768,23,4.0,12,1,26,0.5937540409673739,BAKERY,3.7012644326945696,0.7142857142857143,7,IDENTIFIED,0.0,2.0,31,0.3459218900218698,0,O00740,R049,BAKERY,2024-02-03 06:07:12
37.971163514250904,16,1.0,13,2,162,0.4694107832442558,CATERING,3.1558426563006043,0.7142857142857143,7,IDENTIFIED,0.0,2.0,26,0.07900035713221466,1,O00741,R011,HEALTHY,2024-02-03 07:12:00
65.21301059808184,7,4.0,20,0,16,0.4443799650224379,FOOD_TRUCK,4.356993699800905,0.7142857142857143,7,IDENTIFIED,0.20279828100415423,2.0,12,0.1391748272575879,0,O00742,R069,BBQ,2024-02-03 08:16:48
46.73949706809518,26,2.0,14,2,208,0.5885987634979766,CAFE,3.8949233547471653,0.0,5,ANONYMOUS,0.0,2.0,70,0.14808101117295067,0,O00743,R045,DESSERT,2024-02-03 09:21:36
50.669413276400206,6,4.0,21,4,169,0.43388701315556727,CATERING,4.051226380656576,0.75,4,IDENTIFIED,0.616220552078893,2.0,11,0.1586174647263399,1,O00744,R021,GRILL,2024-02-03 10:26:24
62.315604427709125,28,3.0,10,5,29,0.5088909216006495,BAKERY,4.212748157693551,0.2222222222222222,9,IDENTIFIED,0.001695060904563589,2.0,33,0.08004607457561044,1,O00745,R001,BREAKFAST,2024-02-03 11:31:12
33.18196578519736,20,2.0,13,0,160,0.5176765200074628,FAST_FOOD,3.5920105952783357,0.23076923076923078,13,IDENTIFIED,0.11937387719915947,2.0,55,0.18708560125101714,0,O00746,R026,SANDWICH,2024-02-03 12:36:00
40.811668488366514,8,1.5,20,4,115,0.4143615255403793,RESTAURANT,3.676877650715725,0.5454545454545454,11,ANONYMOUS,0.17992939522827633,2.0,11,0.1908404774522398,0,O00747,R057,PASTA,2024-02-03 13:40:48
54.47018299135847,9,0.5,19,4,70,0.3369003295799226,CATERING,3.155638354146062,0.625,8,IDENTIFIED,0.40278586863223487,2.0,6,0.01,1,O00748,R065,FINE_DINING,2024-02-03 14:45:36
42.28667242054133,26,4.0,12,3,75,0.5398103704636479,CAFE,4.173402459689542,0.2222222222222222,9,IDENTIFIED,0.14352999444270526,2.0,8,0.051488025788700376,1,O00749,R013,DESSERT,2024-02-03 15:50:24
42.49176474211462,23,3.0,14,6,102,0.5437823803135332,CATERING,4.455128624198876,0.4,5,ANONYMOUS,0.3742595122666754,2.0,69,0.19849843215041937,0,O00750,R073,HEALTHY,2024-02-03 16:55:12
50.96462492422504,20,0.5,19,5,48,0.40937210621910247,RESTAURANT,3.676877650715725,0.5,12,IDENTIFIED,0.17405573060993007,2.0,27,0.01,1,O00751,R057,SEAFOOD,2024-02-03 18:00:00
41.832031485537875,5,2.0,20,2,22,0.41789986572514726,FOOD_TRUCK,4.068682803097095,0.5,8,IDENTIFIED,0.5342042117142658,2.0,13,0.2747906418066031,0,O00752,R055,BBQ,2024-02-03 19:04:48
36.81711707041721,12,3.0,12,1,26,0.49011450303708254,FAST_FOOD,2.874421625611307,0.38461538461538464,13,ANONYMOUS,0.4017646212217477,2.0,37,0.20243585444880563,0,O00753,R016,PIZZA,2024-02-03 20:09:36
49.569842005869816,23,4.0,9,2,183,0.4898809857967819,CAFE,2.6189910336437396,0.7272727272727273,11,IDENTIFIED,0.5737192907017941,2.0,39,0.32015259601571644,0,O00754,R061,BREAKFAST,2024-02-03 21:14:24
42.52775127627769,9,5.0,14,0,127,0.5214265729567746,FOOD_TRUCK,5.0,0.3333333333333333,6,ANONYMOUS,0.5701289914838605,2.0,27,0.21625639067930302,0,O00755,R062,SANDWICH,2024-02-03 22:19:12
75.0,29,4.0,14,1,112,0.5039766576387936,RESTAURANT,3.3803185346678775,0.6363636363636364,11,IDENTIFIED,0.0,2.0,14,0.06828031112253415,0,O00756,R072,VEGETARIAN,2024-02-03 23:24:00
46.875463514800536,15,2.0,21,2,125,0.4609513863773542,RESTAURANT,4.2836688861745555,0.7857142857142857,14,ANONYMOUS,0.577960096775388,2.0,19,0.3328267591026727,0,O00757,R003,VEGETARIAN,2024-02-04 00:28:48
63.626138553328545,17,4.0,14,0,114,0.6159252670803329,BAKERY,3.237076379057974,0.5,14,IDENTIFIED,0.6426056432547551,2.0,31,0.16847637442014482,0,O00758,R031,DESSERT,2024-02-04 01:33:36
28.178032333894244,20,1.5,13,6,168,0.5719364596978003,CAFE,3.9450444623960856,0.5,10,ANONYMOUS,0.08223053977709532,2.0,24,0.08364112764836287,1,O00759,R075,DESSERT,2024-02-04 02:38:24
21.897512828968026,21,3.0,14,3,107,0.5671277240034159,FOOD_TRUCK,4.06441066239825,0.2857142857142857,14,ANONYMOUS,0.2060261725557165,2.0,32,0.04246940657219134,0,O00760,R023,FAST_FOOD,2024-02-04 03:43:12
37.066449312327656,26,3.0,11,2,50,0.504650087129653,FOOD_TRUCK,3.4481366569876384,0.7142857142857143,7,IDENTIFIED,0.15085643621886224,2.0,12,0.14311935569256495,1,O00761,R033,STREET_FOOD,2024-02-04 04:48:00
61.229004120794585,23,2.0,19,0,17,0.4778719470556305,FAST_FOOD,3.5920105952783357,0.21428571428571427,14,IDENTIFIED,0.14221877846725367,2.0,20,0.22155365398479,1,O00762,R026,STREET_FOOD,2024-02-04 05:52:48
54.09412321976902,15,1.5,13,2,84,0.5712805239071769,FOOD_TRUCK,3.473217524366763,0.5,8,ANONYMOUS,0.02740938572656787,2.0,42,0.23461798885739274,0,O00763,R029,BURGER,2024-02-04 06:57:36
50.46991147887891,11,2.0,15,1,205,0.5308510372181635,FOOD_TRUCK,3.8641771950274,0.5,12,ANONYMOUS,0.2187819761073383,2.0,36,0.2908553332628472,0,O00764,R012,STREET_FOOD,2024-02-04 08:02:24
48.30421479649935,23,4.0,13,1,48,0.609315271140649,CAFE,3.9450444623960856,0.5454545454545454,11,ANONYMOUS,0.17256206020237086,2.0,36,0.14160135217468045,0,O00765,R075,DESSERT,2024-02-04 09:07:12
20.460579491640154,29,4.0,8,5,36,0.5001761892175486,BAKERY,4.2831476657189995,0.1111111111111111,9,IDENTIFIED,0.2066284160518289,2.0,33,0.01,1,O00766,R005,BREAKFAST,2024-02-04 10:12:00
42.85706978937018,5,6.0,12,2,152,0.49470652704535895,FAST_FOOD,3.616049105204268,0.5454545454545454,11,ANONYMOUS,0.37563213226267433,2.0,6,0.13057551299672623,0,O00767,R080,PIZZA,2024-02-04 11:16:48
38.83488181461779,30,3.0,21,6,173,0.3661681760997997,CATERING,3.2943012426991136,0.5833333333333334,12,IDENTIFIED,0.09307992584103192,2.0,14,0.05326442994413276,1,O00768,R019,PASTA,2024-02-04 12:21:36
49.47681420707622,23,1.5,13,5,160,0.502357891488993,CATERING,3.8498216987959597,0.6,10,ANONYMOUS,0.025903932561503973,2.0,12,0.10440913986130469,1,O00769,R052,HEALTHY,2024-02-04 13:26:24
23.151206016871722,24,4.0,13,4,46,0.517438463624827,FOOD_TRUCK,3.8641771950274,0.46153846153846156,13,IDENTIFIED,0.09528163054524613,2.0,65,0.18116260202995646,0,O00770,R012,SANDWICH,2024-02-04 14:31:12
28.56016804755427,25,6.0,15,1,165,0.5146946300438525,FAST_FOOD,3.346535331369818,0.2,10,IDENTIFIED,0.4456912220930198,2.0,79,0.05660327911249703,0,O00771,R010,STREET_FOOD,2024-02-04 15:36:00
35.338849512777344,16,5.0,21,2,17,0.41410379428521227,CATERING,4.011723031358224,0.7,10,IDENTIFIED,0.31522487769192364,2.0,10,0.02756825705169199,1,O00772,R043,GRILL,2024-02-04 16:40:48
66.53742188516377,8,0.5,13,2,200,0.5213256903801884,FOOD_TRUCK,3.1265420325537248,0.4375,16,IDENTIFIED,0.1292383673921618,2.0,19,0.22609400200703322,0,O00773,R048,STREET_FOOD,2024-02-04 17:45:36
28.19059502152934,15,0.5,21,0,175,0.36611937369811015,RESTAURANT,3.3528823975793207,0.75,8,ANONYMOUS,0.09435256719688845,2.0,15,0.01162331654694125,1,O00774,R037,SEAFOOD,2024-02-04 18:50:24
66.88827753275248,16,2.0,12,0,83,0.49049553746122915,RESTAURANT,3.661412441986213,0.7272727272727273,11,IDENTIFIED,0.42122581302959655,2.0,39,0.14003799890932184,0,O00775,R076,HEALTHY,2024-02-04 19:55:12
45.821364397655415,17,5.0,21,6,176,0.3784866619289143,FOOD_TRUCK,3.800046416200278,0.6666666666666666,9,ANONYMOUS,0.2873881380853343,2.0,28,0.07527955800706893,0,O00776,R070,BBQ,2024-02-04 21:00:00
38.39612868336796,20,3.0,13,1,185,0.5591102666342961,FAST_FOOD,3.973582751974687,0.5,6,ANONYMOUS,0.33315341338312,2.0,40,0.01,0,O00777,R060,FAST_FOOD,2024-02-04 22:04:48
43.086621480702114,9,2.0,10,0,106,0.5754560174171172,CAFE,2.8338030196367794,0.5,14,IDENTIFIED,0.16609455242009025,2.0,12,0.06205699340152516,1,O00778,R078,BREAKFAST,2024-02-04 23:09:36
17.322532146961805,6,3.0,20,4,114,0.4914853975470114,CATERING,3.9572043767813985,0.6,5,ANONYMOUS,0.33408037832729826,2.0,14,0.03754260506252971,0,O00779,R046,GRILL,2024-02-05 00:14:24
52.53817845898421,6,1.0,20,0,151,0.40121369546529384,FOOD_TRUCK,5.0,0.2857142857142857,7,IDENTIFIED,0.0,2.0,9,0.12874590502054614,1,O00780,R062,BBQ,2024-02-05 01:19:12
40.80580123228849,16,4.0,9,3,80,0.6348042455783457,CAFE,3.8949233547471653,0.0,6,IDENTIFIED,0.4797316174101172,2.0,19,0.2573867049661984,0,O00781,R045,CAFE,2024-02-05 02:24:00
47.80473280054869,27,1.0,13,5,90,0.4623999292821547,FAST_FOOD,3.346535331369818,0.18181818181818182,11,IDENTIFIED,0.40231579794304584,2.0,39,0.06614366576454865,1,O00782,R010,BURGER,2024-02-05 03:28:48
36.52891022055016,20,5.0,15,2,178,0.4767183642017106,RESTAURANT,4.2836688861745555,0.7333333333333333,15,ANONYMOUS,0.39866677957351765,2.0,37,0.18407858287565365,0,O00783,R003,VEGETARIAN,2024-02-05 04:33:36
31.308076760597068,12,3.0,12,5,84,0.5000856469021236,FAST_FOOD,4.572960003829547,0.25,12,ANONYMOUS,0.5562727968070382,2.0,32,0.01,0,O00784,R050,BURGER,2024-02-05 05:38:24
40.70856684554193,13,1.5,13,1,188,0.4164562243300375,FAST_FOOD,3.142288194926028,0.42857142857142855,7,IDENTIFIED,0.3399278937801195,2.0,25,0.07523243336355372,0,O00785,R022,PIZZA,2024-02-05 06:43:12
26.422477755370693,27,8.0,19,4,62,0.4337440904943884,CATERING,3.9572043767813985,0.5,6,IDENTIFIED,0.21479610063531324,2.0,13,0.13243209937816014,1,O00786,R046,PASTA,2024-02-05 07:48:00
63.75848673491947,19,3.0,9,3,209,0.5843540614552387,CAFE,3.2865102759945675,0.2727272727272727,11,IDENTIFIED,0.5489470529527105,2.0,58,0.15051327985565716,0,O00787,R027,CAFE,2024-02-05 08:52:48
31.908811815141497,24,0.5,20,1,60,0.34967717359985545,RESTAURANT,4.271886734691434,0.2,10,IDENTIFIED,0.36698718293073107,2.0,7,0.1543618669690491,1,O00788,R018,PASTA,2024-02-05 09:57:36
40.468711281348334,12,2.0,18,6,154,0.5818130236804459,RESTAURANT,3.3528823975793207,0.7777777777777778,9,IDENTIFIED,0.0,2.0,14,0.12231782793926516,1,O00789,R037,VEGETARIAN,2024-02-05 11:02:24
34.42032004036547,12,3.0,9,1,124,0.5068799791687537,BAKERY,4.212748157693551,0.3,10,IDENTIFIED,0.26489236762003404,2.0,33,0.22228225882584626,0,O00790,R001,BREAKFAST,2024-02-05 12:07:12
35.901446575010304,25,1.0,10,4,57,0.5179261203984005,BAKERY,4.408458790532939,1.0,4,IDENTIFIED,0.08189203608908503,2.0,12,0.01,1,O00791,R047,BREAKFAST,2024-02-05 13:12:00
45.97743471013956,30,1.5,14,3,116,0.5574655031074596,FOOD_TRUCK,4.092770052054342,0.3333333333333333,12,IDENTIFIED,0.5370524110964957,2.0,57,0.12428568623950634,0,O00792,R007,SANDWICH,2024-02-05 14:16:48
52.12326907196109,28,3.0,14,1,197,0.5072875880353416,RESTAURANT,3.661412441986213,0.6666666666666666,12,IDENTIFIED,0.08426030045426414,2.0,51,0.14261996930803325,1,O00793,R076,SALAD,2024-02-05 15:21:36
31.44503335041012,5,3.0,13,3,55,0.5712815887753869,FOOD_TRUCK,4.068682803097095,0.4444444444444444,9,IDENTIFIED,0.14825469056873472,2.0,11,0.10423752338982992,0,O00794,R055,FAST_FOOD,2024-02-05 16:26:24
48.02549784071784,14,0.5,14,0,156,0.6432589569742241,FOOD_TRUCK,4.259311185253018,0.75,8,ANONYMOUS,0.4872529799089615,2.0,20,0.10100186250234724,0,O00795,R032,FAST_FOOD,2024-02-05 17:31:12
75.0,21,3.0,12,0,70,0.43196900536307725,RESTAURANT,3.648671761825324,0.5,18,ANONYMOUS,0.3997612541533485,2.0,17,0.07617087293470269,1,O00796,R015,HEALTHY,2024-02-05 18:36:00
64.18427387792347,23,0.5,21,3,180,0.46422384751800433,FAST_FOOD,3.5920105952783357,0.26666666666666666,15,ANONYMOUS,0.2488608948929273,2.0,14,0.01,1,O00797,R026,STREET_FOOD,2024-02-05 19:40:48
20.953480056064393,25,2.0,13,1,137,0.6145123909629958,BAKERY,3.8497693798953305,0.4,10,IDENTIFIED,0.0,2.0,23,0.057054013998891415,1,O00798,R058,DESSERT,2024-02-05 20:45:36
59.597374492830866,5,3.0,14,1,164,0.48107568246900745,RESTAURANT,3.676877650715725,0.5384615384615384,13,IDENTIFIED,0.19859319684772014,2.0,16,0.23656583100803846,0,O00799,R057,HEALTHY,2024-02-05 21:50:24
42.38394396955845,28,1.5,14,4,138,0.6799298137131462,BAKERY,4.212748157693551,0.2727272727272727,11,ANONYMOUS,0.0,2.0,53,0.02928498656385528,1,O00800,R001,BAKERY,2024-02-05 22:55:12
41.02383973065589,26,3.0,14,2,143,0.5339512763101617,RESTAURANT,2.8789243804126032,0.18181818181818182,11,IDENTIFIED,0.5294799998112601,2.0,76,0.025684946644306608,0,O00801,R039,VEGETARIAN,2024-02-06 00:00:00
50.59413717309046,16,3.0,16,5,167,0.4992389135875392,FOOD_TRUCK,4.259311185253018,0.6666666666666666,9,IDENTIFIED,0.12718407686586006,2.0,41,0.28267878961494886,0,O00802,R032,STREET_FOOD,2024-02-06 01:04:48
35.935382726164384,13,5.0,14,3,99,0.48316018741212263,FOOD_TRUCK,2.9985642990793835,0.625,8,IDENTIFIED,0.5519873325104456,2.0,25,0.10877142374325943,0,O00803,R014,FAST_FOOD,2024-02-06 02:09:36
50.00848491106392,6,4.0,8,4,116,0.6028170251733083,CAFE,2.6189910336437396,0.6666666666666666,12,IDENTIFIED,0.6170164888074354,2.0,18,0.031516223301230356,0,O00804,R061,CAFE,2024-02-06 03:14:24
26.056089074197313,10,5.0,9,3,56,0.53568550011747,BAKERY,4.408458790532939,1.0,5,ANONYMOUS,0.2941734618367398,2.0,16,0.021083825822748273,1,O00805,R047,BREAKFAST,2024-02-06 04:19:12
38.82041057021732,23,1.5,12,5,137,0.5330309931207543,FAST_FOOD,3.5920105952783357,0.3125,16,ANONYMOUS,0.8053757352567364,2.0,54,0.07959763699641326,0,O00806,R026,BURGER,2024-02-06 05:24:00
44.67832696911322,15,4.0,20,4,97,0.4732451374099493,FOOD_TRUCK,3.1265420325537248,0.4117647058823529,17,ANONYMOUS,0.13155968882905283,2.0,32,0.10157799771004639,0,O00807,R048,BBQ,2024-02-06 06:28:48
37.15851139889948,21,3.0,20,0,27,0.36388040059381155,CATERING,4.051226380656576,0.6,5,IDENTIFIED,0.0,2.0,23,0.03564184111029379,1,O00808,R021,PASTA,2024-02-06 07:33:36
55.33275730176529,15,5.0,13,5,169,0.449112647982566,CAFE,3.9450444623960856,0.5,12,ANONYMOUS,0.30665543248606353,2.0,9,0.1977584274108677,1,O00809,R075,SANDWICH,2024-02-06 08:38:24
33.99042072049541,11,2.0,13,4,73,0.5950741484280315,FOOD_TRUCK,4.068682803097095,0.4,10,IDENTIFIED,0.39773644937098634,2.0,27,0.21290006407870768,0,O00810,R055,FAST_FOOD,2024-02-06 09:43:12
37.58515686099348,21,5.0,21,0,133,0.3573177420127047,CATERING,3.6697323545196734,0.75,4,ANONYMOUS,0.3122881536486908,2.0,40,0.0661804657634757,1,O00811,R077,PASTA,2024-02-06 10:48:00
47.542015903424385,28,4.0,14,4,168,0.46197444528613857,FAST_FOOD,3.973582751974687,0.42857142857142855,7,IDENTIFIED,0.2125972810492417,2.0,19,0.05151948398117062,1,O00812,R060,PIZZA,2024-02-06 11:52:48
36.57199274521521,28,2.0,20,1,67,0.49238735146666773,FOOD_TRUCK,3.1265420325537248,0.3888888888888889,18,IDENTIFIED,0.0,2.0,55,0.05715111729181792,1,O00813,R048,BBQ,2024-02-06 12:57:36
55.33742915171332,8,0.5,13,2,50,0.6018041786294732,FAST_FOOD,3.616049105204268,0.5,12,ANONYMOUS,0.6024115169718319,2.0,20,0.22359770391573613,0,O00814,R080,BURGER,2024-02-06 14:02:24
33.32487382868455,17,3.0,13,2,177,0.5208208789502533,CATERING,3.2943012426991136,0.6153846153846154,13,IDENTIFIED,0.4936634111354732,2.0,18,0.01,1,O00815,R019,HEALTHY,2024-02-06 15:07:12
34.31068932275653,7,1.5,11,0,166,0.5180776179578875,FAST_FOOD,3.5671859283757152,0.6666666666666666,9,IDENTIFIED,0.29655988239419456,2.0,6,0.06312907293501777,1,O00816,R024,STREET_FOOD,2024-02-06 16:12:00
48.50776922639969,25,8.0,12,3,122,0.6369993298928835,CAFE,2.8338030196367794,0.5333333333333333,15,IDENTIFIED,0.4296979754026675,2.0,65,0.16323391130368256,0,O00817,R078,DESSERT,2024-02-06 17:16:48
46.70620669964517,5,3.0,8,0,48,0.5396483380164974,BAKERY,4.212748157693551,0.3333333333333333,12,ANONYMOUS,0.2238368396308954,2.0,6,0.09935856002097736,1,O00818,R001,BREAKFAST,2024-02-06 18:21:36
44.36753294604695,30,4.0,17,0,206,0.45530208498910657,RESTAURANT,3.3803185346678775,0.6666666666666666,12,IDENTIFIED,0.23107950691513507,2.0,56,0.06701640168670207,1,O00819,R072,VEGETARIAN,2024-02-06 19:26:24
20.991412754746726,7,3.0,14,5,111,0.6300388297995657,BAKERY,4.2831476657189995,0.2,10,IDENTIFIED,0.38946880540088635,2.0,11,0.15488136979478026,0,O00820,R005,BAKERY,2024-02-06 20:31:12
48.990407909662835,13,5.0,21,3,190,0.49075331980402304,FOOD_TRUCK,3.4481366569876384,0.75,8,IDENTIFIED,0.24337081180624223,2.0,9,0.1532222632785954,1,O00821,R033,BBQ,2024-02-06 21:36:00
51.04132833846522,9,2.0,12,0,97,0.6539781045966141,BAKERY,4.472397736270716,0.4,10,ANONYMOUS,0.566206160387146,2.0,20,0.2779680885194639,0,O00822,R006,DESSERT,2024-02-06 22:40:48
32.31634820935244,18,8.0,14,1,184,0.545391824165806,FOOD_TRUCK,4.06441066239825,0.26666666666666666,15,ANONYMOUS,0.33880304584854526,2.0,43,0.1812795390147659,0,O00823,R023,SANDWICH,2024-02-06 23:45:36
27.470709219729503,12,2.0,10,1,198,0.529991832000569,CAFE,3.9450444623960856,0.5384615384615384,13,ANONYMOUS,0.1421516571372968,2.0,9,0.14431925418901492,1,O00824,R075,CAFE,2024-02-07 00:50:24
34.40470519996171,6,2.0,13,4,152,0.6074619222341591,FOOD_TRUCK,3.4481366569876384,0.7777777777777778,9,ANONYMOUS,0.3455060032259156,2.0,11,0.1269695306812963,1,O00825,R033,FAST_FOOD,2024-02-07 01:55:12
37.53876145766372,21,3.0,21,1,149,0.391140414110229,RESTAURANT,5.0,0.3333333333333333,6,IDENTIFIED,0.12269334559266086,2.0,30,0.04105100968346285,1,O00826,R071,PASTA,2024-02-07 03:00:00
39.080754440840884,30,1.0,19,4,156,0.5026539280481864,RESTAURANT,4.275105407534004,0.75,8,IDENTIFIED,0.1686058550565085,2.0,45,0.024391762181965655,1,O00827,R079,GRILL,2024-02-07 04:04:48
29.414518852845738,8,2.0,19,3,133,0.4038678513864728,RESTAURANT,3.648671761825324,0.5263157894736842,19,IDENTIFIED,0.35155012732356916,2.0,9,0.10979131752577874,1,O00828,R015,SUSHI,2024-02-07 05:09:36
49.07076472003492,24,3.0,12,1,67,0.5898848612219846,BAKERY,3.972432616097607,0.14285714285714285,7,ANONYMOUS,0.19342683577473646,2.0,40,0.07115570922107194,1,O00829,R035,DESSERT,2024-02-07 06:14:24
41.17029700790096,10,3.0,11,1,80,0.5473725791893722,FAST_FOOD,3.5671859283757152,0.7,10,ANONYMOUS,0.05954908164445915,2.0,17,0.08115512301900951,1,O00830,R024,STREET_FOOD,2024-02-07 07:19:12
45.978223409105894,7,5.0,12,1,105,0.6096601349877344,BAKERY,3.7481555951610934,0.16666666666666666,6,IDENTIFIED,0.4090843024209644,2.0,11,0.08995906066110282,0,O00831,R063,BAKERY,2024-02-07 08:24:00
39.862992412236785,24,1.0,14,1,147,0.41294347190159036,RESTAURANT,3.3803185346678775,0.6923076923076923,13,IDENTIFIED,0.2612858184322235,2.0,33,0.09682721757532195,0,O00832,R072,HEALTHY,2024-02-07 09:28:48
33.52285211903964,7,4.0,17,4,15,0.4982399442256049,RESTAURANT,3.0725152132050786,0.5833333333333334,12,IDENTIFIED,0.1985180173001887,2.0,17,0.19639950288049096,0,O00833,R025,VEGETARIAN,2024-02-07 10:33:36
42.1197424650787,21,4.0,12,1,156,0.40134134116421805,CATERING,3.797182973303961,0.7,10,IDENTIFIED,0.46633745342233324,2.0,70,0.02354968060767218,0,O00834,R051,HEALTHY,2024-02-07 11:38:24
51.61907350568901,21,6.0,19,6,174,0.4016690304229579,CATERING,3.6697323545196734,0.8,5,ANONYMOUS,0.14446082995337556,2.0,39,0.20879566629942975,1,O00835,R077,GRILL,2024-02-07 12:43:12
36.55555679999278,14,8.0,12,3,57,0.441631963992957,CATERING,4.386289126933204,0.25,8,IDENTIFIED,0.24188500119455358,2.0,47,0.2211271299767812,0,O00836,R038,HEALTHY,2024-02-07 13:48:00
31.863104462370618,31,5.0,12,6,93,0.503458538894552,RESTAURANT,3.661412441986213,0.6923076923076923,13,ANONYMOUS,0.21541742446783235,2.0,61,0.10518815349976554,0,O00837,R076,HEALTHY,2024-02-07 14:52:48
15.0,13,1.5,20,4,38,0.29511055594769625,CATERING,3.797182973303961,0.6363636363636364,11,IDENTIFIED,0.20243456773958704,2.0,22,0.01,1,O00838,R051,FINE_DINING,2024-02-07 15:57:36
38.9574289192581,9,5.0,19,3,171,0.4409800526223267,CATERING,4.455128624198876,0.3333333333333333,6,IDENTIFIED,0.15327134548666022,2.0,12,0.01,1,O00839,R073,GRILL,2024-02-07 17:02:24
56.067556328619844,26,3.0,17,5,71,0.4100471467285567,RESTAURANT,3.648671761825324,0.55,20,IDENTIFIED,0.11736704113435012,2.0,26,0.11878253538001671,1,O00840,R015,VEGETARIAN,2024-02-07 18:07:12
50.7055395542142,19,4.0,13,1,18,0.5539780489313657,CAFE,3.091917580299283,0.35714285714285715,14,IDENTIFIED,0.43620014763343,2.0,45,0.03317860218576116,0,O00841,R064,SANDWICH,2024-02-07 19:12:00
23.44308944453097,15,3.0,15,3,180,0.5017590526153622,FAST_FOOD,4.138788682416522,0.5,12,ANONYMOUS,0.3658305398668614,2.0,48,0.2010292960618844,0,O00842,R009,STREET_FOOD,2024-02-07 20:16:48
38.42152820259854,11,2.0,21,0,185,0.3028837920335902,RESTAURANT,3.676877650715725,0.5,14,ANONYMOUS,0.16532696576268335,2.0,15,0.09494183384436833,0,O00843,R057,FINE_DINING,2024-02-07 21:21:36
44.8605550756597,6,1.5,13,1,82,0.43942218622842943,FAST_FOOD,3.5920105952783357,0.29411764705882354,17,IDENTIFIED,0.965530063670293,2.0,19,0.06684419467291532,0,O00844,R026,PIZZA,2024-02-07 22:26:24
42.87442246827445,5,3.0,14,0,59,0.6422821575988895,FOOD_TRUCK,3.473217524366763,0.4444444444444444,9,IDENTIFIED,0.3159374735602798,2.0,17,0.09300392278327044,0,O00845,R029,FAST_FOOD,2024-02-07 23:31:12
40.20001190589284,28,3.0,9,4,61,0.5064604870549284,BAKERY,3.3482373264265872,0.2222222222222222,9,IDENTIFIED,0.0,2.0,15,0.06357673730353716,1,O00846,R042,BREAKFAST,2024-02-08 00:36:00
46.68404348350594,29,3.0,20,4,184,0.4771078127817423,FAST_FOOD,3.2572286068644694,0.8888888888888888,9,IDENTIFIED,0.1173395872710128,2.0,34,0.01,1,O00847,R066,STREET_FOOD,2024-02-08 01:40:48
47.219250268320394,30,1.5,8,3,85,0.5147413696578536,CAFE,3.148280928470636,0.16666666666666666,6,IDENTIFIED,0.49966245564860995,2.0,57,0.13043107857150707,1,O00848,R041,BRUNCH,2024-02-08 02:45:36
40.412662060607246,30,4.0,19,0,61,0.47674439797929835,CATERING,3.8498216987959597,0.6363636363636364,11,ANONYMOUS,0.5024197212368515,2.0,55,0.01,1,O00849,R052,GRILL,2024-02-08 03:50:24
40.17869021910222,7,4.0,19,2,20,0.36224416953542127,CATERING,3.593114160823445,0.5833333333333334,12,IDENTIFIED,0.13054081640402432,2.0,10,0.15124205174828595,0,O00850,R067,FINE_DINING,2024-02-08 04:55:12
43.15063267732342,27,0.5,21,1,191,0.42035499085667843,RESTAURANT,4.19117461888607,0.8,10,ANONYMOUS,0.22428678985457645,2.0,50,0.022287376583107886,1,O00851,R017,PASTA,2024-02-08 06:00:00
47.459108993743634,16,4.0,8,6,168,0.5529153391884529,BAKERY,3.237076379057974,0.4666666666666667,15,IDENTIFIED,0.168971878259844,2.0,16,0.017858651472005382,1,O00852,R031,BREAKFAST,2024-02-08 07:04:48
64.30455152923977,18,0.5,13,1,135,0.5393327145840133,FAST_FOOD,3.346535331369818,0.25,12,ANONYMOUS,0.18851320667714205,2.0,17,0.1314038201930354,1,O00853,R010,STREET_FOOD,2024-02-08 08:09:36
36.889722038658846,6,3.0,19,4,18,0.3613361213805198,CATERING,4.095963490352159,0.4444444444444444,9,ANONYMOUS,0.029806525632529113,2.0,3,0.01,1,O00854,R056,PASTA,2024-02-08 09:14:24
53.14993988579889,31,4.0,21,4,40,0.30165890145406893,CATERING,3.8498216987959597,0.6666666666666666,12,IDENTIFIED,0.5072961779634619,2.0,100,0.14397962006302648,0,O00855,R052,FINE_DINING,2024-02-08 10:19:12
62.51602842658812,27,3.0,9,2,29,0.5127726300376451,CAFE,4.173402459689542,0.3,10,ANONYMOUS,0.35454813151951714,2.0,78,0.08462420907840318,0,O00856,R013,BRUNCH,2024-02-08 11:24:00
57.418236126817376,9,4.0,14,5,130,0.5212066203394157,CATERING,4.051226380656576,0.6666666666666666,6,IDENTIFIED,0.48233600265046644,2.0,24,0.06287055687853423,0,O00857,R021,HEALTHY,2024-02-08 12:28:48
31.229703315555774,29,1.5,21,3,118,0.5235259405906428,CATERING,4.095963490352159,0.5,10,IDENTIFIED,0.4604074064812392,2.0,50,0.2714254134278775,0,O00858,R056,GRILL,2024-02-08 13:33:36
46.249769882572174,17,5.0,14,3,121,0.4806606528850935,FAST_FOOD,3.346535331369818,0.3076923076923077,13,ANONYMOUS,0.37560564151553255,2.0,27,0.1650831665284535,0,O00859,R010,PIZZA,2024-02-08 14:38:24
41.026049631124955,29,1.0,8,1,83,0.589180704035488,CAFE,3.091917580299283,0.3333333333333333,15,ANONYMOUS,0.39165450737590435,2.0,68,0.07020512180087987,0,O00860,R064,BREAKFAST,2024-02-08 15:43:12
59.928440838263874,29,6.0,14,6,99,0.5442523590782207,FAST_FOOD,4.310091164856999,0.4444444444444444,9,IDENTIFIED,0.8689071280440632,2.0,91,0.25460346215950636,0,O00861,R074,STREET_FOOD,2024-02-08 16:48:00
46.746083426218355,17,3.0,12,4,207,0.4303454326567772,CATERING,3.3362233513389206,0.5454545454545454,11,IDENTIFIED,0.09949733739099267,2.0,5,0.1576881533568022,1,O00862,R053,HEALTHY,2024-02-08 17:52:48
58.57415729843862,28,1.5,21,3,35,0.3938921348548116,CATERING,3.593114160823445,0.5384615384615384,13,IDENTIFIED,0.15706982789173032,2.0,24,0.07562225629716751,1,O00863,R067,GRILL,2024-02-08 18:57:36
31.471070642109385,18,3.0,12,2,23,0.4921421694476172,CATERING,4.051226380656576,0.5714285714285714,7,IDENTIFIED,0.09801616633046402,2.0,8,0.10146042763651975,0,O00864,R021,HEALTHY,2024-02-08 20:02:24
48.58483392773904,17,1.5,20,3,134,0.5168375406263535,RESTAURANT,4.19117461888607,0.8181818181818182,11,ANONYMOUS,0.36990062853846684,2.0,6,0.029038320362615645,1,O00865,R017,PASTA,2024-02-08 21:07:12
24.116342849175535,16,1.0,13,2,43,0.5217101917943564,CAFE,3.148280928470636,0.2857142857142857,7,ANONYMOUS,0.34162495182057795,2.0,27,0.14402566688517543,1,O00866,R041,SANDWICH,2024-02-08 22:12:00
50.477028802190205,18,5.0,13,4,48,0.5150772372017248,CAFE,3.091917580299283,0.3125,16,IDENTIFIED,0.3395765617222437,2.0,61,0.0713946056489514,0,O00867,R064,SANDWICH,2024-02-08 23:16:48
45.919425583664726,6,3.0,12,2,71,0.6602830079469972,BAKERY,3.9279719162450872,0.375,8,ANONYMOUS,0.30971627847001004,2.0,9,0.07211768685840579,0,O00868,R030,BAKERY,2024-02-09 00:21:36
37.98338963131636,25,2.0,21,2,152,0.4387071350922843,RESTAURANT,4.271886734691434,0.2727272727272727,11,IDENTIFIED,0.18385089035247587,2.0,49,0.1085691058082997,1,O00869,R018,PASTA,2024-02-09 01:26:24
33.90867660534061,30,3.0,12,1,96,0.49372469461923046,RESTAURANT,3.0725152132050786,0.5384615384615384,13,IDENTIFIED,0.05627749553235853,2.0,92,0.09932828901065555,0,O00870,R025,SALAD,2024-02-09 02:31:12
69.53443089107469,15,4.0,17,3,198,0.4458363199324575,FAST_FOOD,2.874421625611307,0.35714285714285715,14,ANONYMOUS,0.39448903886196557,2.0,46,0.12048617938816422,0,O00871,R016,STREET_FOOD,2024-02-09 03:36:00
36.19481232396652,18,0.5,13,0,155,0.6102910366036349,FAST_FOOD,2.874421625611307,0.3333333333333333,15,IDENTIFIED,0.26700341360665475,2.0,56,0.2536990212737227,0,O00872,R016,FAST_FOOD,2024-02-09 04:40:48
39.71161284609138,18,2.0,14,0,20,0.5173411582940046,FOOD_TRUCK,5.0,0.375,8,ANONYMOUS,0.604568986993878,2.0,36,0.09170574610706517,0,O00873,R062,BURGER,2024-02-09 05:45:36
42.41653017696071,6,1.0,14,1,190,0.5902668601569502,BAKERY,3.7481555951610934,0.14285714285714285,7,IDENTIFIED,0.20312569844719575,2.0,12,0.04769730075835753,0,O00874,R063,DESSERT,2024-02-09 06:50:24
54.69626965934348,5,0.5,14,2,30,0.552264020391433,FAST_FOOD,3.5920105952783357,0.2777777777777778,18,ANONYMOUS,0.09910620377954563,2.0,6,0.20289717511626215,1,O00875,R026,SANDWICH,2024-02-09 07:55:12
27.552373618236278,7,3.0,14,1,201,0.5630160103226307,FAST_FOOD,3.5920105952783357,0.3157894736842105,19,ANONYMOUS,0.1251150376488159,2.0,11,0.018863529332721132,0,O00876,R026,FAST_FOOD,2024-02-09 09:00:00
39.367717216595665,17,3.0,20,6,91,0.4542063153809042,CATERING,3.565011044514906,0.375,8,IDENTIFIED,0.22710182921296868,2.0,19,0.08437733889836395,1,O00877,R020,GRILL,2024-02-09 10:04:48
28.203387518690437,29,8.0,14,1,128,0.5610375298641,CAFE,3.091917580299283,0.29411764705882354,17,ANONYMOUS,0.220694401149484,2.0,36,0.10312698462351014,1,O00878,R064,SANDWICH,2024-02-09 11:09:36
36.92524806511686,5,5.0,9,0,169,0.4987544399909528,CAFE,3.091917580299283,0.3333333333333333,18,IDENTIFIED,0.24820376041087677,2.0,2,0.01,1,O00879,R064,CAFE,2024-02-09 12:14:24
53.76193088679139,22,1.5,16,3,169,0.4186662262150189,FOOD_TRUCK,3.1265420325537248,0.42105263157894735,19,IDENTIFIED,0.4958037094999579,2.0,32,0.10317138073624507,1,O00880,R048,STREET_FOOD,2024-02-09 13:19:12
40.89988762754065,5,1.0,12,4,182,0.5197663017140177,FAST_FOOD,4.138788682416522,0.46153846153846156,13,ANONYMOUS,0.0,2.0,14,0.014201966896524781,0,O00881,R009,BURGER,2024-02-09 14:24:00
33.48847078425807,15,1.5,12,3,44,0.5751671381254764,BAKERY,3.3482373264265872,0.3,10,IDENTIFIED,0.4883489031110404,2.0,52,0.04043336538548384,0,O00882,R042,DESSERT,2024-02-09 15:28:48
48.47431164897169,29,2.0,20,0,57,0.4452113189905592,RESTAURANT,2.8789243804126032,0.16666666666666666,12,IDENTIFIED,0.10181743055076843,2.0,51,0.01,1,O00883,R039,VEGETARIAN,2024-02-09 16:33:36
64.23307487217524,26,1.5,14,0,97,0.6350047258509973,FAST_FOOD,3.142288194926028,0.375,8,IDENTIFIED,0.2880084631598985,2.0,59,0.19794154709741962,0,O00884,R022,SANDWICH,2024-02-09 17:38:24
31.242535936025565,31,1.5,21,0,208,0.5455994813026733,FOOD_TRUCK,5.0,0.3333333333333333,9,ANONYMOUS,0.18609611090024777,2.0,42,0.14799058034303098,0,O00885,R062,STREET_FOOD,2024-02-09 18:43:12
40.46274885666282,29,1.5,12,6,80,0.6628245890874007,BAKERY,3.8497693798953305,0.45454545454545453,11,ANONYMOUS,0.0,2.0,41,0.12957067906867814,1,O00886,R058,BAKERY,2024-02-09 19:48:00
30.068462114805058,15,2.0,14,6,145,0.48130092588551576,FAST_FOOD,3.6534868804950746,0.16666666666666666,6,IDENTIFIED,0.3551207748704971,2.0,44,0.04477070910099201,0,O00887,R068,BURGER,2024-02-09 20:52:48
16.57329461111602,7,1.0,13,5,93,0.5626337255103202,BAKERY,4.212748157693551,0.38461538461538464,13,IDENTIFIED,0.00448104943336744,2.0,12,0.15256470092137084,1,O00888,R001,DESSERT,2024-02-09 21:57:36
54.70811816682646,10,1.5,8,3,131,0.4950202410143588,BAKERY,4.472397736270716,0.36363636363636365,11,IDENTIFIED,0.11590879543085573,2.0,8,0.08652383058011177,1,O00889,R006,BREAKFAST,2024-02-09 23:02:24
55.94107031707106,13,5.0,21,4,103,0.40037909987629305,CATERING,4.386289126933204,0.2222222222222222,9,IDENTIFIED,0.48575302240434287,2.0,22,0.055085608048845325,0,O00890,R038,PASTA,2024-02-10 00:07:12
32.50600056989462,30,2.0,20,2,103,0.46335537391378334,RESTAURANT,3.0725152132050786,0.5,14,IDENTIFIED,0.10055182718554846,2.0,39,0.11877007374452234,1,O00891,R025,VEGETARIAN,2024-02-10 01:12:00
32.42661300159471,10,1.5,19,1,74,0.48117413816427257,RESTAURANT,4.271886734691434,0.3333333333333333,12,IDENTIFIED,0.2963872794127418,2.0,16,0.16047926480774755,1,O00892,R018,PASTA,2024-02-10 02:16:48
52.52870157432546,21,3.0,10,2,30,0.5999691813488048,BAKERY,3.7481555951610934,0.125,8,IDENTIFIED,0.0,2.0,65,0.19651621254237353,0,O00893,R063,BREAKFAST,2024-02-10 03:21:36
33.46891186480875,6,8.0,19,4,33,0.37019073491533105,CATERING,4.045339710815144,0.5,10,IDENTIFIED,0.4278723641546849,2.0,16,0.06645678066317925,0,O00894,R044,GRILL,2024-02-10 04:26:24
29.607535417602897,20,6.0,14,2,38,0.6463267985951989,FAST_FOOD,3.346535331369818,0.2857142857142857,14,IDENTIFIED,0.12164819244921124,2.0,39,0.061320970953120835,1,O00895,R010,FAST_FOOD,2024-02-10 05:31:12
44.471062787190924,21,1.5,21,2,75,0.4703702145519577,CATERING,3.2943012426991136,0.6428571428571429,14,IDENTIFIED,0.07232431157821977,2.0,30,0.01,1,O00896,R019,GRILL,2024-02-10 06:36:00
47.48582270516615,29,2.0,12,4,107,0.5437563024996052,FOOD_TRUCK,4.068682803097095,0.36363636363636365,11,ANONYMOUS,0.40420469226691985,2.0,35,0.26731246493777894,0,O00897,R055,BURGER,2024-02-10 07:40:48
47.53558690628226,18,3.0,20,2,59,0.45302743481463875,CATERING,3.6697323545196734,0.8333333333333334,6,ANONYMOUS,0.7081026922782123,2.0,43,0.24475410415564103,0,O00898,R077,GRILL,2024-02-10 08:45:36
49.91094001495812,22,3.0,13,0,77,0.6075470459343809,BAKERY,4.262169475601567,0.5454545454545454,11,ANONYMOUS,0.5856038864272903,2.0,60,0.22679876280671674,0,O00899,R028,DESSERT,2024-02-10 09:50:24
47.560826740950475,18,2.0,14,1,163,0.5402911560453764,FAST_FOOD,4.310091164856999,0.4,10,IDENTIFIED,0.4754576890996049,2.0,21,0.01,1,O00900,R074,PIZZA,2024-02-10 10:55:12
57.599385505583335,7,6.0,14,3,209,0.6595113438866138,FOOD_TRUCK,3.473217524366763,0.4,10,IDENTIFIED,0.03770260851469176,2.0,21,0.2566893477837614,0,O00901,R029,FAST_FOOD,2024-02-10 12:00:00
56.77262848126213,28,2.0,12,4,106,0.5274700885871282,FAST_FOOD,3.2572286068644694,0.9,10,ANONYMOUS,0.47454693236746626,2.0,62,0.12074083670770397,0,O00902,R066,SANDWICH,2024-02-10 13:04:48
45.54038511363774,25,3.0,20,6,18,0.496122807805672,FAST_FOOD,3.616049105204268,0.46153846153846156,13,IDENTIFIED,0.5098291485725636,2.0,40,0.09425151055187841,1,O00903,R080,STREET_FOOD,2024-02-10 14:09:36
48.26307310647566,10,1.5,14,0,86,0.5835683795039783,FAST_FOOD,4.572960003829547,0.23076923076923078,13,ANONYMOUS,0.08298823817977652,2.0,24,0.2511476096644043,0,O00904,R050,FAST_FOOD,2024-02-10 15:14:24
49.299690737370256,24,2.0,20,5,128,0.5398110846440846,FAST_FOOD,2.874421625611307,0.3125,16,IDENTIFIED,0.0,2.0,66,0.13540687560579986,0,O00905,R016,STREET_FOOD,2024-02-10 16:19:12
26.136742633295672,9,0.5,21,5,24,0.4193838425179726,CATERING,3.3362233513389206,0.5833333333333334,12,IDENTIFIED,0.10522064655012076,2.0,8,0.20992419169216925,1,O00906,R053,PASTA,2024-02-10 17:24:00
37.824454264915,8,3.0,8,0,44,0.5870655127118026,CAFE,3.2865102759945675,0.25,12,ANONYMOUS,0.08500888845449159,2.0,11,0.22531468702914598,0,O00907,R027,CAFE,2024-02-10 18:28:48
34.95288817705197,10,4.0,21,1,135,0.4279709747126499,FOOD_TRUCK,3.4481366569876384,0.8,10,IDENTIFIED,0.3777549478265616,2.0,7,0.01,1,O00908,R033,BBQ,2024-02-10 19:33:36
15.0,20,8.0,17,4,101,0.5158556867625823,FAST_FOOD,4.310091164856999,0.45454545454545453,11,IDENTIFIED,0.0,2.0,19,0.01,1,O00909,R074,STREET_FOOD,2024-02-10 20:38:24
43.51131068512043,20,3.0,13,5,42,0.5835429244549493,BAKERY,4.2831476657189995,0.18181818181818182,11,IDENTIFIED,0.11609331456231059,2.0,30,0.028873391128811647,1,O00910,R005,DESSERT,2024-02-10 21:43:12
39.36000696073009,15,1.5,13,1,138,0.5626078095235328,RESTAURANT,3.661412441986213,0.6428571428571429,14,IDENTIFIED,0.86064638038857,2.0,20,0.12906768927126852,0,O00911,R076,HEALTHY,2024-02-10 22:48:00
45.47930953267344,6,1.5,19,5,110,0.4118687697913681,RESTAURANT,3.0725152132050786,0.5333333333333333,15,IDENTIFIED,0.0944531752773328,2.0,11,0.16295961544700954,0,O00912,R025,SUSHI,2024-02-10 23:52:48
65.28552823531727,6,6.0,14,1,77,0.5528762986266175,FAST_FOOD,3.5671859283757152,0.7272727272727273,11,ANONYMOUS,0.30227673923081394,2.0,14,0.09229930263802263,0,O00913,R024,BURGER,2024-02-11 00:57:36
33.03063604007687,12,2.0,20,1,36,0.40600555544720346,CATERING,3.9572043767813985,0.5714285714285714,7,IDENTIFIED,0.0,2.0,10,0.0849836933117648,1,O00914,R046,GRILL,2024-02-11 02:02:24
46.343764821169316,15,4.0,14,2,135,0.4583749804573911,CATERING,3.155638354146062,0.6666666666666666,9,IDENTIFIED,0.08215074837464892,2.0,10,0.05791580626569119,1,O00915,R065,HEALTHY,2024-02-11 03:07:12
35.89337003302357,25,1.0,14,6,189,0.42562893814375946,CATERING,3.155638354146062,0.7,10,IDENTIFIED,0.42920429305121044,2.0,16,0.09742097537365199,1,O00916,R065,HEALTHY,2024-02-11 04:12:00
46.505431125353795,19,3.0,21,0,134,0.47169604529561615,FOOD_TRUCK,5.0,0.3,10,IDENTIFIED,0.08157172235940383,2.0,30,0.09281347205719945,1,O00917,R062,BBQ,2024-02-11 05:16:48
40.860069318448154,24,3.0,9,3,155,0.5859472952992479,CAFE,2.6189910336437396,0.6153846153846154,13,ANONYMOUS,0.0,2.0,35,0.01,1,O00918,R061,BREAKFAST,2024-02-11 06:21:36
55.66142477917863,20,3.0,9,4,42,0.5753255359273138,BAKERY,3.972432616097607,0.25,8,IDENTIFIED,0.4064523295184866,2.0,41,0.14438478878586417,0,O00919,R035,BREAKFAST,2024-02-11 07:26:24
37.46090801024876,8,4.0,12,4,78,0.6532832290371149,FAST_FOOD,3.5920105952783357,0.3,20,ANONYMOUS,0.28632039258378456,2.0,12,0.01,0,O00920,R026,FAST_FOOD,2024-02-11 08:31:12
42.67167411946627,12,2.0,21,6,208,0.28069072091037667,CATERING,3.2943012426991136,0.6666666666666666,15,IDENTIFIED,0.025994807902625178,2.0,21,0.09737306161336873,1,O00921,R019,FINE_DINING,2024-02-11 09:36:00
73.63250864980185,8,3.0,19,0,112,0.4284147751994846,CATERING,4.045339710815144,0.45454545454545453,11,ANONYMOUS,0.31344303902010257,2.0,11,0.2622613093767188,0,O00922,R044,PASTA,2024-02-11 10:40:48
59.11752666080674,15,2.0,14,2,132,0.5570848366739249,FOOD_TRUCK,4.092770052054342,0.3076923076923077,13,IDENTIFIED,0.3474443027692952,2.0,33,0.1779227464459456,0,O00923,R007,SANDWICH,2024-02-11 11:45:36
23.67960647270702,8,2.0,14,4,89,0.5678142680391115,FAST_FOOD,4.310091164856999,0.5,12,ANONYMOUS,0.6153983049511536,2.0,27,0.07443094721122286,0,O00924,R074,SANDWICH,2024-02-11 12:50:24
46.261046218397674,22,1.0,12,4,184,0.577874130140606,CAFE,3.148280928470636,0.375,8,ANONYMOUS,0.2976689163795065,2.0,24,0.08059849953581624,1,O00925,R041,SANDWICH,2024-02-11 13:55:12
47.702052999165886,29,3.0,13,2,182,0.48468917326674893,CATERING,3.3362233513389206,0.6153846153846154,13,IDENTIFIED,0.38305116746953183,2.0,35,0.09730099728543935,1,O00926,R053,HEALTHY,2024-02-11 15:00:00
53.487259050232055,22,4.0,15,3,35,0.4784703121969285,RESTAURANT,5.0,0.42857142857142855,7,IDENTIFIED,0.04185555507198344,2.0,13,0.01,1,O00927,R071,VEGETARIAN,2024-02-11 16:04:48
32.884031551274354,21,8.0,12,3,68,0.6861679293342774,FAST_FOOD,4.303746398295807,0.4444444444444444,9,IDENTIFIED,0.5990396299588733,2.0,41,0.07216785553801573,0,O00928,R054,FAST_FOOD,2024-02-11 17:09:36
56.075977746843236,7,2.0,17,2,172,0.4399237801639426,RESTAURANT,3.676877650715725,0.4666666666666667,15,IDENTIFIED,0.25906633818805214,2.0,10,0.01,0,O00929,R057,VEGETARIAN,2024-02-11 18:14:24
38.82775797813425,16,2.0,13,0,63,0.589748255637231,CAFE,2.8338030196367794,0.5,16,ANONYMOUS,0.35001142129505347,2.0,46,0.1446469125273417,0,O00930,R078,DESSERT,2024-02-11 19:19:12
41.311571359788296,5,2.0,12,4,78,0.5207079680203639,FAST_FOOD,2.874421625611307,0.29411764705882354,17,IDENTIFIED,0.16732967654327668,2.0,2,0.042323090832298134,1,O00931,R016,STREET_FOOD,2024-02-11 20:24:00
61.72690324225751,14,4.0,21,4,115,0.3799566666982111,CATERING,4.095963490352159,0.45454545454545453,11,IDENTIFIED,0.16718902117389012,2.0,45,0.263502938494684,0,O00932,R056,GRILL,2024-02-11 21:28:48
47.96609120970202,13,1.0,9,1,193,0.48406890503691585,CAFE,3.148280928470636,0.4444444444444444,9,IDENTIFIED,0.17185636113369074,2.0,8,0.09090775487481455,1,O00933,R041,BRUNCH,2024-02-11 22:33:36
47.03559056810872,19,3.0,13,3,151,0.48486793055787675,CAFE,3.8703122217420067,0.625,8,IDENTIFIED,0.5338906343128268,2.0,25,0.1739908156721186,0,O00934,R002,SANDWICH,2024-02-11 23:38:24
21.561664499381852,23,4.0,21,2,96,0.422256594481034,CATERING,3.8498216987959597,0.6153846153846154,13,IDENTIFIED,0.07187600715737512,2.0,13,0.06174189214308633,1,O00935,R052,PASTA,2024-02-12 00:43:12
29.488538731789944,9,2.0,13,1,41,0.5482851908395701,FAST_FOOD,3.616049105204268,0.5,14,IDENTIFIED,0.15542793088197848,2.0,3,0.014660422353953345,1,O00936,R080,FAST_FOOD,2024-02-12 01:48:00
45.187573388055824,12,1.5,13,4,121,0.5876084974480557,FOOD_TRUCK,3.800046416200278,0.6,10,IDENTIFIED,0.38440894541488857,2.0,16,0.10063312034387124,1,O00937,R070,FAST_FOOD,2024-02-12 02:52:48
21.52391173134255,19,1.5,13,1,45,0.3737935102181721,CATERING,4.095963490352159,0.4166666666666667,12,IDENTIFIED,0.23574499282329947,2.0,32,0.11212929294918203,1,O00938,R056,HEALTHY,2024-02-12 03:57:36
36.666930665088145,5,1.5,21,3,109,0.28598630096304645,RESTAURANT,3.676877650715725,0.4375,16,IDENTIFIED,0.0,2.0,5,0.06572763287933696,1,O00939,R057,FINE_DINING,2024-02-12 05:02:24
46.80484542962615,10,1.5,10,2,129,0.4886589368412817,CAFE,3.148280928470636,0.5,10,ANONYMOUS,0.5270065470650969,2.0,18,0.15203807376068917,0,O00940,R041,CAFE,2024-02-12 06:07:12
46.31579887571657,28,3.0,18,5,102,0.5143031523826708,FOOD_TRUCK,3.473217524366763,0.36363636363636365,11,ANONYMOUS,0.07891668787829414,2.0,15,0.11865326398042567,1,O00941,R029,STREET_FOOD,2024-02-12 07:12:00
24.458429138660303,25,2.0,21,3,135,0.3475475460643748,CATERING,3.1558426563006043,0.75,8,IDENTIFIED,0.0,2.0,9,0.11188852431833449,1,O00942,R011,FINE_DINING,2024-02-12 08:16:48
62.48832917616831,14,5.0,9,6,195,0.6610615877377108,CAFE,4.027925188301798,0.6666666666666666,9,IDENTIFIED,0.15231568047263533,2.0,17,0.19845252846496947,0,O00943,R036,CAFE,2024-02-12 09:21:36
36.348247465441986,19,4.0,17,6,64,0.4593016303264594,FOOD_TRUCK,4.057130138238625,0.6666666666666666,9,IDENTIFIED,0.4200969124383226,2.0,31,0.07791085678422002,0,O00944,R004,STREET_FOOD,2024-02-12 10:26:24
49.661010995152694,13,3.0,13,2,163,0.47848017587649333,CATERING,3.155638354146062,0.7272727272727273,11,ANONYMOUS,0.3843978060393416,2.0,33,0.045834279547980625,0,O00945,R065,HEALTHY,2024-02-12 11:31:12
38.865793135602004,28,6.0,12,2,156,0.46067413700155546,CATERING,4.011723031358224,0.7272727272727273,11,ANONYMOUS,0.2711329461915371,2.0,51,0.06077229997317672,1,O00946,R043,HEALTHY,2024-02-12 12:36:00
40.38509778020536,28,0.5,20,6,139,0.43973033499478764,RESTAURANT,2.8789243804126032,0.23076923076923078,13,ANONYMOUS,0.0,2.0,9,0.12089364609232192,1,O00947,R039,SEAFOOD,2024-02-12 13:40:48
52.27924290787928,6,1.5,13,3,181,0.39966486252442734,CATERING,4.149333020747922,0.8,5,IDENTIFIED,0.22559206750328775,2.0,14,0.0954520566541491,0,O00948,R034,HEALTHY,2024-02-12 14:45:36
40.067708128458335,8,1.5,20,3,108,0.40491136836560504,RESTAURANT,3.648671761825324,0.5714285714285714,21,IDENTIFIED,0.17013112576552994,2.0,13,0.04322062376063674,1,O00949,R015,SUSHI,2024-02-12 15:50:24
33.57289022460426,30,1.5,21,6,93,0.3451872226991336,RESTAURANT,4.19117461888607,0.8333333333333334,12,ANONYMOUS,0.0,2.0,51,0.09827080590986705,0,O00950,R017,SEAFOOD,2024-02-12 16:55:12
25.306862463975186,9,1.5,8,1,157,0.501327874950596,CAFE,3.2865102759945675,0.23076923076923078,13,ANONYMOUS,0.25794965136870873,2.0,11,0.11440082064051302,1,O00951,R027,BREAKFAST,2024-02-12 18:00:00
69.89829866963602,25,1.0,10,4,172,0.6022097813364028,BAKERY,4.772361452468935,0.75,4,IDENTIFIED,0.27495989266276727,2.0,30,0.14348618638644892,0,O00952,R040,BREAKFAST,2024-02-12 19:04:48
40.94390160418003,6,5.0,21,4,103,0.378199875491866,CATERING,3.8498216987959597,0.6428571428571429,14,ANONYMOUS,0.0,2.0,10,0.024863225830338787,1,O00953,R052,GRILL,2024-02-12 20:09:36
44.029197327374064,11,5.0,10,3,148,0.5519117842776935,CAFE,3.9450444623960856,0.5714285714285714,14,ANONYMOUS,0.010077481287365408,2.0,26,0.10797165047276218,0,O00954,R075,CAFE,2024-02-12 21:14:24
31.862498061306272,18,3.0,21,2,198,0.2699160659067213,CATERING,3.9572043767813985,0.625,8,IDENTIFIED,0.04605261759862017,2.0,10,0.038251061411234785,1,O00955,R046,FINE_DINING,2024-02-12 22:19:12
37.89829436819473,19,2.0,8,3,200,0.549930213703192,BAKERY,3.237076379057974,0.5,16,IDENTIFIED,0.0,2.0,8,0.10461381993163446,0,O00956,R031,BREAKFAST,2024-02-12 23:24:00
38.55154476535093,15,1.5,9,5,30,0.5071422902402266,CAFE,3.8949233547471653,0.0,7,IDENTIFIED,0.046487403034932706,2.0,14,0.0597880775056428,1,O00957,R045,BRUNCH,2024-02-13 00:28:48
20.967021573604026,18,1.5,20,1,81,0.49056693048993194,CATERING,4.095963490352159,0.46153846153846156,13,IDENTIFIED,0.17314644119376008,2.0,62,0.2884973253916228,0,O00958,R056,GRILL,2024-02-13 01:33:36
47.52548129524264,24,1.5,14,4,133,0.6134189880877717,BAKERY,4.2831476657189995,0.25,12,IDENTIFIED,0.24293196164316777,2.0,38,0.2358937757650693,0,O00959,R005,DESSERT,2024-02-13 02:38:24
43.72814916444481,16,1.0,12,2,106,0.48481822473645164,CATERING,3.155638354146062,0.6666666666666666,12,IDENTIFIED,0.4661627832657581,2.0,21,0.19859392822065586,1,O00960,R065,HEALTHY,2024-02-13 03:43:12
47.545715264295346,13,2.0,13,4,158,0.4873860883052344,CATERING,3.2943012426991136,0.6875,16,IDENTIFIED,0.482760860745014,2.0,42,0.06330946194634518,0,O00961,R019,HEALTHY,2024-02-13 04:48:00
49.69251571556419,25,1.0,14,1,152,0.46548651197466046,CATERING,4.455128624198876,0.42857142857142855,7,IDENTIFIED,0.23057158323713778,2.0,38,0.1014934760855491,1,O00962,R073,HEALTHY,2024-02-13 05:52:48
40.791065431032195,17,3.0,12,6,116,0.621892622364852,CAFE,3.8949233547471653,0.125,8,ANONYMOUS,0.6211487558854588,2.0,37,0.01,0,O00963,R045,DESSERT,2024-02-13 06:57:36
28.77055343658799,5,3.0,14,5,110,0.5463488900224995,FOOD_TRUCK,4.06441066239825,0.25,16,IDENTIFIED,0.3701903458065078,2.0,7,0.17094396435396217,0,O00964,R023,SANDWICH,2024-02-13 08:02:24
50.75830895031388,14,4.0,19,0,35,0.4062439763688302,RESTAURANT,4.271886734691434,0.38461538461538464,13,ANONYMOUS,0.28212535358226903,2.0,23,0.027590676634520486,0,O00965,R018,PASTA,2024-02-13 09:07:12
54.37254107910242,24,1.5,12,4,101,0.5513725651308793,FOOD_TRUCK,4.06441066239825,0.23529411764705882,17,IDENTIFIED,0.013246430920042879,2.0,12,0.04304711708719063,1,O00966,R023,BURGER,2024-02-13 10:12:00
34.53381313560702,27,3.0,13,0,60,0.673996017359316,BAKERY,3.972432616097607,0.2222222222222222,9,IDENTIFIED,0.0,2.0,61,0.01982180667366111,0,O00967,R035,BAKERY,2024-02-13 11:16:48
23.53396436547423,29,2.0,14,4,127,0.514217940244682,FAST_FOOD,3.5920105952783357,0.2857142857142857,21,ANONYMOUS,0.21358595618314802,2.0,46,0.03156792462905043,1,O00968,R026,BURGER,2024-02-13 12:21:36
29.433202518923828,16,3.0,12,4,89,0.5473575649556733,RESTAURANT,5.0,0.5,8,ANONYMOUS,0.2963679351829086,2.0,27,0.17505003939527577,0,O00969,R071,SALAD,2024-02-13 13:26:24
46.98224472135892,28,3.0,21,1,157,0.4134034068784258,FOOD_TRUCK,4.092770052054342,0.2857142857142857,14,ANONYMOUS,0.31514765060220207,2.0,39,0.1862846607027345,0,O00970,R007,BBQ,2024-02-13 14:31:12
26.0909609135981,15,1.0,8,6,62,0.5596825232551895,BAKERY,4.262169475601567,0.5,12,IDENTIFIED,0.3445143871075723,2.0,42,0.15263263292159,0,O00971,R028,BREAKFAST,2024-02-13 15:36:00
66.8163454874929,26,4.0,13,4,30,0.5991321378280123,BAKERY,4.212748157693551,0.42857142857142855,14,IDENTIFIED,0.5527244697295409,2.0,65,0.11097635329773345,0,O00972,R001,BAKERY,2024-02-13 16:40:48
35.020294150144565,19,2.0,12,1,89,0.4918356512475698,CATERING,3.1558426563006043,0.7777777777777778,9,IDENTIFIED,0.3941168149847819,2.0,9,0.13423325147765947,1,O00973,R011,HEALTHY,2024-02-13 17:45:36
36.902378657206874,11,1.5,20,3,150,0.4429145648048945,CATERING,3.565011044514906,0.4444444444444444,9,IDENTIFIED,0.0,2.0,32,0.21451527274546958,0,O00974,R020,GRILL,2024-02-13 18:50:24
48.94328799502595,21,3.0,13,3,80,0.49716199045500264,FOOD_TRUCK,3.800046416200278,0.6363636363636364,11,IDENTIFIED,0.3798532921394615,2.0,49,0.13804510121069427,0,O00975,R070,SANDWICH,2024-02-13 19:55:12
42.28550432403736,17,1.0,21,6,123,0.4222970309911874,RESTAURANT,2.8789243804126032,0.2857142857142857,14,IDENTIFIED,0.24231468568656386,2.0,28,0.18226562586231015,0,O00976,R039,PASTA,2024-02-13 21:00:00
49.50381010006714,7,4.0,14,2,144,0.5424252689792477,BAKERY,4.262169475601567,0.46153846153846156,13,ANONYMOUS,0.3786271517650833,2.0,13,0.1182252804264836,0,O00977,R028,DESSERT,2024-02-13 22:04:48
55.70033814187682,19,3.0,9,0,143,0.5486965526062263,CAFE,3.148280928470636,0.45454545454545453,11,IDENTIFIED,0.21721271157878913,2.0,22,0.041555675800224394,1,O00978,R041,CAFE,2024-02-13 23:09:36
42.719522296049284,22,6.0,20,0,71,0.32012687510036497,CATERING,3.565011044514906,0.4,10,IDENTIFIED,0.12366850820816253,2.0,13,0.04060765180781126,1,O00979,R020,FINE_DINING,2024-02-14 00:14:24
56.47117821705484,23,3.0,13,0,153,0.4527149492062171,RESTAURANT,4.19117461888607,0.8461538461538461,13,ANONYMOUS,0.10817338831625943,2.0,57,0.22722342040800875,0,O00980,R017,HEALTHY,2024-02-14 01:19:12
46.064837335257025,22,3.0,12,1,187,0.552193712768851,FOOD_TRUCK,4.057130138238625,0.6,10,IDENTIFIED,0.3394040734247844,2.0,27,0.17278743826130144,0,O00981,R004,FAST_FOOD,2024-02-14 02:24:00
56.78089296984808,19,1.5,14,5,141,0.5191229699904522,FAST_FOOD,4.303746398295807,0.4,10,ANONYMOUS,0.4292208866284504,2.0,59,0.20146395909267464,0,O00982,R054,BURGER,2024-02-14 03:28:48
41.04008461821497,17,4.0,13,3,176,0.5171984898183316,FOOD_TRUCK,3.800046416200278,0.5833333333333334,12,ANONYMOUS,1.0,2.0,29,0.02484419706394944,0,O00983,R070,BURGER,2024-02-14 04:33:36
26.840663525657675,12,5.0,14,1,164,0.6319572434823695,BAKERY,3.330716157192649,0.6666666666666666,6,ANONYMOUS,0.13560851424488024,2.0,39,0.11203011507294236,0,O00984,R059,DESSERT,2024-02-14 05:38:24
38.748454850751926,18,2.0,13,5,138,0.5369405691621252,CAFE,3.8703122217420067,0.5555555555555556,9,IDENTIFIED,0.8858204228965392,2.0,47,0.18419396653975306,0,O00985,R002,SANDWICH,2024-02-14 06:43:12
32.35249945407013,14,3.0,13,3,107,0.6343064598066428,FAST_FOOD,4.138788682416522,0.42857142857142855,14,IDENTIFIED,0.25518062066095715,2.0,28,0.10678044247529703,0,O00986,R009,FAST_FOOD,2024-02-14 07:48:00
39.09599277917748,20,3.0,19,5,107,0.4070234540355032,CATERING,4.095963490352159,0.42857142857142855,14,IDENTIFIED,0.1278986531933516,2.0,14,0.05980467145449176,1,O00987,R056,GRILL,2024-02-14 08:52:48
31.61214594168009,27,2.0,12,1,203,0.6228855303958603,FOOD_TRUCK,3.1265420325537248,0.45,20,ANONYMOUS,0.45354211233889474,2.0,41,0.17438624237624994,1,O00988,R048,FAST_FOOD,2024-02-14 09:57:36
33.307360283808606,13,1.0,21,2,92,0.27954867505517017,CATERING,3.155638354146062,0.6923076923076923,13,IDENTIFIED,0.3474597001619367,2.0,22,0.01,0,O00989,R065,FINE_DINING,2024-02-14 11:02:24
47.99381868729036,8,3.0,21,2,192,0.3687433042083903,CATERING,4.455128624198876,0.5,8,IDENTIFIED,0.3049897006438488,2.0,13,0.07445743151197479,0,O00990,R073,PASTA,2024-02-14 12:07:12
44.55917354793999,23,4.0,12,2,121,0.5258997315634927,FAST_FOOD,3.6534868804950746,0.14285714285714285,7,IDENTIFIED,0.5256847891650926,2.0,58,0.13304624503782853,0,O00991,R068,BURGER,2024-02-14 13:12:00
74.08823003273791,13,8.0,14,4,65,0.4968695841762337,FAST_FOOD,3.142288194926028,0.3333333333333333,9,ANONYMOUS,0.741044832249957,2.0,42,0.07122753497567831,0,O00992,R022,BURGER,2024-02-14 14:16:48
29.45687746348858,18,1.0,13,0,86,0.6456008844817311,CAFE,3.148280928470636,0.5,12,ANONYMOUS,0.6604885384737006,2.0,26,0.13859425915746668,0,O00993,R041,DESSERT,2024-02-14 15:21:36
56.01204408303334,22,1.0,14,4,207,0.5886158685005946,CAFE,2.8338030196367794,0.47058823529411764,17,IDENTIFIED,0.2384888072093616,2.0,29,0.16986452286458287,1,O00994,R078,DESSERT,2024-02-14 16:26:24
44.29394976929026,10,4.0,11,1,43,0.4737579599893196,FAST_FOOD,3.616049105204268,0.5333333333333333,15,ANONYMOUS,0.3672111509234001,2.0,24,0.06553787639753883,0,O00995,R080,STREET_FOOD,2024-02-14 17:31:12
45.93772795745682,5,2.0,16,6,15,0.5663579242632785,FAST_FOOD,4.572960003829547,0.21428571428571427,14,IDENTIFIED,0.5071158188946329,2.0,12,0.3138165298895937,1,O00996,R050,STREET_FOOD,2024-02-14 18:36:00
60.651093430063696,30,4.0,12,3,155,0.5235102937792465,FAST_FOOD,3.6534868804950746,0.125,8,IDENTIFIED,0.5529935126151583,2.0,86,0.2116164663108992,0,O00997,R068,FAST_FOOD,2024-02-14 19:40:48
60.68809276146811,17,2.0,19,5,149,0.39933695600324864,CATERING,3.6697323545196734,0.7142857142857143,7,IDENTIFIED,0.03433999185826317,2.0,50,0.13220960659703196,0,O00998,R077,FINE_DINING,2024-02-14 20:45:36
75.0,8,4.0,14,2,85,0.6135775354126993,FAST_FOOD,3.5671859283757152,0.6666666666666666,12,IDENTIFIED,0.06033099703961456,2.0,11,0.09289811836994394,0,O00999,R024,FAST_FOOD,2024-02-14 21:50:24
36.148343257751954,8,3.0,16,5,199,0.5436298146769588,FOOD_TRUCK,3.473217524366763,0.4166666666666667,12,IDENTIFIED,0.2057206556806452,2.0,26,0.04930801187834999,0,O01000,R029,STREET_FOOD,2024-02-14 22:55:12
52.41557456060074,18,1.0,19,3,142,0.4154100503323908,CATERING,4.051226380656576,0.625,8,IDENTIFIED,0.2321276333379506,2.0,30,0.08018105646173371,0,O01001,R021,PASTA,2024-02-15 00:00:00
36.192637913067855,23,1.5,14,0,161,0.572396729335969,FOOD_TRUCK,3.800046416200278,0.5384615384615384,13,ANONYMOUS,0.08873419668232518,2.0,66,0.1258969632276403,0,O01002,R070,FAST_FOOD,2024-02-15 01:04:48
55.413152634724476,17,4.0,8,6,95,0.5805824668811674,CAFE,4.173402459689542,0.2727272727272727,11,IDENTIFIED,0.37246213094493275,2.0,26,0.0886986364800122,0,O01003,R013,BREAKFAST,2024-02-15 02:09:36
66.8248763333383,23,2.0,20,2,59,0.3895959423568301,CATERING,3.1558426563006043,0.8,10,ANONYMOUS,0.0,2.0,54,0.29137470135745835,0,O01004,R011,PASTA,2024-02-15 03:14:24
58.337859128352406,5,5.0,13,3,46,0.5409695461079032,FAST_FOOD,3.346535331369818,0.3333333333333333,15,IDENTIFIED,0.016465186080298094,2.0,14,0.17703727996369045,0,O01005,R010,BURGER,2024-02-15 04:19:12
60.00072227185703,26,2.0,12,2,112,0.5745634311443477,FOOD_TRUCK,5.0,0.36363636363636365,11,IDENTIFIED,0.5228858653893211,2.0,63,0.13223758061158236,0,O01006,R062,FAST_FOOD,2024-02-15 05:24:00
37.70262547580547,5,5.0,21,2,119,0.42378748228838525,FOOD_TRUCK,2.9985642990793835,0.5555555555555556,9,IDENTIFIED,0.22066426595354083,2.0,3,0.03043585879786001,1,O01007,R014,BBQ,2024-02-15 06:28:48
50.29517968213966,28,3.0,9,3,145,0.4687092286138469,CAFE,4.027925188301798,0.6,10,ANONYMOUS,0.28741778310138544,2.0,45,0.01,0,O01008,R036,BRUNCH,2024-02-15 07:33:36
23.429946482649253,13,3.0,21,4,161,0.4822896549005033,FOOD_TRUCK,4.356993699800905,0.625,8,ANONYMOUS,0.19632116910764102,2.0,24,0.01,0,O01009,R069,BBQ,2024-02-15 08:38:24
43.69482291792327,6,6.0,13,6,59,0.6729043424869297,BAKERY,3.8497693798953305,0.5,12,ANONYMOUS,0.0,2.0,16,0.16639921323800713,0,O01010,R058,BAKERY,2024-02-15 09:43:12
49.443165671827174,9,5.0,12,0,85,0.5089252661197102,FAST_FOOD,3.5671859283757152,0.6153846153846154,13,ANONYMOUS,0.3532128890632439,2.0,19,0.0865930639323059,0,O01011,R024,PIZZA,2024-02-15 10:48:00
53.26567110946178,23,5.0,20,4,58,0.4222286107889134,RESTAURANT,3.3528823975793207,0.8,10,IDENTIFIED,0.2483748117150531,2.0,19,0.07741952679160817,1,O01012,R037,SUSHI,2024-02-15 11:52:48
32.09508012776533,10,3.0,12,6,191,0.5383667092649903,BAKERY,3.7012644326945696,0.625,8,IDENTIFIED,0.2041646411951067,2.0,17,0.02891972255557032,1,O01013,R049,DESSERT,2024-02-15 12:57:36
61.17787937873187,17,3.0,13,4,189,0.5370796562027195,FAST_FOOD,3.973582751974687,0.5,8,IDENTIFIED,0.46480343542407226,2.0,26,0.12377811433882684,0,O01014,R060,BURGER,2024-02-15 14:02:24
53.6245306347895,18,4.0,13,0,49,0.5316965128884745,RESTAURANT,3.3528823975793207,0.8181818181818182,11,ANONYMOUS,0.0,2.0,6,0.10103573337775858,1,O01015,R037,SALAD,2024-02-15 15:07:12
34.23116338440632,16,5.0,12,4,64,0.4989833701175808,CATERING,3.565011044514906,0.45454545454545453,11,IDENTIFIED,0.21778676216669246,2.0,37,0.13124169413355163,0,O01016,R020,HEALTHY,2024-02-15 16:12:00
38.09018020337855,28,1.0,12,4,37,0.7368180792741312,BAKERY,3.3482373264265872,0.2727272727272727,11,ANONYMOUS,0.6999431184565705,2.0,84,0.33167259165482665,0,O01017,R042,BAKERY,2024-02-15 17:16:48
58.464290408726995,26,4.0,21,6,158,0.38728199698912763,CATERING,4.149333020747922,0.6666666666666666,6,IDENTIFIED,0.6072564314815299,2.0,41,0.13108014682848462,0,O01018,R034,PASTA,2024-02-15 18:21:36
35.96295167248945,29,1.5,13,2,93,0.463458881038641,FAST_FOOD,3.142288194926028,0.3,10,IDENTIFIED,0.44681860185146144,2.0,79,0.1945268695231542,0,O01019,R022,BURGER,2024-02-15 19:26:24
42.24023475876892,16,4.0,14,5,183,0.580653457514484,FOOD_TRUCK,4.06441066239825,0.2777777777777778,18,IDENTIFIED,0.33753678346244664,2.0,28,0.09273921946832289,0,O01020,R023,FAST_FOOD,2024-02-15 20:31:12
70.25759130166759,19,5.0,14,5,165,0.4480295766188485,FAST_FOOD,3.973582751974687,0.4444444444444444,9,ANONYMOUS,0.6689786367722043,2.0,32,0.01,0,O01021,R060,PIZZA,2024-02-15 21:36:00
67.17268279842348,13,1.5,12,3,133,0.632534907578933,CAFE,3.8703122217420067,0.5,10,ANONYMOUS,0.3988667926243251,2.0,22,0.09445075170455355,0,O01022,R002,DESSERT,2024-02-15 22:40:48
49.570449338558085,21,3.0,20,1,90,0.5170007362139841,FAST_FOOD,3.973582751974687,0.4,10,IDENTIFIED,0.4280279017014772,2.0,48,0.20934695817290777,0,O01023,R060,STREET_FOOD,2024-02-15 23:45:36
17.84344675707453,18,2.0,20,3,147,0.44823700936083305,FAST_FOOD,3.616049105204268,0.5,16,IDENTIFIED,0.0,2.0,29,0.13605038812387749,1,O01024,R080,STREET_FOOD,2024-02-16 00:50:24
43.62512141482149,30,6.0,8,2,39,0.5558506767799944,CAFE,3.091917580299283,0.3684210526315789,19,ANONYMOUS,0.0774209101792459,2.0,19,0.1133937568592744,1,O01025,R064,BREAKFAST,2024-02-16 01:55:12
39.54403730801049,12,3.0,21,4,25,0.4398772606271945,RESTAURANT,4.2836688861745555,0.6875,16,IDENTIFIED,0.37151994361402624,2.0,21,0.12524209719418272,0,O01026,R003,PASTA,2024-02-16 03:00:00
56.2091420038946,12,2.0,14,0,130,0.5106052597269394,FOOD_TRUCK,3.4481366569876384,0.8181818181818182,11,IDENTIFIED,0.204623541101527,2.0,8,0.09441118746078238,1,O01027,R033,SANDWICH,2024-02-16 04:04:48
61.87283139753087,7,1.5,12,2,116,0.4484686739686014,RESTAURANT,3.0725152132050786,0.5,16,ANONYMOUS,0.414694897684528,2.0,7,0.08797017327053668,1,O01028,R025,HEALTHY,2024-02-16 05:09:36
34.48608557082665,21,4.0,10,4,74,0.4975470539406678,CAFE,3.9450444623960856,0.5333333333333333,15,ANONYMOUS,0.15972287779842437,2.0,16,0.14313869066231408,1,O01029,R075,BRUNCH,2024-02-16 06:14:24
28.265798433839038,22,3.0,13,5,54,0.5768521452846566,FOOD_TRUCK,3.473217524366763,0.38461538461538464,13,IDENTIFIED,0.12956211999597994,2.0,68,0.1092133345996548,0,O01030,R029,BURGER,2024-02-16 07:19:12
23.50111219961718,18,4.0,21,0,35,0.4148442836702894,RESTAURANT,4.2836688861745555,0.6470588235294118,17,IDENTIFIED,0.27859052200069595,2.0,45,0.2234172891146149,0,O01031,R003,PASTA,2024-02-16 08:24:00
60.661231065946396,7,5.0,12,1,36,0.5235251356522522,FAST_FOOD,4.138788682416522,0.4,15,ANONYMOUS,0.18079022377702053,2.0,13,0.03771518135072023,0,O01032,R009,SANDWICH,2024-02-16 09:28:48
49.598710318744324,13,1.0,12,5,203,0.5382449216313504,FAST_FOOD,3.616049105204268,0.5294117647058824,17,ANONYMOUS,0.06384812190852376,2.0,4,0.01,1,O01033,R080,BURGER,2024-02-16 10:33:36
37.44508324925688,14,4.0,12,4,97,0.48053713661728203,CATERING,3.6697323545196734,0.625,8,IDENTIFIED,0.055674940622429,2.0,38,0.16826932688216317,0,O01034,R077,HEALTHY,2024-02-16 11:38:24
29.416906592251344,17,5.0,19,6,69,0.43996506357226495,RESTAURANT,3.3528823975793207,0.8333333333333334,12,ANONYMOUS,0.010708137974983906,2.0,18,0.11843163340785029,1,O01035,R037,SUSHI,2024-02-16 12:43:12
73.46206677981121,19,3.0,10,0,140,0.5542215022882013,BAKERY,3.330716157192649,0.5714285714285714,7,ANONYMOUS,0.6221978036149675,2.0,25,0.0964937624578806,0,O01036,R059,BREAKFAST,2024-02-16 13:48:00
44.0373176604182,23,0.5,21,4,203,0.253789302272411,CATERING,3.6697323545196734,0.5555555555555556,9,ANONYMOUS,0.02305943803138058,2.0,40,0.0792400592799002,1,O01037,R077,FINE_DINING,2024-02-16 14:52:48
53.36276516887797,13,4.0,20,0,134,0.5252211890427096,RESTAURANT,3.648671761825324,0.5909090909090909,22,IDENTIFIED,0.5612448507351752,2.0,24,0.15857150309148693,0,O01038,R015,GRILL,2024-02-16 15:57:36
42.802319583429934,28,6.0,12,5,34,0.4809899122993367,FAST_FOOD,4.303746398295807,0.36363636363636365,11,ANONYMOUS,0.565171782727778,2.0,42,0.036269914337203654,0,O01039,R054,PIZZA,2024-02-16 17:02:24
41.58621634611222,29,4.0,12,1,136,0.477526146126628,FAST_FOOD,3.142288194926028,0.2727272727272727,11,ANONYMOUS,0.0,2.0,27,0.15456248531357164,1,O01040,R022,PIZZA,2024-02-16 18:07:12
21.301701060081363,15,3.0,14,3,38,0.5734475803114066,FOOD_TRUCK,2.9985642990793835,0.6,10,IDENTIFIED,0.29471666346128383,2.0,19,0.01,1,O01041,R014,STREET_FOOD,2024-02-16 19:12:00
54.43210702072335,20,5.0,20,6,55,0.4679498374461787,CATERING,4.045339710815144,0.4166666666666667,12,IDENTIFIED,0.12588867371484874,2.0,26,0.043300663619147445,0,O01042,R044,PASTA,2024-02-16 20:16:48
45.088059868491484,31,2.0,9,5,47,0.5601420904032759,CAFE,2.8338030196367794,0.5,18,ANONYMOUS,0.40099590072904523,2.0,45,0.07262132697578237,1,O01043,R078,CAFE,2024-02-16 21:21:36
52.547327952673854,19,2.0,19,1,62,0.336481053330554,CATERING,3.593114160823445,0.5714285714285714,14,IDENTIFIED,0.0,2.0,56,0.0824111976008481,0,O01044,R067,FINE_DINING,2024-02-16 22:26:24
33.06496014781478,27,1.5,20,1,132,0.47191776133565194,CATERING,3.2943012426991136,0.6470588235294118,17,IDENTIFIED,0.4452392150565431,2.0,70,0.01,0,O01045,R019,GRILL,2024-02-16 23:31:12
21.741011692617136,7,4.0,8,4,180,0.43044400202819255,CAFE,4.027925188301798,0.5454545454545454,11,IDENTIFIED,0.3204268439354732,2.0,15,0.170116412736815,0,O01046,R036,BRUNCH,2024-02-17 00:36:00
33.92026121120541,15,3.0,12,5,87,0.6329069624416794,BAKERY,4.772361452468935,0.6,5,IDENTIFIED,0.8708944871758177,2.0,37,0.13977553180065802,0,O01047,R040,DESSERT,2024-02-17 01:40:48
37.871903743662315,28,3.0,14,1,136,0.5297360422016605,CATERING,3.3362233513389206,0.6428571428571429,14,IDENTIFIED,0.62147320645984,2.0,61,0.2118537459725326,0,O01048,R053,HEALTHY,2024-02-17 02:45:36
49.906346222959705,15,2.0,8,3,75,0.4403782894390881,CAFE,3.091917580299283,0.4,20,IDENTIFIED,0.7050989075711096,2.0,50,0.15649649014464723,0,O01049,R064,BRUNCH,2024-02-17 03:50:24
56.85886993891239,11,2.0,14,6,99,0.6102417503759303,CAFE,3.091917580299283,0.38095238095238093,21,ANONYMOUS,0.6975701188315311,2.0,13,0.05823785090816251,0,O01050,R064,DESSERT,2024-02-17 04:55:12
51.442725791423456,13,1.5,20,1,137,0.413605360179029,RESTAURANT,3.3528823975793207,0.8461538461538461,13,IDENTIFIED,0.1150313905754049,2.0,4,0.06302134851871873,1,O01051,R037,SEAFOOD,2024-02-17 06:00:00
33.0378329464121,14,4.0,19,2,37,0.350901325359465,CATERING,4.095963490352159,0.4666666666666667,15,IDENTIFIED,0.09847381771262334,2.0,47,0.21555298451816304,0,O01052,R056,FINE_DINING,2024-02-17 07:04:48
42.69075045249374,26,3.0,20,4,203,0.4689644356767824,CATERING,3.8498216987959597,0.6666666666666666,15,IDENTIFIED,0.3728729038519817,2.0,21,0.13445626267516725,1,O01053,R052,PASTA,2024-02-17 08:09:36
41.34267175884229,14,3.0,19,2,95,0.4360934315537596,RESTAURANT,4.2836688861745555,0.6111111111111112,18,ANONYMOUS,0.6588436729460934,2.0,42,0.10239715346189428,0,O01054,R003,GRILL,2024-02-17 09:14:24
48.49244844871326,29,1.0,12,3,131,0.5317197047691369,FOOD_TRUCK,4.259311185253018,0.6,10,IDENTIFIED,0.7265427562600679,2.0,93,0.2679392927262296,0,O01055,R032,BURGER,2024-02-17 10:19:12
36.81612125754587,19,2.0,20,1,51,0.35540472762275516,CATERING,4.051226380656576,0.5555555555555556,9,IDENTIFIED,0.19026925130260713,2.0,32,0.13333560655372598,1,O01056,R021,GRILL,2024-02-17 11:24:00
44.73745465125089,15,3.0,9,0,176,0.5330223893060931,BAKERY,3.7012644326945696,0.5555555555555556,9,IDENTIFIED,0.5410002268327504,2.0,36,0.10726258343006004,0,O01057,R049,BREAKFAST,2024-02-17 12:28:48
31.378372912339586,10,2.0,19,5,150,0.2903245787344356,CATERING,4.011723031358224,0.75,12,IDENTIFIED,0.0,2.0,18,0.03986663043229827,1,O01058,R043,FINE_DINING,2024-02-17 13:33:36
46.61783116400846,21,5.0,13,6,108,0.6648019873306177,BAKERY,4.408458790532939,1.0,6,IDENTIFIED,0.23325117475784782,2.0,41,0.025285010077203712,0,O01059,R047,BAKERY,2024-02-17 14:38:24
32.02612875837484,28,6.0,21,0,95,0.3656649262418341,RESTAURANT,4.977906180478754,0.5,10,IDENTIFIED,0.0,2.0,13,0.0387863920415979,1,O01060,R008,SEAFOOD,2024-02-17 15:43:12
33.578422326943965,16,4.0,19,6,113,0.40885175881178104,FOOD_TRUCK,3.473217524366763,0.35714285714285715,14,IDENTIFIED,0.19904093040464488,2.0,23,0.1964564587868201,1,O01061,R029,BBQ,2024-02-17 16:48:00
40.755510720613835,20,3.0,11,4,163,0.5540318070520485,FAST_FOOD,4.303746398295807,0.3333333333333333,12,IDENTIFIED,0.5325922716205872,2.0,39,0.011099156960373252,0,O01062,R054,STREET_FOOD,2024-02-17 17:52:48
37.455682082338136,24,4.0,13,5,19,0.4859576427501514,FOOD_TRUCK,2.9985642990793835,0.6363636363636364,11,IDENTIFIED,0.3996368404709715,2.0,46,0.0776591920991319,1,O01063,R014,BURGER,2024-02-17 18:57:36
56.69081342090335,13,1.5,13,5,196,0.5207303645341749,FAST_FOOD,3.6534868804950746,0.1111111111111111,9,IDENTIFIED,0.38175274333151005,2.0,19,0.01,1,O01064,R068,BURGER,2024-02-17 20:02:24
38.631164889958555,11,0.5,12,2,99,0.4827431077647502,FAST_FOOD,3.5920105952783357,0.3181818181818182,22,IDENTIFIED,0.3408955401996923,2.0,14,0.0671769031004103,1,O01065,R026,STREET_FOOD,2024-02-17 21:07:12
20.558788359708643,17,2.0,12,6,26,0.6369692594380235,BAKERY,4.2831476657189995,0.23076923076923078,13,IDENTIFIED,0.186290494680789,2.0,15,0.08654704987602459,1,O01066,R005,DESSERT,2024-02-17 22:12:00
30.410773728626527,14,1.5,21,3,105,0.31595850600426534,CATERING,3.797182973303961,0.6666666666666666,12,IDENTIFIED,0.5515593067240102,2.0,44,0.09898295550924412,0,O01067,R051,FINE_DINING,2024-02-17 23:16:48
22.693100781658934,21,2.0,12,6,168,0.5140083214926429,FAST_FOOD,3.973582751974687,0.36363636363636365,11,IDENTIFIED,0.4969654603340834,2.0,64,0.08002058074501636,0,O01068,R060,STREET_FOOD,2024-02-18 00:21:36
41.68755390878692,31,3.0,14,2,87,0.5461887638485271,FAST_FOOD,3.5920105952783357,0.34782608695652173,23,IDENTIFIED,0.17586344082935773,2.0,21,0.01,1,O01069,R026,BURGER,2024-02-18 01:26:24
34.18893211868253,9,2.0,10,6,179,0.6032373503332592,BAKERY,3.3482373264265872,0.25,12,IDENTIFIED,0.16310546791866914,2.0,6,0.2150312220168305,1,O01070,R042,BREAKFAST,2024-02-18 02:31:12
32.8437296219824,15,2.0,12,0,178,0.5802554806355569,FOOD_TRUCK,3.473217524366763,0.4,15,IDENTIFIED,0.37889793778920583,2.0,22,0.2890581465513794,0,O01071,R029,FAST_FOOD,2024-02-18 03:36:00
17.190857563689196,20,2.0,20,5,100,0.46311019118226965,RESTAURANT,5.0,0.4444444444444444,9,IDENTIFIED,0.10440569118300355,2.0,29,0.20181006395890058,1,O01072,R071,PASTA,2024-02-18 04:40:48
37.56158024772698,19,2.0,19,2,84,0.46685933153452225,FOOD_TRUCK,3.8641771950274,0.42857142857142855,14,IDENTIFIED,0.5203408940170365,2.0,23,0.25035537383856266,0,O01073,R012,BBQ,2024-02-18 05:45:36
48.28211950886093,15,3.0,19,3,197,0.49807853284615505,CATERING,4.045339710815144,0.38461538461538464,13,ANONYMOUS,0.195244901543086,2.0,17,0.1848726441123545,1,O01074,R044,GRILL,2024-02-18 06:50:24
41.64673535744455,9,5.0,20,6,77,0.4417010636205936,RESTAURANT,4.271886734691434,0.35714285714285715,14,ANONYMOUS,0.47339592529194796,2.0,21,0.01,0,O01075,R018,PASTA,2024-02-18 07:55:12
39.802063453365,27,0.5,20,6,148,0.41215010682218856,FOOD_TRUCK,4.356993699800905,0.5555555555555556,9,IDENTIFIED,0.21543896295470977,2.0,51,0.010258552610682287,1,O01076,R069,BBQ,2024-02-18 09:00:00
61.872601308843876,8,5.0,20,2,201,0.43243825808598285,CATERING,3.9572043767813985,0.6666666666666666,9,IDENTIFIED,0.023280158379928584,2.0,14,0.18033859439042577,0,O01077,R046,PASTA,2024-02-18 10:04:48
40.59797957122955,15,4.0,14,4,125,0.5281432178423104,RESTAURANT,3.0725152132050786,0.5294117647058824,17,IDENTIFIED,0.21902152207519548,2.0,15,0.015634563743545715,1,O01078,R025,SALAD,2024-02-18 11:09:36
66.0992417172427,23,4.0,19,5,181,0.5221851613607337,FOOD_TRUCK,4.057130138238625,0.5454545454545454,11,IDENTIFIED,0.7251677993613463,2.0,32,0.21808581455777118,0,O01079,R004,STREET_FOOD,2024-02-18 12:14:24
41.70474644087913,11,4.0,12,3,178,0.4972604986149282,RESTAURANT,3.0725152132050786,0.5555555555555556,18,IDENTIFIED,0.3188735101884997,2.0,33,0.26301644806377134,0,O01080,R025,SALAD,2024-02-18 13:19:12
52.66008980387531,26,3.0,21,5,77,0.3664766732141002,RESTAURANT,4.977906180478754,0.5454545454545454,11,ANONYMOUS,0.33864316081552626,2.0,34,0.17661351823602825,0,O01081,R008,GRILL,2024-02-18 14:24:00
26.990772298238873,19,4.0,13,6,52,0.5290164162773294,FOOD_TRUCK,4.259311185253018,0.5454545454545454,11,IDENTIFIED,0.26185284437451284,2.0,9,0.08456729895858982,1,O01082,R032,SANDWICH,2024-02-18 15:28:48
37.62249100354346,21,4.0,21,1,116,0.49280864619533044,RESTAURANT,3.648671761825324,0.5652173913043478,23,ANONYMOUS,0.4338398260067786,2.0,60,0.15638260882395988,1,O01083,R015,VEGETARIAN,2024-02-18 16:33:36
25.843554549553463,6,6.0,19,5,97,0.49666354917977684,FOOD_TRUCK,3.1265420325537248,0.47619047619047616,21,ANONYMOUS,0.24903560190396434,2.0,4,0.058914446439158046,1,O01084,R048,BBQ,2024-02-18 17:38:24
42.313063947532775,22,6.0,13,3,129,0.5551186165757351,FOOD_TRUCK,2.9985642990793835,0.6666666666666666,12,ANONYMOUS,0.7434325155326043,2.0,43,0.01,0,O01085,R014,BURGER,2024-02-18 18:43:12
60.49020797732964,7,2.0,8,0,159,0.5166467647903508,CAFE,3.8703122217420067,0.45454545454545453,11,IDENTIFIED,0.29420476902120785,2.0,7,0.014173938829500757,1,O01086,R002,BRUNCH,2024-02-18 19:48:00
32.63348350054263,24,1.5,12,4,30,0.5022869712686998,CAFE,3.2865102759945675,0.2857142857142857,14,IDENTIFIED,0.2719944691133968,2.0,44,0.03631220659381517,0,O01087,R027,SANDWICH,2024-02-18 20:52:48
50.99853871805207,27,4.0,12,2,149,0.5526278662280661,BAKERY,3.7012644326945696,0.5,10,IDENTIFIED,0.4922937022389887,2.0,75,0.16826340023710382,0,O01088,R049,DESSERT,2024-02-18 21:57:36
41.70279893776132,10,2.0,20,0,87,0.4509826073398991,RESTAURANT,3.676877650715725,0.47058823529411764,17,IDENTIFIED,0.16586520034183488,2.0,5,0.16275681190538951,1,O01089,R057,PASTA,2024-02-18 23:02:24
40.11849695462202,14,3.0,16,6,137,0.5282580136165693,FOOD_TRUCK,3.800046416200278,0.5,14,IDENTIFIED,0.6864495956682692,2.0,28,0.19394704590771777,0,O01090,R070,STREET_FOOD,2024-02-19 00:07:12
15.0,16,6.0,19,3,31,0.407750785381097,RESTAURANT,3.661412441986213,0.6,15,IDENTIFIED,0.24192772159105488,2.0,28,0.09974684015236969,1,O01091,R076,PASTA,2024-02-19 01:12:00
46.10355588277203,26,1.5,8,2,203,0.5451553621164248,BAKERY,4.262169475601567,0.42857142857142855,14,ANONYMOUS,0.0,2.0,38,0.1038279107411875,0,O01092,R028,BREAKFAST,2024-02-19 02:16:48
49.09556294715025,24,3.0,21,2,73,0.46162125780878405,RESTAURANT,4.2836688861745555,0.5789473684210527,19,IDENTIFIED,0.12230576653318573,2.0,82,0.3182767600564702,0,O01093,R003,SUSHI,2024-02-19 03:21:36
48.29411690897354,7,1.0,20,4,196,0.29973711008114556,CATERING,3.155638354146062,0.6428571428571429,14,ANONYMOUS,0.41789474550531036,2.0,10,0.21683345168885,0,O01094,R065,FINE_DINING,2024-02-19 04:26:24
48.80505253318059,9,5.0,13,5,193,0.49563094677484953,RESTAURANT,5.0,0.5,10,IDENTIFIED,1.0,2.0,14,0.049801167746399186,0,O01095,R071,SALAD,2024-02-19 05:31:12
49.505115332146616,30,3.0,12,6,123,0.6809073407212852,BAKERY,3.7481555951610934,0.1111111111111111,9,IDENTIFIED,0.3133618433660599,2.0,64,0.022334894972454444,0,O01096,R063,BAKERY,2024-02-19 06:36:00
34.54416028438797,21,2.0,21,2,189,0.26773825779930216,CATERING,4.455128624198876,0.4444444444444444,9,ANONYMOUS,0.05059690154943203,2.0,31,0.1784377408420615,0,O01097,R073,FINE_DINING,2024-02-19 07:40:48
43.583947340692944,26,5.0,13,6,75,0.5755226208196861,FAST_FOOD,4.138788682416522,0.375,16,IDENTIFIED,0.36474061782295547,2.0,77,0.11047576117049776,0,O01098,R009,STREET_FOOD,2024-02-19 08:45:36
47.193482669558094,18,2.0,8,5,55,0.45918612231225164,BAKERY,3.330716157192649,0.5,8,IDENTIFIED,0.0,2.0,8,0.15149014347562223,1,O01099,R059,BREAKFAST,2024-02-19 09:50:24
44.59627504633197,15,5.0,20,5,23,0.4713956844721152,CATERING,4.045339710815144,0.42857142857142855,14,ANONYMOUS,0.08122560170344562,2.0,40,0.1403327311024925,0,O01100,R044,GRILL,2024-02-19 10:55:12
25.151123938561213,21,4.0,21,2,148,0.3509074184919181,RESTAURANT,4.977906180478754,0.5,12,IDENTIFIED,0.0,2.0,33,0.1797066114254927,1,O01101,R008,PASTA,2024-02-19 12:00:00
56.761756379629105,28,2.0,21,4,144,0.28664996555047534,RESTAURANT,3.661412441986213,0.625,16,IDENTIFIED,0.19591510344703778,2.0,17,0.1079341438251552,1,O01102,R076,FINE_DINING,2024-02-19 13:04:48
38.62071443520428,16,1.5,14,0,21,0.5628788007698824,CAFE,3.8949233547471653,0.1111111111111111,9,IDENTIFIED,0.0,2.0,26,0.041359604303018764,1,O01103,R045,SANDWICH,2024-02-19 14:09:36
35.66074120066702,15,3.0,12,3,47,0.5526590285677683,CAFE,3.148280928470636,0.46153846153846156,13,ANONYMOUS,0.1982669476006314,2.0,27,0.05622826909531879,1,O01104,R041,SANDWICH,2024-02-19 15:14:24
15.0,6,3.0,8,1,192,0.47761247988363964,BAKERY,3.237076379057974,0.5294117647058824,17,IDENTIFIED,0.1673656416702834,2.0,9,0.13874616585517624,1,O01105,R031,BREAKFAST,2024-02-19 16:19:12
41.33463816919041,8,6.0,13,6,140,0.5314003291924264,FOOD_TRUCK,3.8641771950274,0.4,15,IDENTIFIED,0.3907092391188422,2.0,20,0.25470271636046227,0,O01106,R012,SANDWICH,2024-02-19 17:24:00
37.16047435425698,19,6.0,13,5,137,0.6112586030779198,BAKERY,3.7481555951610934,0.1,10,IDENTIFIED,0.05295669398935704,2.0,48,0.16745497015166216,0,O01107,R063,BAKERY,2024-02-19 18:28:48
40.26624143544103,20,8.0,12,2,200,0.6636526193192814,BAKERY,4.262169475601567,0.4,15,IDENTIFIED,0.6680319331593931,2.0,49,0.14466085826132274,0,O01108,R028,DESSERT,2024-02-19 19:33:36
39.536864059767396,25,2.0,13,0,25,0.6237675021636913,FAST_FOOD,4.310091164856999,0.46153846153846156,13,IDENTIFIED,0.0,2.0,13,0.0670999927923161,1,O01109,R074,FAST_FOOD,2024-02-19 20:38:24
40.20803808334404,16,4.0,10,6,157,0.4667231020540937,CAFE,4.027925188301798,0.5,12,IDENTIFIED,0.305180692467326,2.0,31,0.01,0,O01110,R036,BRUNCH,2024-02-19 21:43:12
56.009872280930374,28,3.0,12,1,29,0.44828522637851376,FAST_FOOD,4.303746398295807,0.3076923076923077,13,ANONYMOUS,0.285643293268409,2.0,84,0.1829820809564922,0,O01111,R054,BURGER,2024-02-19 22:48:00
61.41979841367349,23,2.0,19,4,195,0.40684070832991986,CATERING,3.593114160823445,0.5333333333333333,15,IDENTIFIED,0.2584133180152661,2.0,42,0.1604656152047393,0,O01112,R067,PASTA,2024-02-19 23:52:48
45.73661796430291,10,3.0,14,6,195,0.6117702241363505,FOOD_TRUCK,4.06441066239825,0.2631578947368421,19,IDENTIFIED,0.3329138620000815,2.0,12,0.2413770085261893,0,O01113,R023,SANDWICH,2024-02-20 00:57:36
25.495472844309063,13,1.0,9,5,85,0.5608836697270296,BAKERY,3.8497693798953305,0.46153846153846156,13,IDENTIFIED,0.0,2.0,20,0.2807573774046191,1,O01114,R058,BREAKFAST,2024-02-20 02:02:24
63.919961535894906,23,4.0,14,3,106,0.6554716702432918,BAKERY,3.7481555951610934,0.09090909090909091,11,ANONYMOUS,0.16636536370373323,2.0,66,0.12493860992272361,0,O01115,R063,BAKERY,2024-02-20 03:07:12
57.50699142725884,17,4.0,21,4,142,0.44765590545559664,CATERING,3.797182973303961,0.6153846153846154,13,ANONYMOUS,0.5023577082250246,2.0,45,0.06826939321076177,0,O01116,R051,GRILL,2024-02-20 04:12:00
61.87822488111127,6,1.0,14,4,36,0.681691179818046,BAKERY,4.262169475601567,0.375,16,IDENTIFIED,0.2161571887815123,2.0,18,0.12430654664663836,0,O01117,R028,BAKERY,2024-02-20 05:16:48
75.0,30,4.0,8,0,37,0.6347220336421134,CAFE,3.8703122217420067,0.5,12,IDENTIFIED,0.5047397072116471,2.0,42,0.08294843991633857,0,O01118,R002,CAFE,2024-02-20 06:21:36
59.71756115019441,13,5.0,21,4,168,0.3718122729393897,RESTAURANT,4.271886734691434,0.3333333333333333,15,IDENTIFIED,0.004702790947552354,2.0,20,0.15807558513247155,1,O01119,R018,SEAFOOD,2024-02-20 07:26:24
47.901060234862854,28,1.5,19,5,166,0.5183295599991062,RESTAURANT,4.275105407534004,0.7777777777777778,9,ANONYMOUS,0.5271156948043798,2.0,75,0.09689605338806015,0,O01120,R079,VEGETARIAN,2024-02-20 08:31:12
47.791557675227054,17,2.0,20,0,82,0.33247994051140695,CATERING,3.1558426563006043,0.7272727272727273,11,IDENTIFIED,0.17621245546032996,2.0,24,0.04097578952695181,1,O01121,R011,FINE_DINING,2024-02-20 09:36:00
29.807579161015703,19,2.0,10,0,186,0.4934999839753881,BAKERY,3.3482373264265872,0.3076923076923077,13,IDENTIFIED,0.5668894040383419,2.0,27,0.18963698877167162,0,O01122,R042,BREAKFAST,2024-02-20 10:40:48
34.11997468032144,26,1.0,14,1,159,0.5860916675194777,RESTAURANT,4.19117461888607,0.7857142857142857,14,ANONYMOUS,0.006067613852542564,2.0,35,0.07024864284909804,1,O01123,R017,HEALTHY,2024-02-20 11:45:36
30.21223918652215,25,4.0,13,6,84,0.5761908931866212,CAFE,3.8703122217420067,0.46153846153846156,13,IDENTIFIED,0.5376850999213982,2.0,80,0.04291069060486069,0,O01124,R002,DESSERT,2024-02-20 12:50:24
43.42602598567965,6,0.5,21,6,97,0.4028938108192153,RESTAURANT,3.676877650715725,0.5,18,IDENTIFIED,0.3920883675053205,2.0,8,0.1769010037497824,0,O01125,R057,SUSHI,2024-02-20 13:55:12
31.405809205142223,17,4.0,21,1,103,0.46509545543735975,RESTAURANT,4.271886734691434,0.375,16,IDENTIFIED,0.0,2.0,5,0.032353178592511,1,O01126,R018,PASTA,2024-02-20 15:00:00
52.737924903679854,7,1.0,14,5,96,0.4834829241335974,FOOD_TRUCK,4.057130138238625,0.5,12,IDENTIFIED,0.4845811059504879,2.0,21,0.1484709665665743,0,O01127,R004,SANDWICH,2024-02-20 16:04:48
59.11591182916753,31,4.0,20,0,132,0.3538062753996831,CATERING,3.565011044514906,0.4166666666666667,12,IDENTIFIED,0.6770180567739358,2.0,74,0.15076733835619036,0,O01128,R020,PASTA,2024-02-20 17:09:36
41.852631441394884,21,1.5,21,6,184,0.4253913591130442,CATERING,4.095963490352159,0.4375,16,ANONYMOUS,0.31901609901272704,2.0,18,0.12831750942031175,1,O01129,R056,PASTA,2024-02-20 18:14:24
66.34566337737513,14,3.0,13,6,164,0.49185189037109356,FAST_FOOD,3.616049105204268,0.5555555555555556,18,ANONYMOUS,0.3152130330089706,2.0,24,0.11716952947291984,1,O01130,R080,PIZZA,2024-02-20 19:19:12
34.07489230774036,31,2.0,11,4,117,0.5036489402477312,FAST_FOOD,3.5920105952783357,0.375,24,ANONYMOUS,0.525330576385581,2.0,49,0.26510874510810134,0,O01131,R026,STREET_FOOD,2024-02-20 20:24:00
54.66655005063986,7,3.0,13,0,160,0.5563813039903424,FAST_FOOD,3.2572286068644694,0.8181818181818182,11,ANONYMOUS,0.2603912781042088,2.0,12,0.161433529948012,0,O01132,R066,PIZZA,2024-02-20 21:28:48
43.219680075176555,20,1.5,8,2,44,0.5107380640622178,CAFE,3.8703122217420067,0.42857142857142855,14,IDENTIFIED,0.02504684993191801,2.0,37,0.1530737697491537,1,O01133,R002,BREAKFAST,2024-02-20 22:33:36
30.667537555641427,22,5.0,19,4,110,0.382705469264362,CATERING,4.045339710815144,0.4,15,IDENTIFIED,0.21463867915717147,2.0,35,0.1392063726621553,1,O01134,R044,PASTA,2024-02-20 23:38:24
57.6080953768863,30,2.0,9,5,209,0.5857579328722395,BAKERY,3.3482373264265872,0.2857142857142857,14,ANONYMOUS,0.4580482941176658,2.0,43,0.18463608651143493,0,O01135,R042,BREAKFAST,2024-02-21 00:43:12
52.518717778670776,29,1.0,14,2,87,0.5605018041640054,FOOD_TRUCK,4.259311185253018,0.5833333333333334,12,IDENTIFIED,0.400687326345444,2.0,52,0.15584313281925863,0,O01136,R032,SANDWICH,2024-02-21 01:48:00
23.737862233491338,23,1.5,13,0,166,0.5025522836965499,RESTAURANT,4.977906180478754,0.5384615384615384,13,IDENTIFIED,0.2282091430011915,2.0,16,0.12405811284434456,1,O01137,R008,SALAD,2024-02-21 02:52:48
48.0702104355751,22,2.0,14,5,95,0.5642715997920912,BAKERY,3.330716157192649,0.5555555555555556,9,ANONYMOUS,0.4489731654020933,2.0,52,0.10636634279899299,0,O01138,R059,DESSERT,2024-02-21 03:57:36
32.6309443122618,7,5.0,12,3,141,0.6259193225477624,CAFE,3.091917580299283,0.36363636363636365,22,IDENTIFIED,0.7209261630450988,2.0,15,0.14950110374668946,0,O01139,R064,DESSERT,2024-02-21 05:02:24
47.613811999961406,7,4.0,12,2,86,0.5488003322292033,FAST_FOOD,3.346535331369818,0.3125,16,ANONYMOUS,0.2448080045124466,2.0,9,0.08700239211103182,0,O01140,R010,SANDWICH,2024-02-21 06:07:12
55.187872750575266,24,2.0,21,5,170,0.4600882965775146,CATERING,3.6697323545196734,0.6,10,IDENTIFIED,0.26704358127101363,2.0,70,0.05571006836113253,0,O01141,R077,PASTA,2024-02-21 07:12:00
51.57135085232155,17,0.5,9,4,155,0.5020227994672145,CAFE,4.173402459689542,0.25,12,IDENTIFIED,0.0,2.0,18,0.20271593934015003,1,O01142,R013,BRUNCH,2024-02-21 08:16:48
31.40914610049873,10,2.0,13,1,165,0.613655443322243,FOOD_TRUCK,4.068682803097095,0.3333333333333333,12,ANONYMOUS,0.25574895372601525,2.0,30,0.2818018344961709,0,O01143,R055,FAST_FOOD,2024-02-21 09:21:36
45.93351519121559,13,2.0,19,6,101,0.31351856774689524,CATERING,3.797182973303961,0.5714285714285714,14,ANONYMOUS,0.11971465339777793,2.0,12,0.20910129212433576,1,O01144,R051,FINE_DINING,2024-02-21 10:26:24
37.75341559766686,30,5.0,14,5,162,0.5149760670187742,FAST_FOOD,3.5920105952783357,0.36,25,IDENTIFIED,0.41879981130403227,2.0,76,0.1525147734682798,0,O01145,R026,FAST_FOOD,2024-02-21 11:31:12
22.855307023856437,9,4.0,10,1,16,0.5103570285590138,BAKERY,3.7012644326945696,0.45454545454545453,11,ANONYMOUS,0.0,2.0,4,0.09732589990635683,1,O01146,R049,BREAKFAST,2024-02-21 12:36:00
56.978941665100514,12,2.0,13,0,143,0.5097903523832048,RESTAURANT,3.3803185346678775,0.7142857142857143,14,IDENTIFIED,0.7427089567377556,2.0,38,0.07633937480428003,0,O01147,R072,SALAD,2024-02-21 13:40:48
49.59968747952611,18,2.0,21,0,205,0.41234545208428064,RESTAURANT,4.2836688861745555,0.55,20,ANONYMOUS,0.34932638798029825,2.0,6,0.015447125970294004,1,O01148,R003,SUSHI,2024-02-21 14:45:36
43.03212553011869,8,3.0,14,1,126,0.6561801299651109,BAKERY,3.237076379057974,0.5555555555555556,18,IDENTIFIED,0.0,2.0,19,0.18464732421789137,0,O01149,R031,BAKERY,2024-02-21 15:50:24
37.99430081661691,15,1.5,20,5,165,0.44454592005058413,RESTAURANT,4.19117461888607,0.8,15,IDENTIFIED,0.139681256940569,2.0,19,0.24835766271267812,1,O01150,R017,SUSHI,2024-02-21 16:55:12
40.270105842957925,10,1.5,13,5,138,0.6671443697755286,BAKERY,4.2831476657189995,0.2857142857142857,14,IDENTIFIED,0.2341841318420291,2.0,17,0.1841259170301383,0,O01151,R005,DESSERT,2024-02-21 18:00:00
35.42052256069659,21,8.0,14,2,192,0.43907903874029947,CATERING,4.455128624198876,0.4,10,IDENTIFIED,0.08727737345455257,2.0,16,0.1614586049638213,1,O01152,R073,HEALTHY,2024-02-21 19:04:48
47.1182890694963,18,3.0,20,3,178,0.4666616080517754,RESTAURANT,4.275105407534004,0.7,10,ANONYMOUS,0.11397998591999259,2.0,20,0.043396136547997295,1,O01153,R079,PASTA,2024-02-21 20:09:36
56.20011322584923,15,4.0,14,1,95,0.4472081280077321,FAST_FOOD,4.138788682416522,0.35294117647058826,17,IDENTIFIED,0.015727930320390326,2.0,50,0.08630113511219843,0,O01154,R009,PIZZA,2024-02-21 21:14:24
62.169379672772976,9,8.0,20,0,178,0.48924079707438883,CATERING,3.6697323545196734,0.5454545454545454,11,IDENTIFIED,0.29858187436256634,2.0,13,0.08981300631060385,0,O01155,R077,GRILL,2024-02-21 22:19:12
25.584253110146822,6,1.5,20,1,141,0.4528188646595392,CATERING,3.1558426563006043,0.75,12,IDENTIFIED,0.0,2.0,2,0.09311549687358858,1,O01156,R011,GRILL,2024-02-21 23:24:00
51.26462096334889,13,1.5,19,3,104,0.3200756151869252,RESTAURANT,3.3528823975793207,0.8571428571428571,14,IDENTIFIED,0.07617455861593973,2.0,22,0.01,1,O01157,R037,FINE_DINING,2024-02-22 00:28:48
36.619230444535994,30,2.0,19,2,74,0.4784926853314863,RESTAURANT,3.661412441986213,0.6470588235294118,17,IDENTIFIED,0.6639160480702264,2.0,42,0.26718929374599265,0,O01158,R076,PASTA,2024-02-22 01:33:36
31.944426206441243,12,3.0,12,1,140,0.5164337168963535,FOOD_TRUCK,4.259311185253018,0.5384615384615384,13,ANONYMOUS,0.41567327160326045,2.0,17,0.08459285940520318,1,O01159,R032,SANDWICH,2024-02-22 02:38:24
52.658396182492844,22,0.5,8,5,112,0.5393196184363267,BAKERY,4.262169475601567,0.35294117647058826,17,IDENTIFIED,0.3504782709199957,2.0,42,0.16580979436127397,0,O01160,R028,BREAKFAST,2024-02-22 03:43:12
36.29390013746368,17,1.5,14,6,113,0.5924835946179472,CAFE,2.8338030196367794,0.47368421052631576,19,IDENTIFIED,0.3211275057876777,2.0,22,0.13803301455153213,1,O01161,R078,DESSERT,2024-02-22 04:48:00
37.18220773001985,6,6.0,13,6,172,0.6106267558571086,BAKERY,4.212748157693551,0.4,15,IDENTIFIED,0.36671818853598864,2.0,8,0.01,0,O01162,R001,BAKERY,2024-02-22 05:52:48
73.61618744345323,10,2.0,21,1,198,0.39556976374164754,RESTAURANT,2.8789243804126032,0.26666666666666666,15,ANONYMOUS,0.5750600826903588,2.0,12,0.05608816749617228,0,O01163,R039,PASTA,2024-02-22 06:57:36
41.900397376517155,31,3.0,12,0,136,0.6506112951659531,BAKERY,3.7012644326945696,0.5,12,ANONYMOUS,0.19118570171350846,2.0,15,0.09515199304175444,1,O01164,R049,BAKERY,2024-02-22 08:02:24
37.5003445619877,9,6.0,14,1,45,0.5185917294545929,CATERING,4.455128624198876,0.45454545454545453,11,IDENTIFIED,0.43380435651106236,2.0,29,0.23486416342794608,0,O01165,R073,HEALTHY,2024-02-22 09:07:12
50.87234082611704,15,8.0,9,0,38,0.6322792534196279,CAFE,3.091917580299283,0.34782608695652173,23,IDENTIFIED,0.4233073976004277,2.0,46,0.12438972447150644,0,O01166,R064,CAFE,2024-02-22 10:12:00
30.66038064751924,16,2.0,21,6,158,0.33817031658987434,RESTAURANT,5.0,0.45454545454545453,11,IDENTIFIED,0.025545547019298953,2.0,41,0.09564050045634837,0,O01167,R071,FINE_DINING,2024-02-22 11:16:48
52.70661971245081,27,2.0,10,2,34,0.5975622726789523,CAFE,3.2865102759945675,0.3333333333333333,15,ANONYMOUS,0.0,2.0,18,0.07527422713104596,1,O01168,R027,CAFE,2024-02-22 12:21:36
33.55297204788519,6,3.0,19,6,55,0.38588364788295465,CATERING,3.9572043767813985,0.6,10,IDENTIFIED,0.20139177610926065,2.0,6,0.01,1,O01169,R046,PASTA,2024-02-22 13:26:24
53.66139487518647,9,5.0,14,4,158,0.6617137503975228,BAKERY,3.8497693798953305,0.5,14,IDENTIFIED,0.34000536643319446,2.0,28,0.2872612641787836,0,O01170,R058,BAKERY,2024-02-22 14:31:12
52.36484316986059,24,5.0,12,4,172,0.5954502705156873,CAFE,3.091917580299283,0.3333333333333333,24,ANONYMOUS,0.0,2.0,20,0.1449963895561823,1,O01171,R064,DESSERT,2024-02-22 15:36:00
47.95391568587728,19,2.0,10,0,184,0.5799965167328648,CAFE,3.2865102759945675,0.375,16,ANONYMOUS,0.0,2.0,12,0.15750015053578062,1,O01172,R027,BREAKFAST,2024-02-22 16:40:48
49.07760585501876,6,1.5,13,3,181,0.413238083183513,RESTAURANT,4.977906180478754,0.5714285714285714,14,ANONYMOUS,0.17382074865374952,2.0,4,0.12604122055068695,1,O01173,R008,SALAD,2024-02-22 17:45:36
19.487298348928594,25,3.0,13,4,189,0.45617962723540517,RESTAURANT,5.0,0.4166666666666667,12,ANONYMOUS,0.36226701396378413,2.0,75,0.3679060101849856,0,O01174,R071,HEALTHY,2024-02-22 18:50:24
43.34437730895272,9,4.0,14,3,79,0.6553405352156485,BAKERY,3.972432616097607,0.2,10,IDENTIFIED,0.18533610269106388,2.0,18,0.1342020099092799,0,O01175,R035,BAKERY,2024-02-22 19:55:12
55.33397906118755,30,4.0,19,5,144,0.3811882963353985,RESTAURANT,3.661412441986213,0.6111111111111112,18,IDENTIFIED,0.13799693453979742,2.0,57,0.169401433614835,1,O01176,R076,SEAFOOD,2024-02-22 21:00:00
63.900685944401836,16,1.5,19,4,191,0.34611957221369555,RESTAURANT,2.8789243804126032,0.25,16,IDENTIFIED,0.3125612843953233,2.0,22,0.07859989588573009,1,O01177,R039,FINE_DINING,2024-02-22 22:04:48
53.47811713619924,21,2.0,21,5,84,0.2384613461985205,CATERING,3.6697323545196734,0.5,12,IDENTIFIED,0.0,2.0,8,0.08628326126538045,1,O01178,R077,FINE_DINING,2024-02-22 23:09:36
36.35118958085755,19,1.5,13,1,93,0.5079847197806503,FOOD_TRUCK,3.8641771950274,0.375,16,IDENTIFIED,0.19384294822658973,2.0,9,0.13305774002791584,1,O01179,R012,STREET_FOOD,2024-02-23 00:14:24
51.413940617913156,6,1.0,12,4,34,0.6172559851439305,BAKERY,3.7012644326945696,0.5384615384615384,13,ANONYMOUS,0.27544280267680843,2.0,8,0.15355860614663708,0,O01180,R049,BAKERY,2024-02-23 01:19:12
23.5882579497893,8,4.0,21,4,74,0.4799643660126145,FOOD_TRUCK,4.057130138238625,0.46153846153846156,13,ANONYMOUS,0.018956899875612596,2.0,4,0.10886962107392076,1,O01181,R004,BBQ,2024-02-23 02:24:00
59.63114733367267,31,2.0,12,0,31,0.626101206907961,BAKERY,4.2831476657189995,0.26666666666666666,15,IDENTIFIED,0.2296974716781697,2.0,53,0.14093523253318951,0,O01182,R005,DESSERT,2024-02-23 03:28:48
35.376637001618334,13,1.0,14,2,138,0.7022623376394937,BAKERY,3.237076379057974,0.5263157894736842,19,IDENTIFIED,0.3893707280766911,2.0,43,0.07292080351025143,0,O01183,R031,BAKERY,2024-02-23 04:33:36
55.98140400596949,24,3.0,16,0,21,0.4702146447072224,RESTAURANT,3.676877650715725,0.47368421052631576,19,IDENTIFIED,0.01629515401372368,2.0,39,0.01,1,O01184,R057,VEGETARIAN,2024-02-23 05:38:24
42.45235709594292,26,4.0,10,5,151,0.6292354560168786,BAKERY,4.408458790532939,0.8571428571428571,7,IDENTIFIED,0.0,2.0,18,0.14637955619530912,1,O01185,R047,BREAKFAST,2024-02-23 06:43:12
58.89586811858358,16,3.0,15,6,194,0.5662466422036927,FAST_FOOD,4.138788682416522,0.3333333333333333,18,IDENTIFIED,0.30618192928660193,2.0,28,0.26524518560731625,0,O01186,R009,STREET_FOOD,2024-02-23 07:48:00
34.30555079178405,20,2.0,9,3,208,0.5506672471552309,CAFE,3.148280928470636,0.5,14,IDENTIFIED,0.0,2.0,28,0.2177483176466758,0,O01187,R041,BREAKFAST,2024-02-23 08:52:48
35.512932510605104,23,1.0,9,2,170,0.49734092784952644,BAKERY,3.7481555951610934,0.08333333333333333,12,ANONYMOUS,0.15130465527330092,2.0,8,0.20438655899867353,1,O01188,R063,BREAKFAST,2024-02-23 09:57:36
46.80344792686999,26,1.5,13,1,148,0.5543772968759767,FAST_FOOD,3.142288194926028,0.3333333333333333,12,IDENTIFIED,0.1225018940651999,2.0,64,0.11716754090037904,0,O01189,R022,SANDWICH,2024-02-23 11:02:24
29.17366663748908,12,3.0,14,0,161,0.4860805538046367,RESTAURANT,4.977906180478754,0.6,15,ANONYMOUS,0.6629021693144385,2.0,22,0.01,0,O01190,R008,HEALTHY,2024-02-23 12:07:12
34.230898684569226,25,3.0,13,3,157,0.6856900590789832,BAKERY,3.237076379057974,0.5,20,IDENTIFIED,0.5534612763722012,2.0,82,0.19925448271962826,0,O01191,R031,BAKERY,2024-02-23 13:12:00
23.607623016327686,17,0.5,8,2,95,0.5197467031722545,CAFE,3.2865102759945675,0.4117647058823529,17,ANONYMOUS,0.4507471223470124,2.0,44,0.10641883763815713,0,O01192,R027,BREAKFAST,2024-02-23 14:16:48
56.89495875142137,30,2.0,9,5,21,0.5463823941202555,BAKERY,4.262169475601567,0.3333333333333333,18,ANONYMOUS,0.14825905220994007,2.0,38,0.0570002052887065,1,O01193,R028,BREAKFAST,2024-02-23 15:21:36
22.011298920740913,20,3.0,9,5,205,0.5303689182897293,BAKERY,3.8497693798953305,0.4666666666666667,15,IDENTIFIED,0.47260970021696613,2.0,31,0.18047449021178424,0,O01194,R058,BREAKFAST,2024-02-23 16:26:24
51.0412491008459,14,4.0,13,5,141,0.5879269528860326,BAKERY,3.8497693798953305,0.4375,16,ANONYMOUS,0.10332317360171756,2.0,26,0.13191152531957961,0,O01195,R058,DESSERT,2024-02-23 17:31:12
44.5960789838572,5,2.0,14,1,168,0.5370185669299771,CATERING,3.155638354146062,0.6,15,IDENTIFIED,0.04161512759544389,2.0,16,0.1848394164078686,0,O01196,R065,HEALTHY,2024-02-23 18:36:00
55.615442382093605,15,1.0,14,4,132,0.699462564536209,BAKERY,4.262169475601567,0.3684210526315789,19,ANONYMOUS,0.21938590941149136,2.0,22,0.2143152951425647,1,O01197,R028,BAKERY,2024-02-23 19:40:48
73.70214199725335,21,3.0,8,5,146,0.47022299432999215,CAFE,4.173402459689542,0.3076923076923077,13,ANONYMOUS,0.40667456045069544,2.0,17,0.09895135970946113,1,O01198,R013,BREAKFAST,2024-02-23 20:45:36
36.35680020100763,5,3.0,14,2,48,0.6139611257916222,FAST_FOOD,3.973582751974687,0.3333333333333333,12,IDENTIFIED,0.20017340387635701,2.0,11,0.214217969599931,0,O01199,R060,STREET_FOOD,2024-02-23 21:50:24
34.98540220254889,22,1.0,10,4,50,0.5046367359945452,CAFE,3.2865102759945675,0.3888888888888889,18,IDENTIFIED,0.15862504372296227,2.0,25,0.09058821547670177,1,O01200,R027,BRUNCH,2024-02-23 22:55:12
38.30629829610538,12,1.0,9,1,152,0.5433828805838167,BAKERY,3.972432616097607,0.18181818181818182,11,ANONYMOUS,0.4005092750905708,2.0,22,0.1354648682055383,0,O01201,R035,BREAKFAST,2024-02-24 00:00:00
51.28397206005538,18,6.0,12,5,15,0.5303735390484795,CATERING,3.593114160823445,0.5,16,ANONYMOUS,0.32330181541513847,2.0,23,0.06913454487078526,1,O01202,R067,HEALTHY,2024-02-24 01:04:48
45.037778904953164,9,1.5,19,3,110,0.43527731420944765,RESTAURANT,3.3528823975793207,0.8666666666666667,15,IDENTIFIED,0.29867702928305256,2.0,29,0.08394123356138972,0,O01203,R037,GRILL,2024-02-24 02:09:36
43.2818040001873,6,1.0,10,4,154,0.5768715846079848,CAFE,3.091917580299283,0.36,25,IDENTIFIED,0.554646922049097,2.0,17,0.060552720055299686,0,O01204,R064,CAFE,2024-02-24 03:14:24
61.593039444877334,30,1.5,13,0,142,0.49524400378439437,CATERING,4.386289126933204,0.2,10,ANONYMOUS,0.7858771850455442,2.0,64,0.11620071614406495,0,O01205,R038,HEALTHY,2024-02-24 04:19:12
26.269219689397403,10,3.0,13,2,133,0.5930733519067024,CAFE,3.148280928470636,0.4666666666666667,15,IDENTIFIED,0.12714215069711116,2.0,16,0.1835773360677177,1,O01206,R041,DESSERT,2024-02-24 05:24:00
42.53536832227523,10,4.0,12,0,40,0.5485381718830663,FOOD_TRUCK,4.356993699800905,0.6,10,IDENTIFIED,0.5030007766564314,2.0,13,0.09010595604859217,0,O01207,R069,FAST_FOOD,2024-02-24 06:28:48
34.84633085663118,18,8.0,19,1,198,0.35207970738964484,RESTAURANT,5.0,0.38461538461538464,13,ANONYMOUS,0.6576550803742253,2.0,53,0.05859556647852096,0,O01208,R071,FINE_DINING,2024-02-24 07:33:36
31.41652056616784,8,5.0,12,2,94,0.5508721429782785,BAKERY,3.3482373264265872,0.26666666666666666,15,IDENTIFIED,0.14090664831647115,2.0,26,0.24814479869423692,0,O01209,R042,DESSERT,2024-02-24 08:38:24
46.841009665309066,25,6.0,18,4,142,0.5692827615118566,FAST_FOOD,3.973582751974687,0.3076923076923077,13,IDENTIFIED,0.09195003433113472,2.0,19,0.12855969667238606,1,O01210,R060,STREET_FOOD,2024-02-24 09:43:12
75.0,24,1.0,13,6,200,0.5798575724865085,FAST_FOOD,3.973582751974687,0.35714285714285715,14,IDENTIFIED,0.3974200512244681,2.0,74,0.08397950038485608,0,O01211,R060,SANDWICH,2024-02-24 10:48:00
27.90119375218844,21,1.0,12,3,77,0.5444174797641882,FAST_FOOD,4.138788682416522,0.3157894736842105,19,IDENTIFIED,0.30856672411743435,2.0,43,0.22113932565883399,0,O01212,R009,FAST_FOOD,2024-02-24 11:52:48
47.682632327009664,12,3.0,14,1,200,0.6059107024993625,BAKERY,4.262169475601567,0.4,20,IDENTIFIED,0.5497590010454725,2.0,34,0.036050665660761816,0,O01213,R028,DESSERT,2024-02-24 12:57:36
41.60951083050118,30,4.0,13,6,148,0.4697229659841434,RESTAURANT,2.8789243804126032,0.29411764705882354,17,ANONYMOUS,0.0,2.0,25,0.07813494192447565,1,O01214,R039,SALAD,2024-02-24 14:02:24
46.26519462428407,24,1.5,20,5,93,0.5357126630066807,FAST_FOOD,3.142288194926028,0.3076923076923077,13,ANONYMOUS,0.21737665911994764,2.0,44,0.02405900921748988,0,O01215,R022,STREET_FOOD,2024-02-24 15:07:12
50.27990941551144,21,3.0,19,1,58,0.3749913468695916,RESTAURANT,4.19117461888607,0.8125,16,IDENTIFIED,0.3682741010308613,2.0,28,0.16991368703937895,1,O01216,R017,SUSHI,2024-02-24 16:12:00
34.530572971471344,11,1.5,20,3,25,0.33063269985045995,RESTAURANT,3.3528823975793207,0.8125,16,ANONYMOUS,0.04469155694416875,2.0,15,0.01,1,O01217,R037,FINE_DINING,2024-02-24 17:16:48
48.28496425287756,31,0.5,14,6,55,0.5537629582310905,BAKERY,4.212748157693551,0.375,16,ANONYMOUS,0.3742353144995513,2.0,41,0.23887575511472478,0,O01218,R001,DESSERT,2024-02-24 18:21:36
58.617396846634065,22,3.0,20,0,108,0.3922221801746717,RESTAURANT,4.19117461888607,0.8235294117647058,17,IDENTIFIED,0.09013372472395786,2.0,20,0.03227308542792006,1,O01219,R017,PASTA,2024-02-24 19:26:24
48.69444022166776,17,4.0,21,6,62,0.3823802626586322,CATERING,3.593114160823445,0.5294117647058824,17,IDENTIFIED,0.03673852646003134,2.0,20,0.09599768333879893,1,O01220,R067,FINE_DINING,2024-02-24 20:31:12
61.0241949454027,25,8.0,14,4,50,0.6787023365051067,BAKERY,4.2831476657189995,0.25,16,IDENTIFIED,0.2338398726942821,2.0,49,0.08119560001422252,1,O01221,R005,BAKERY,2024-02-24 21:36:00
41.895175063370985,25,1.0,13,5,74,0.4597884502092436,RESTAURANT,3.3528823975793207,0.8235294117647058,17,IDENTIFIED,0.18706943356185438,2.0,85,0.030460244488873467,0,O01222,R037,HEALTHY,2024-02-24 22:40:48
28.9647659803774,29,3.0,13,5,105,0.49460339251016455,FOOD_TRUCK,5.0,0.3333333333333333,12,IDENTIFIED,0.23667522453623802,2.0,43,0.09907891402618038,1,O01223,R062,STREET_FOOD,2024-02-24 23:45:36
42.56468765780852,28,4.0,13,5,97,0.5028756098471031,CATERING,3.9572043767813985,0.6363636363636364,11,ANONYMOUS,0.4406028564676767,2.0,44,0.21342282759165854,0,O01224,R046,HEALTHY,2024-02-25 00:50:24
66.26230650808415,10,2.0,20,0,103,0.41837080342067157,CATERING,4.011723031358224,0.7692307692307693,13,IDENTIFIED,0.0,2.0,13,0.06708211988349577,0,O01225,R043,GRILL,2024-02-25 01:55:12
39.38690413794772,30,4.0,12,6,119,0.512959721531048,FOOD_TRUCK,4.092770052054342,0.26666666666666666,15,ANONYMOUS,0.014655810787994245,2.0,48,0.1885326699872687,0,O01226,R007,SANDWICH,2024-02-25 03:00:00
57.32972671047511,19,1.0,11,2,93,0.5369112511879351,FAST_FOOD,2.874421625611307,0.3333333333333333,18,IDENTIFIED,0.7261984289173748,2.0,33,0.17663179036924345,0,O01227,R016,STREET_FOOD,2024-02-25 04:04:48
49.266687302900515,9,4.0,14,6,118,0.6510030108863314,CAFE,3.8949233547471653,0.2,10,IDENTIFIED,0.0,2.0,30,0.11888941388509924,0,O01228,R045,DESSERT,2024-02-25 05:09:36
53.52482917001461,9,1.5,13,0,135,0.6722295136336056,BAKERY,3.3482373264265872,0.25,16,IDENTIFIED,0.25915102466518664,2.0,28,0.11701300655996252,0,O01229,R042,BAKERY,2024-02-25 06:14:24
49.70990175604995,24,5.0,10,4,56,0.5862844827416243,CAFE,3.2865102759945675,0.42105263157894735,19,IDENTIFIED,0.0,2.0,68,0.040065472429386295,0,O01230,R027,CAFE,2024-02-25 07:19:12
57.95637651371439,23,1.0,9,1,59,0.5347867450866655,CAFE,3.091917580299283,0.34615384615384615,26,IDENTIFIED,0.535673738331024,2.0,74,0.11996607532498714,0,O01231,R064,CAFE,2024-02-25 08:24:00
33.929276159293146,29,3.0,11,1,42,0.5254745817777384,FAST_FOOD,4.310091164856999,0.5,14,ANONYMOUS,0.011117577304527823,2.0,47,0.1774862453932894,1,O01232,R074,STREET_FOOD,2024-02-25 09:28:48
54.941888240385595,7,4.0,8,6,148,0.5910557717640794,BAKERY,4.472397736270716,0.4166666666666667,12,ANONYMOUS,0.28692913926647107,2.0,9,0.17604113705045668,0,O01233,R006,BREAKFAST,2024-02-25 10:33:36
33.41599715071557,17,6.0,18,5,49,0.5512948351820853,FOOD_TRUCK,3.4481366569876384,0.8333333333333334,12,ANONYMOUS,0.015692366599254215,2.0,21,0.0758420993307034,1,O01234,R033,STREET_FOOD,2024-02-25 11:38:24
65.18707404689718,21,3.0,13,1,75,0.5642109257748749,FAST_FOOD,3.616049105204268,0.5789473684210527,19,IDENTIFIED,0.1304132506780259,2.0,6,0.01,1,O01235,R080,FAST_FOOD,2024-02-25 12:43:12
45.13020513288508,26,4.0,20,0,144,0.37178416028355443,CATERING,3.1558426563006043,0.7692307692307693,13,IDENTIFIED,0.0806110351111464,2.0,30,0.01,1,O01236,R011,PASTA,2024-02-25 13:48:00
49.096232997536404,18,5.0,19,6,62,0.46830239010183944,FOOD_TRUCK,2.9985642990793835,0.6153846153846154,13,ANONYMOUS,0.665217563131757,2.0,25,0.03704477545737915,0,O01237,R014,BBQ,2024-02-25 14:52:48
28.28640122747919,23,3.0,21,6,186,0.3354720034972373,CATERING,4.095963490352159,0.47058823529411764,17,ANONYMOUS,0.2673454735949697,2.0,22,0.16270373257476764,1,O01238,R056,GRILL,2024-02-25 15:57:36
46.36861245984958,5,1.0,18,3,49,0.46252267717196704,FOOD_TRUCK,3.473217524366763,0.375,16,IDENTIFIED,0.4011228078504162,2.0,9,0.01,1,O01239,R029,STREET_FOOD,2024-02-25 17:02:24
50.706969066805485,29,3.0,21,1,49,0.4908691629266386,RESTAURANT,3.648671761825324,0.5416666666666666,24,IDENTIFIED,0.1317129600413634,2.0,22,0.07975394126002211,1,O01240,R015,GRILL,2024-02-25 18:07:12
48.29246923976248,15,1.0,20,4,206,0.37803616030651854,RESTAURANT,2.8789243804126032,0.3333333333333333,18,ANONYMOUS,0.05431438321382451,2.0,17,0.026200895612852902,1,O01241,R039,PASTA,2024-02-25 19:12:00
50.72083651215196,20,3.0,13,1,98,0.5062159718660556,RESTAURANT,4.275105407534004,0.7272727272727273,11,ANONYMOUS,0.5293067312397395,2.0,56,0.24301382683406345,0,O01242,R079,SALAD,2024-02-25 20:16:48
51.62568166897435,20,3.0,21,5,106,0.43997466012496944,FOOD_TRUCK,5.0,0.38461538461538464,13,IDENTIFIED,0.07990409640092802,2.0,8,0.01,1,O01243,R062,BBQ,2024-02-25 21:21:36
37.89391366962846,24,2.0,12,2,171,0.6639811229978178,CAFE,3.091917580299283,0.3333333333333333,27,ANONYMOUS,0.2530232889598089,2.0,63,0.12598032301942397,0,O01244,R064,DESSERT,2024-02-25 22:26:24
55.26376233193396,25,6.0,10,4,166,0.5668228016947117,CAFE,4.027925188301798,0.46153846153846156,13,IDENTIFIED,0.0,2.0,30,0.15638779245509873,1,O01245,R036,CAFE,2024-02-25 23:31:12
37.38205917728357,10,1.0,20,4,99,0.29654051515959673,RESTAURANT,4.977906180478754,0.5625,16,IDENTIFIED,0.2972195885248293,2.0,32,0.01,0,O01246,R008,FINE_DINING,2024-02-26 00:36:00
64.17174322008991,31,3.0,19,2,194,0.44395365820238597,FOOD_TRUCK,4.057130138238625,0.5,14,ANONYMOUS,0.3428773845677119,2.0,67,0.1395207315029155,0,O01247,R004,BBQ,2024-02-26 01:40:48
47.33573529505426,27,3.0,13,2,188,0.4702524171520577,FAST_FOOD,3.346535331369818,0.29411764705882354,17,IDENTIFIED,0.2269268807064368,2.0,54,0.02578888777977119,0,O01248,R010,PIZZA,2024-02-26 02:45:36
57.23729166543765,20,2.0,19,0,83,0.520509068709171,CATERING,3.593114160823445,0.5555555555555556,18,IDENTIFIED,0.46924253111946523,2.0,46,0.03420091822792545,0,O01249,R067,GRILL,2024-02-26 03:50:24
27.365933042949326,28,3.0,8,2,121,0.5560703519498509,CAFE,3.2865102759945675,0.4,20,IDENTIFIED,0.0,2.0,22,0.12485443319756014,1,O01250,R027,CAFE,2024-02-26 04:55:12
37.24279744367529,8,1.5,12,3,163,0.5312372346933891,FOOD_TRUCK,4.092770052054342,0.25,16,IDENTIFIED,0.31411375213129283,2.0,8,0.08504450467426829,1,O01251,R007,BURGER,2024-02-26 06:00:00
43.32002791542269,27,3.0,20,4,153,0.49206038166933236,RESTAURANT,2.8789243804126032,0.3684210526315789,19,ANONYMOUS,0.3275733995422644,2.0,84,0.09514984813706914,0,O01252,R039,VEGETARIAN,2024-02-26 07:04:48
42.83728992574926,31,5.0,19,3,109,0.35400347033020596,RESTAURANT,4.275105407534004,0.6666666666666666,12,ANONYMOUS,0.3337169333276943,2.0,83,0.16761916637619792,0,O01253,R079,PASTA,2024-02-26 08:09:36
28.616251591711368,17,4.0,13,1,157,0.6496280559643275,BAKERY,3.972432616097607,0.16666666666666666,12,IDENTIFIED,0.28055749159272336,2.0,30,0.03142061941919384,1,O01254,R035,BAKERY,2024-02-26 09:14:24
44.16982375587656,21,1.0,14,1,76,0.6705779783776424,BAKERY,3.7012644326945696,0.5,14,IDENTIFIED,0.2798218035599899,2.0,62,0.01,0,O01255,R049,BAKERY,2024-02-26 10:19:12
34.762166302160985,26,4.0,14,5,108,0.5932778011213896,BAKERY,3.3482373264265872,0.23529411764705882,17,IDENTIFIED,0.35676856494905634,2.0,50,0.15100125810266468,1,O01256,R042,DESSERT,2024-02-26 11:24:00
38.33600935303143,16,2.0,20,3,104,0.47184862726155447,CATERING,4.455128624198876,0.4166666666666667,12,IDENTIFIED,0.4562993523912221,2.0,48,0.06545507751215182,0,O01257,R073,PASTA,2024-02-26 12:28:48
56.91058843073465,12,1.0,21,1,157,0.5140486761480485,CATERING,3.155638354146062,0.5625,16,IDENTIFIED,0.004052672520987788,2.0,22,0.12713553125314733,1,O01258,R065,GRILL,2024-02-26 13:33:36
48.54589383650711,19,3.0,20,0,129,0.4421825087982305,CATERING,3.797182973303961,0.6,15,IDENTIFIED,0.2480505858859577,2.0,7,0.01,1,O01259,R051,GRILL,2024-02-26 14:38:24
35.30889508584834,6,1.0,10,0,22,0.5320764230076519,BAKERY,3.330716157192649,0.5,10,ANONYMOUS,0.07162370824817997,2.0,5,0.06961375128868172,1,O01260,R059,BREAKFAST,2024-02-26 15:43:12
47.59239704960325,27,3.0,14,6,81,0.555884037955825,RESTAURANT,3.676877650715725,0.5,20,IDENTIFIED,0.527805795486535,2.0,62,0.27116500521844944,0,O01261,R057,HEALTHY,2024-02-26 16:48:00
58.46628406924011,18,4.0,20,6,31,0.43237574194605893,CATERING,4.386289126933204,0.18181818181818182,11,IDENTIFIED,0.28785035892678823,2.0,24,0.12510891954770512,0,O01262,R038,PASTA,2024-02-26 17:52:48
53.696545266697704,27,3.0,11,1,190,0.48297141781432235,RESTAURANT,2.8789243804126032,0.35,20,IDENTIFIED,0.14213262937315507,2.0,22,0.036881205037597876,1,O01263,R039,VEGETARIAN,2024-02-26 18:57:36
41.123974852282174,11,4.0,13,0,183,0.5310073104863677,FAST_FOOD,3.2572286068644694,0.75,12,IDENTIFIED,0.9218272622720218,2.0,33,0.1458623258129162,0,O01264,R066,FAST_FOOD,2024-02-26 20:02:24
15.39506833590476,16,1.5,13,2,114,0.5364208683625339,BAKERY,3.3482373264265872,0.2777777777777778,18,ANONYMOUS,0.082363287934856,2.0,11,0.07689157661975728,1,O01265,R042,DESSERT,2024-02-26 21:07:12
38.48524466357819,20,6.0,19,0,69,0.4501321773633509,RESTAURANT,3.3528823975793207,0.7777777777777778,18,IDENTIFIED,0.1257555062306589,2.0,40,0.2455623339223851,0,O01266,R037,GRILL,2024-02-26 22:12:00
27.409840074893772,6,4.0,12,4,150,0.5374571197057938,FAST_FOOD,3.6534868804950746,0.2,10,IDENTIFIED,0.4103955084905961,2.0,14,0.3597096505619737,0,O01267,R068,SANDWICH,2024-02-26 23:16:48
54.04955773111929,22,0.5,11,1,40,0.5023736735532321,FOOD_TRUCK,2.9985642990793835,0.5714285714285714,14,IDENTIFIED,0.1223131295208588,2.0,22,0.01,1,O01268,R014,STREET_FOOD,2024-02-27 00:21:36
54.688408826676834,21,2.0,8,4,152,0.5294965947788958,BAKERY,3.8497693798953305,0.4117647058823529,17,IDENTIFIED,0.6831538699817106,2.0,48,0.2616778734385269,0,O01269,R058,BREAKFAST,2024-02-27 01:26:24
33.41468537724374,12,3.0,20,1,100,0.4311507054283854,RESTAURANT,2.8789243804126032,0.38095238095238093,21,IDENTIFIED,0.3777847656535266,2.0,18,0.04875532984128006,1,O01270,R039,SUSHI,2024-02-27 02:31:12
15.0,24,5.0,12,6,36,0.5019723086481327,FAST_FOOD,3.6534868804950746,0.18181818181818182,11,IDENTIFIED,0.11524309736202912,2.0,22,0.0556217565828666,1,O01271,R068,PIZZA,2024-02-27 03:36:00
53.31102536891277,28,2.0,13,4,170,0.48180788665607016,FAST_FOOD,3.616049105204268,0.6,20,ANONYMOUS,0.17600221387594017,2.0,36,0.046596079115909926,1,O01272,R080,SANDWICH,2024-02-27 04:40:48
52.798601538342616,26,1.5,13,1,168,0.4530060947935367,CATERING,4.386289126933204,0.16666666666666666,12,IDENTIFIED,0.09549134918513286,2.0,56,0.056347403576186145,0,O01273,R038,HEALTHY,2024-02-27 05:45:36
30.381244065538738,31,1.5,9,3,110,0.5663884802337403,BAKERY,3.9279719162450872,0.3333333333333333,9,IDENTIFIED,0.35463112622579096,2.0,82,0.30213140481425277,0,O01274,R030,BREAKFAST,2024-02-27 06:50:24
38.04162456429285,23,1.5,21,2,172,0.31039836016601463,CATERING,3.1558426563006043,0.7857142857142857,14,IDENTIFIED,0.48075791691745073,2.0,27,0.10509839356990493,1,O01275,R011,FINE_DINING,2024-02-27 07:55:12
27.46999179663944,13,4.0,9,6,203,0.5182808051311927,CAFE,2.6189910336437396,0.6428571428571429,14,IDENTIFIED,0.41972495941862586,2.0,5,0.01,1,O01276,R061,BRUNCH,2024-02-27 09:00:00
39.75312249821359,19,3.0,10,4,53,0.5932712177363848,CAFE,4.173402459689542,0.35714285714285715,14,IDENTIFIED,0.17094702437070353,2.0,22,0.1036655293501606,1,O01277,R013,CAFE,2024-02-27 10:04:48
36.068070227599804,20,2.0,13,5,22,0.6087112605127974,FOOD_TRUCK,4.057130138238625,0.4666666666666667,15,IDENTIFIED,0.19321169604803798,2.0,39,0.038706388260902135,1,O01278,R004,FAST_FOOD,2024-02-27 11:09:36
51.784881849112146,11,5.0,14,3,146,0.5165827378153992,FAST_FOOD,4.572960003829547,0.2,15,IDENTIFIED,0.5235152282258283,2.0,17,0.16913047174988682,0,O01279,R050,STREET_FOOD,2024-02-27 12:14:24
45.35427590494348,11,4.0,12,0,62,0.4362369970411668,RESTAURANT,4.275105407534004,0.6153846153846154,13,IDENTIFIED,0.07207356001751489,2.0,13,0.15645562683976405,1,O01280,R079,SALAD,2024-02-27 13:19:12
32.56607729548226,29,2.0,10,3,56,0.5567395572331387,CAFE,4.173402459689542,0.4,15,ANONYMOUS,0.009594214207507466,2.0,26,0.01579957855179996,1,O01281,R013,BRUNCH,2024-02-27 14:24:00
42.98021581121505,25,5.0,11,3,141,0.5988410718590048,FAST_FOOD,4.310091164856999,0.5333333333333333,15,ANONYMOUS,0.20592457945614465,2.0,30,0.07426318990688321,0,O01282,R074,STREET_FOOD,2024-02-27 15:28:48
36.94114524457851,16,3.0,12,5,68,0.5513832698220447,FAST_FOOD,3.142288194926028,0.2857142857142857,14,ANONYMOUS,0.15092546832491055,2.0,15,0.027307493683071553,1,O01283,R022,SANDWICH,2024-02-27 16:33:36
48.0201678754349,17,2.0,12,2,143,0.5949749412219731,BAKERY,3.3482373264265872,0.3157894736842105,19,ANONYMOUS,0.13912540979774995,2.0,50,0.19298079006163227,0,O01284,R042,DESSERT,2024-02-27 17:38:24
40.40887852552722,5,2.0,21,5,62,0.4499413242584477,RESTAURANT,4.19117461888607,0.8333333333333334,18,ANONYMOUS,0.11110165129152541,2.0,2,0.18835314108869028,1,O01285,R017,GRILL,2024-02-27 18:43:12
31.149086528454774,21,1.0,12,4,140,0.4726727136157158,RESTAURANT,3.3803185346678775,0.6666666666666666,15,IDENTIFIED,0.022736436689887646,2.0,30,0.11271947471474025,1,O01286,R072,HEALTHY,2024-02-27 19:48:00
44.15570897928755,25,0.5,19,1,135,0.520134119704393,CATERING,3.3362233513389206,0.6,15,IDENTIFIED,0.03008006848427261,2.0,40,0.0719266282554086,1,O01287,R053,GRILL,2024-02-27 20:52:48
45.88053959236924,8,1.0,14,1,164,0.5744436217754545,FAST_FOOD,3.616049105204268,0.6190476190476191,21,IDENTIFIED,0.22943125726931526,2.0,19,0.024543655593116137,0,O01288,R080,BURGER,2024-02-27 21:57:36
27.89081791877927,29,5.0,12,3,103,0.5863332142119049,FAST_FOOD,4.138788682416522,0.3,20,IDENTIFIED,0.48582289781667615,2.0,63,0.16212740814459564,0,O01289,R009,BURGER,2024-02-27 23:02:24
31.168272874129745,19,1.5,19,0,149,0.3007953883945076,CATERING,4.455128624198876,0.38461538461538464,13,IDENTIFIED,0.2527194785455808,2.0,10,0.10839215844235923,1,O01290,R073,FINE_DINING,2024-02-28 00:07:12
32.85808423264215,5,3.0,12,2,134,0.6527524024048958,FOOD_TRUCK,3.800046416200278,0.4666666666666667,15,IDENTIFIED,0.0,2.0,6,0.01,1,O01291,R070,FAST_FOOD,2024-02-28 01:12:00
31.534428918949857,13,5.0,13,5,89,0.44109355209221196,CATERING,4.455128624198876,0.42857142857142855,14,ANONYMOUS,0.3458727771439315,2.0,17,0.1080086682627669,1,O01292,R073,HEALTHY,2024-02-28 02:16:48
53.068925637572846,17,1.5,12,5,193,0.7242841767625298,BAKERY,4.262169475601567,0.38095238095238093,21,ANONYMOUS,0.5218877762516881,2.0,35,0.1217528766010238,0,O01293,R028,BAKERY,2024-02-28 03:21:36
67.26871382496495,15,5.0,13,6,31,0.5036563909264593,RESTAURANT,2.8789243804126032,0.4090909090909091,22,ANONYMOUS,0.43722240467633905,2.0,46,0.19867742298810678,0,O01294,R039,SALAD,2024-02-28 04:26:24
50.69082604255006,11,3.0,20,4,36,0.3789065857512592,RESTAURANT,4.2836688861745555,0.5714285714285714,21,IDENTIFIED,0.16503695537985558,2.0,30,0.1723738683939376,0,O01295,R003,PASTA,2024-02-28 05:31:12
52.92283478646888,18,1.5,10,5,125,0.5261937568034867,CAFE,3.148280928470636,0.5,16,ANONYMOUS,0.03496681919851782,2.0,29,0.01,1,O01296,R041,CAFE,2024-02-28 06:36:00
56.26802545989023,26,1.5,12,0,204,0.5760403981566593,CAFE,3.8703122217420067,0.4666666666666667,15,IDENTIFIED,0.2124095970251217,2.0,23,0.01,1,O01297,R002,DESSERT,2024-02-28 07:40:48
48.54521989022208,24,1.0,15,5,17,0.5205830897852199,FOOD_TRUCK,4.356993699800905,0.5454545454545454,11,ANONYMOUS,0.3616176958575025,2.0,30,0.04148106982847874,1,O01298,R069,STREET_FOOD,2024-02-28 08:45:36
19.19549629595273,23,1.5,12,6,43,0.5283033248079795,FOOD_TRUCK,4.068682803097095,0.3076923076923077,13,IDENTIFIED,0.11924266721444668,2.0,80,0.02404801265530991,0,O01299,R055,BURGER,2024-02-28 09:50:24
51.18071472276004,30,3.0,21,0,69,0.4014732590027878,RESTAURANT,4.275105407534004,0.6428571428571429,14,ANONYMOUS,0.3508065679082931,2.0,63,0.22543957866144992,0,O01300,R079,SUSHI,2024-02-28 10:55:12
38.97984820892417,11,3.0,12,5,186,0.6100244110463092,FOOD_TRUCK,3.8641771950274,0.4117647058823529,17,ANONYMOUS,0.0,2.0,19,0.18110347299081864,0,O01301,R012,FAST_FOOD,2024-02-28 12:00:00
28.901558361111668,30,1.0,21,3,169,0.4362507444576732,CATERING,3.3362233513389206,0.625,16,ANONYMOUS,0.01839844860350129,2.0,54,0.08012059603372979,1,O01302,R053,GRILL,2024-02-28 13:04:48
48.45135344625422,10,3.0,10,3,33,0.5221883598863004,CAFE,3.8949233547471653,0.18181818181818182,11,IDENTIFIED,0.4533565521454405,2.0,11,0.01,1,O01303,R045,BRUNCH,2024-02-28 14:09:36
25.693398854696557,25,5.0,12,4,207,0.5722449400374116,BAKERY,3.9279719162450872,0.3,10,IDENTIFIED,0.5514488597255233,2.0,60,0.2310898866277064,1,O01304,R030,DESSERT,2024-02-28 15:14:24
51.66670185908034,20,4.0,21,1,96,0.28872153587821026,CATERING,4.095963490352159,0.5,18,IDENTIFIED,0.3280562192613534,2.0,39,0.11423055684782496,1,O01305,R056,FINE_DINING,2024-02-28 16:19:12
34.179545985263914,20,2.0,21,4,31,0.5684474550988673,FAST_FOOD,4.572960003829547,0.1875,16,ANONYMOUS,0.10522610737199395,2.0,54,0.23274781679954662,0,O01306,R050,STREET_FOOD,2024-02-28 17:24:00
32.357564417941205,7,1.0,14,6,118,0.45289445547334395,FAST_FOOD,4.310091164856999,0.5,16,IDENTIFIED,0.30345648132203396,2.0,3,0.17653422402647317,0,O01307,R074,PIZZA,2024-02-28 18:28:48
57.74449676769081,5,8.0,13,2,114,0.6483652744280891,BAKERY,3.3482373264265872,0.3,20,IDENTIFIED,0.4905679386234456,2.0,10,0.22576197412808863,0,O01308,R042,BAKERY,2024-02-28 19:33:36
37.48592822222534,7,1.5,20,0,157,0.44639872755680815,CATERING,3.1558426563006043,0.8,15,IDENTIFIED,0.0,2.0,14,0.19050562310191493,0,O01309,R011,PASTA,2024-02-28 20:38:24
24.17876262136048,16,4.0,14,0,76,0.5295050540656545,BAKERY,3.3482373264265872,0.2857142857142857,21,ANONYMOUS,0.1676479951697215,2.0,7,0.08563329293726972,1,O01310,R042,DESSERT,2024-02-28 21:43:12
50.77546179196763,21,2.0,21,1,45,0.40858998269608365,CATERING,3.3362233513389206,0.6470588235294118,17,IDENTIFIED,0.2593977869403707,2.0,8,0.1013010752249135,1,O01311,R053,PASTA,2024-02-28 22:48:00
47.99985678150389,16,5.0,13,6,31,0.5644487747562971,FAST_FOOD,3.616049105204268,0.5909090909090909,22,IDENTIFIED,0.09293884460080788,2.0,13,0.01,1,O01312,R080,FAST_FOOD,2024-02-28 23:52:48
40.76643549964577,15,2.0,14,5,61,0.7147674980928954,BAKERY,4.212748157693551,0.35294117647058826,17,IDENTIFIED,0.2370373896922838,2.0,45,0.21815258113218397,0,O01313,R001,BAKERY,2024-02-29 00:57:36
26.25451964960141,21,3.0,18,5,28,0.3988504802415635,RESTAURANT,4.275105407534004,0.6,15,IDENTIFIED,0.0,2.0,30,0.15984305615210603,0,O01314,R079,VEGETARIAN,2024-02-29 02:02:24
60.1904433564487,9,1.0,14,0,84,0.6371467639744179,FOOD_TRUCK,4.06441066239825,0.25,20,IDENTIFIED,0.2230234048154882,2.0,9,0.22303358443001453,1,O01315,R023,FAST_FOOD,2024-02-29 03:07:12
60.94353603026826,18,3.0,8,4,77,0.6135028602703217,CAFE,3.2865102759945675,0.42857142857142855,21,IDENTIFIED,0.23121138623584458,2.0,53,0.1238071689130336,0,O01316,R027,BREAKFAST,2024-02-29 04:12:00
35.80006735959635,17,1.0,21,4,136,0.5056560344239813,CATERING,3.3362233513389206,0.6666666666666666,18,IDENTIFIED,0.026724446269901947,2.0,58,0.13788913109466988,0,O01317,R053,GRILL,2024-02-29 05:16:48
46.428453360774355,10,3.0,14,3,85,0.5785289335865469,CAFE,4.027925188301798,0.5,14,IDENTIFIED,0.07390827749659093,2.0,19,0.11921056921624046,1,O01318,R036,SANDWICH,2024-02-29 06:21:36
40.91968615471437,27,1.5,14,0,91,0.4916744481424082,RESTAURANT,3.0725152132050786,0.5263157894736842,19,IDENTIFIED,0.2476840669786959,2.0,47,0.01,1,O01319,R025,HEALTHY,2024-02-29 07:26:24
39.64475190332484,5,5.0,21,1,113,0.39790486089730365,RESTAURANT,4.2836688861745555,0.5454545454545454,22,IDENTIFIED,0.550004007812183,2.0,14,0.01,0,O01320,R003,SEAFOOD,2024-02-29 08:31:12
53.12045241561022,31,4.0,14,3,113,0.5834475282971002,FAST_FOOD,3.5671859283757152,0.5714285714285714,14,ANONYMOUS,0.0,2.0,39,0.12546796306006133,0,O01321,R024,FAST_FOOD,2024-02-29 09:36:00
43.02887062072348,14,1.5,13,4,125,0.47916682395376603,CATERING,3.2943012426991136,0.6111111111111112,18,ANONYMOUS,0.3759501981373034,2.0,31,0.15165939192312297,0,O01322,R019,HEALTHY,2024-02-29 10:40:48
61.82732190819249,11,3.0,13,3,40,0.6630099079706077,BAKERY,4.212748157693551,0.3333333333333333,18,IDENTIFIED,0.4450108476055933,2.0,18,0.08365728505804246,0,O01323,R001,BAKERY,2024-02-29 11:45:36
39.740892522426584,29,0.5,13,6,132,0.5894229119374349,BAKERY,4.408458790532939,0.875,8,IDENTIFIED,0.039281382040358845,2.0,44,0.11872156033171341,1,O01324,R047,DESSERT,2024-02-29 12:50:24
35.27989958050154,11,5.0,12,3,109,0.6141275666467272,FOOD_TRUCK,4.057130138238625,0.5,16,IDENTIFIED,0.5826374174442263,2.0,28,0.24346646606459574,0,O01325,R004,SANDWICH,2024-02-29 13:55:12
45.86669269693435,10,0.5,20,3,127,0.49652559488542414,CATERING,4.045339710815144,0.4375,16,ANONYMOUS,0.23711661688504218,2.0,15,0.2058474628346334,0,O01326,R044,PASTA,2024-02-29 15:00:00
25.714699644854107,20,1.5,8,4,78,0.5582235915966092,CAFE,2.8338030196367794,0.5,20,IDENTIFIED,0.17421405491026548,2.0,28,0.10957001454875974,1,O01327,R078,BREAKFAST,2024-02-29 16:04:48
44.325372845743345,8,3.0,15,0,124,0.5001352450718315,FOOD_TRUCK,3.4481366569876384,0.8461538461538461,13,ANONYMOUS,0.32111583992892534,2.0,10,0.10586893750002327,1,O01328,R033,STREET_FOOD,2024-02-29 17:09:36
25.023398277831582,31,2.0,21,1,69,0.44111926805964047,RESTAURANT,4.271886734691434,0.4117647058823529,17,IDENTIFIED,0.6691272019049516,2.0,54,0.2530824932677128,0,O01329,R018,PASTA,2024-02-29 18:14:24
56.30352636953399,14,2.0,13,2,71,0.5045309746866943,FOOD_TRUCK,4.259311185253018,0.5714285714285714,14,IDENTIFIED,0.42817653109738574,2.0,25,0.06177389968828412,0,O01330,R032,SANDWICH,2024-02-29 19:19:12
42.97139548291444,31,1.0,21,4,172,0.36790513787737594,CATERING,3.2943012426991136,0.5789473684210527,19,IDENTIFIED,0.15807610833195207,2.0,28,0.09205240511247985,1,O01331,R019,PASTA,2024-02-29 20:24:00
39.55086766127248,21,3.0,13,2,135,0.5114214089727802,FAST_FOOD,4.138788682416522,0.2857142857142857,21,IDENTIFIED,0.514497881049701,2.0,20,0.19486469407374163,1,O01332,R009,BURGER,2024-02-29 21:28:48
42.87491444106125,11,0.5,20,6,121,0.32572675584973354,RESTAURANT,3.648671761825324,0.56,25,IDENTIFIED,0.07695082854622307,2.0,8,0.018309276427230556,1,O01333,R015,PASTA,2024-02-29 22:33:36
25.747728724397327,23,2.0,12,1,202,0.61494487130791,FAST_FOOD,3.142288194926028,0.3333333333333333,15,IDENTIFIED,0.00019856470322576758,2.0,37,0.16302945804761368,1,O01334,R022,SANDWICH,2024-02-29 23:38:24
41.69137890561148,7,2.0,20,4,133,0.37949601597041505,RESTAURANT,2.8789243804126032,0.391304347826087,23,IDENTIFIED,0.45228150839246156,2.0,16,0.01,0,O01335,R039,SUSHI,2024-03-01 00:43:12
37.89163850115671,26,6.0,14,2,186,0.5235242517100333,RESTAURANT,4.271886734691434,0.3888888888888889,18,IDENTIFIED,0.2959001822261732,2.0,14,0.0708882777862286,1,O01336,R018,HEALTHY,2024-03-01 01:48:00
46.788824385111376,28,4.0,20,3,199,0.39960204746487726,CATERING,3.797182973303961,0.625,16,ANONYMOUS,0.0,2.0,45,0.02127598751889298,1,O01337,R051,PASTA,2024-03-01 02:52:48
50.2593714668364,27,2.0,13,0,93,0.6437762763005714,BAKERY,3.7481555951610934,0.15384615384615385,13,ANONYMOUS,0.05905447170702243,2.0,12,0.045405208329412326,1,O01338,R063,BAKERY,2024-03-01 03:57:36
60.51298242223105,26,2.0,12,4,63,0.5211238542459602,FOOD_TRUCK,3.8641771950274,0.3888888888888889,18,ANONYMOUS,0.39701070786511505,2.0,78,0.32325793838534755,0,O01339,R012,FAST_FOOD,2024-03-01 05:02:24
56.98106544792867,11,3.0,21,0,94,0.47632728892686643,FOOD_TRUCK,4.057130138238625,0.47058823529411764,17,IDENTIFIED,0.0,2.0,34,0.10089287117245727,0,O01340,R004,BBQ,2024-03-01 06:07:12
50.37874739497597,7,3.0,20,5,36,0.4540679107166266,FOOD_TRUCK,4.068682803097095,0.2857142857142857,14,IDENTIFIED,0.5263394968416049,2.0,16,0.10536904328235797,0,O01341,R055,BBQ,2024-03-01 07:12:00
49.40858727404753,18,1.0,19,0,114,0.27638625061813415,CATERING,4.386289126933204,0.15384615384615385,13,ANONYMOUS,0.0,2.0,13,0.01,1,O01342,R038,FINE_DINING,2024-03-01 08:16:48
52.589521475176994,25,1.5,19,6,198,0.2773187551169723,RESTAURANT,4.2836688861745555,0.5217391304347826,23,ANONYMOUS,0.4717250433986311,2.0,37,0.10097144941154458,0,O01343,R003,FINE_DINING,2024-03-01 09:21:36
31.979947027107443,28,3.0,12,5,176,0.5616624514773204,BAKERY,4.472397736270716,0.38461538461538464,13,IDENTIFIED,0.3975216905560225,2.0,89,0.31064260617293726,0,O01344,R006,DESSERT,2024-03-01 10:26:24
44.67604098731706,22,1.5,12,6,50,0.5383718259625263,CAFE,2.8338030196367794,0.5238095238095238,21,IDENTIFIED,0.0005814469500601549,2.0,9,0.16756755819595925,1,O01345,R078,SANDWICH,2024-03-01 11:31:12
56.658676720631526,6,2.0,14,4,67,0.4505049399610601,FOOD_TRUCK,3.1265420325537248,0.5,22,IDENTIFIED,0.11760242684785738,2.0,10,0.24736242765955815,0,O01346,R048,BURGER,2024-03-01 12:36:00
45.62047759304371,16,3.0,13,4,108,0.4692088014104508,RESTAURANT,4.271886734691434,0.42105263157894735,19,ANONYMOUS,0.34349553575565783,2.0,42,0.15189107075701386,0,O01347,R018,HEALTHY,2024-03-01 13:40:48
50.58771762510024,22,5.0,20,2,132,0.4995527241935591,FAST_FOOD,3.346535331369818,0.2777777777777778,18,ANONYMOUS,0.37036534856579884,2.0,54,0.25318404689475105,0,O01348,R010,STREET_FOOD,2024-03-01 14:45:36
53.121058459122864,29,4.0,13,3,203,0.5941065637862168,FAST_FOOD,4.310091164856999,0.5294117647058824,17,ANONYMOUS,0.705391748929715,2.0,90,0.07872619380905876,0,O01349,R074,SANDWICH,2024-03-01 15:50:24
31.401797303763956,12,3.0,13,6,136,0.47886746904861777,FAST_FOOD,3.346535331369818,0.2631578947368421,19,IDENTIFIED,0.5508893841304607,2.0,15,0.17050658520996215,0,O01350,R010,STREET_FOOD,2024-03-01 16:55:12
64.79385293645137,11,1.5,13,4,202,0.6554684971497423,BAKERY,4.408458790532939,0.8888888888888888,9,IDENTIFIED,0.579215022891446,2.0,36,0.01,0,O01351,R047,BAKERY,2024-03-01 18:00:00
54.84766832895526,13,3.0,21,3,50,0.3955326276748589,RESTAURANT,3.648671761825324,0.5769230769230769,26,ANONYMOUS,0.5080258525445095,2.0,37,0.16746534992656217,0,O01352,R015,GRILL,2024-03-01 19:04:48
34.24158900484911,9,6.0,10,2,64,0.5657144053284473,CAFE,4.027925188301798,0.5333333333333333,15,IDENTIFIED,0.03636177073290414,2.0,12,0.08277826727194289,1,O01353,R036,BRUNCH,2024-03-01 20:09:36
35.52668132053842,9,2.0,13,0,91,0.558975542990219,CAFE,4.173402459689542,0.4375,16,ANONYMOUS,0.0906355459412237,2.0,6,0.12709869588177042,1,O01354,R013,SANDWICH,2024-03-01 21:14:24
51.96948348690602,17,1.0,19,2,77,0.47413386337511876,CATERING,3.797182973303961,0.6470588235294118,17,IDENTIFIED,0.36241175607978426,2.0,16,0.04993234126719663,1,O01355,R051,GRILL,2024-03-01 22:19:12
41.25915497294479,19,1.0,14,6,73,0.5301808991050652,CATERING,3.565011044514906,0.38461538461538464,13,IDENTIFIED,0.23752714066297775,2.0,30,0.12320466735516895,1,O01356,R020,HEALTHY,2024-03-01 23:24:00
37.05408555510228,18,1.5,13,5,209,0.6219416444541296,FOOD_TRUCK,4.092770052054342,0.29411764705882354,17,IDENTIFIED,0.26484031028667493,2.0,19,0.13422200807321372,1,O01357,R007,FAST_FOOD,2024-03-02 00:28:48
26.62696091337574,28,1.5,12,4,102,0.5739348561726474,CAFE,2.8338030196367794,0.5454545454545454,22,IDENTIFIED,0.14161323608662624,2.0,51,0.01,1,O01358,R078,SANDWICH,2024-03-02 01:33:36
46.95586058161596,6,3.0,19,2,44,0.4497551741087258,CATERING,3.797182973303961,0.6666666666666666,18,ANONYMOUS,0.22568410623453034,2.0,6,0.21496017871416634,1,O01359,R051,GRILL,2024-03-02 02:38:24
33.54581052657571,31,3.0,13,5,161,0.6357600887795112,BAKERY,3.7012644326945696,0.4666666666666667,15,IDENTIFIED,0.006846091765782103,2.0,82,0.25631300030299664,0,O01360,R049,BAKERY,2024-03-02 03:43:12
20.144585237421385,11,4.0,12,2,139,0.5860304885587335,BAKERY,3.3482373264265872,0.3181818181818182,22,IDENTIFIED,0.05983201964761077,2.0,20,0.20703280057641693,1,O01361,R042,BAKERY,2024-03-02 04:48:00
39.42855955805475,8,4.0,8,4,192,0.5984636351517671,CAFE,2.6189910336437396,0.6666666666666666,15,IDENTIFIED,0.23111366058717397,2.0,26,0.10393653484907787,0,O01362,R061,BREAKFAST,2024-03-02 05:52:48
41.78432359188767,13,3.0,9,2,15,0.4924378263435015,CAFE,3.148280928470636,0.5294117647058824,17,IDENTIFIED,0.2627957729000157,2.0,7,0.054730344976430645,1,O01363,R041,BRUNCH,2024-03-02 06:57:36
37.90699668763388,31,6.0,19,1,200,0.42321707880470794,RESTAURANT,2.8789243804126032,0.375,24,IDENTIFIED,0.22207396948923286,2.0,19,0.09939373368729955,1,O01364,R039,VEGETARIAN,2024-03-02 08:02:24
42.64891206444485,20,4.0,21,4,195,0.30271707300379075,CATERING,3.3362233513389206,0.631578947368421,19,IDENTIFIED,0.21136393168582945,2.0,23,0.06183000790651988,1,O01365,R053,FINE_DINING,2024-03-02 09:07:12
23.763600721114457,25,5.0,19,1,195,0.362126237509373,FOOD_TRUCK,3.800046416200278,0.5,16,IDENTIFIED,0.27565609741265407,2.0,25,0.032396932027757674,1,O01366,R070,BBQ,2024-03-02 10:12:00
38.826722290934896,14,3.0,15,1,37,0.5661080515893,FOOD_TRUCK,3.8641771950274,0.3684210526315789,19,IDENTIFIED,0.04891105529704051,2.0,9,0.043235772388328514,1,O01367,R012,STREET_FOOD,2024-03-02 11:16:48
36.823662911253436,24,1.5,19,3,186,0.4678745227072345,RESTAURANT,3.0725152132050786,0.55,20,IDENTIFIED,0.46123993636186555,2.0,34,0.01,1,O01368,R025,SUSHI,2024-03-02 12:21:36
36.95835752925085,14,5.0,12,3,91,0.6702429728859496,CAFE,3.8949233547471653,0.25,12,IDENTIFIED,0.22732594280906643,2.0,5,0.020289598706793588,1,O01369,R045,DESSERT,2024-03-02 13:26:24
53.89860917000848,21,5.0,9,6,187,0.5482951357357098,BAKERY,3.8497693798953305,0.3888888888888889,18,IDENTIFIED,0.13762736553902924,2.0,33,0.06331073973001078,1,O01370,R058,BREAKFAST,2024-03-02 14:31:12
43.25192252061159,23,3.0,10,1,183,0.5378232703921052,CAFE,3.9450444623960856,0.5625,16,ANONYMOUS,0.3679917952240197,2.0,61,0.2641250853671743,0,O01371,R075,BREAKFAST,2024-03-02 15:36:00
65.18437271881095,21,4.0,16,0,207,0.547974953207921,FAST_FOOD,3.616049105204268,0.6086956521739131,23,IDENTIFIED,0.35675471383583157,2.0,10,0.09856311494220274,1,O01372,R080,STREET_FOOD,2024-03-02 16:40:48
33.4845492816347,29,1.0,12,0,131,0.637473860908303,FOOD_TRUCK,2.9985642990793835,0.6,15,IDENTIFIED,0.08585869249483721,2.0,18,0.05169209458504194,1,O01373,R014,FAST_FOOD,2024-03-02 17:45:36
49.84406795517319,24,1.5,20,4,123,0.42215960029039357,RESTAURANT,3.3528823975793207,0.7368421052631579,19,ANONYMOUS,0.7031954925694697,2.0,28,0.1804847216394428,0,O01374,R037,SUSHI,2024-03-02 18:50:24
54.051357316858514,24,1.0,9,3,195,0.4636902845715839,BAKERY,3.7481555951610934,0.21428571428571427,14,ANONYMOUS,0.2695657503716591,2.0,63,0.11437025718738818,0,O01375,R063,BREAKFAST,2024-03-02 19:55:12
50.88837791450361,19,0.5,13,6,38,0.5181239327835432,FAST_FOOD,3.973582751974687,0.3333333333333333,15,ANONYMOUS,0.030880550900190706,2.0,5,0.01,1,O01376,R060,STREET_FOOD,2024-03-02 21:00:00
31.076862586653018,29,1.5,13,5,115,0.5946500694373104,FAST_FOOD,4.310091164856999,0.5,18,ANONYMOUS,0.14201594301615286,2.0,31,0.13629286831742055,1,O01377,R074,BURGER,2024-03-02 22:04:48
69.30049536581261,25,8.0,10,1,189,0.5010751440058827,BAKERY,4.262169475601567,0.36363636363636365,22,IDENTIFIED,0.25096091908528034,2.0,45,0.1065946300760314,1,O01378,R028,BREAKFAST,2024-03-02 23:09:36
48.22902932300894,29,2.0,12,4,92,0.5324540647801181,FOOD_TRUCK,3.473217524366763,0.4117647058823529,17,ANONYMOUS,0.2681852243395605,2.0,27,0.051187085652170713,1,O01379,R029,BURGER,2024-03-03 00:14:24
56.59829174610269,13,3.0,9,1,36,0.57268890351938,CAFE,3.2865102759945675,0.4090909090909091,22,IDENTIFIED,0.37521272158120855,2.0,11,0.17793191252996332,1,O01380,R027,CAFE,2024-03-03 01:19:12
33.768525022925616,31,2.0,19,0,152,0.3262952209972575,CATERING,4.045339710815144,0.47058823529411764,17,ANONYMOUS,0.39452552139467395,2.0,58,0.13069676119941676,1,O01381,R044,FINE_DINING,2024-03-03 02:24:00
54.142913398757145,10,0.5,16,3,50,0.4756884667731126,RESTAURANT,3.3528823975793207,0.7,20,IDENTIFIED,0.4885120087604052,2.0,19,0.13001617138764812,0,O01382,R037,VEGETARIAN,2024-03-03 03:28:48
35.45042738869608,11,4.0,12,0,69,0.4962760308679963,RESTAURANT,3.661412441986213,0.631578947368421,19,IDENTIFIED,0.2539545824191783,2.0,4,0.12670624988329585,1,O01383,R076,HEALTHY,2024-03-03 04:33:36
52.60097605314078,17,4.0,8,5,204,0.5189148073922148,BAKERY,4.212748157693551,0.3157894736842105,19,IDENTIFIED,0.15698622439383958,2.0,5,0.19539408219382903,1,O01384,R001,BREAKFAST,2024-03-03 05:38:24
54.50285233842287,14,4.0,12,5,161,0.5680080372774612,CAFE,3.9450444623960856,0.5294117647058824,17,IDENTIFIED,0.0,2.0,43,0.07388696456908783,0,O01385,R075,DESSERT,2024-03-03 06:43:12
39.528012555260545,6,4.0,14,3,139,0.5036174128681434,FAST_FOOD,3.973582751974687,0.375,16,IDENTIFIED,0.39682600035256904,2.0,8,0.05298902391334895,0,O01386,R060,PIZZA,2024-03-03 07:48:00
57.26010645769743,17,1.0,8,2,27,0.5385429488552904,CAFE,4.173402459689542,0.47058823529411764,17,ANONYMOUS,0.38501982753287867,2.0,20,0.05191949291925187,0,O01387,R013,BREAKFAST,2024-03-03 08:52:48
40.71482159642774,6,0.5,13,0,45,0.6262176606587876,FOOD_TRUCK,4.06441066239825,0.2857142857142857,21,ANONYMOUS,0.3945715886842852,2.0,3,0.0847326159144744,1,O01388,R023,FAST_FOOD,2024-03-03 09:57:36
20.18549649968473,20,1.5,21,5,190,0.37981751420680077,RESTAURANT,3.3528823975793207,0.6666666666666666,21,IDENTIFIED,0.0,2.0,8,0.01,1,O01389,R037,PASTA,2024-03-03 11:02:24
40.66433449361158,17,3.0,20,4,141,0.48047105522280903,RESTAURANT,4.275105407534004,0.5625,16,IDENTIFIED,0.0,2.0,38,0.08674519251317425,0,O01390,R079,SUSHI,2024-03-03 12:07:12
45.395120833122306,6,5.0,12,3,71,0.5193597774545009,FAST_FOOD,4.310091164856999,0.5263157894736842,19,ANONYMOUS,0.43456851137800945,2.0,13,0.09635450883624236,0,O01391,R074,SANDWICH,2024-03-03 13:12:00
30.277985261584465,24,4.0,13,4,133,0.5620341372247145,FAST_FOOD,3.5920105952783357,0.34615384615384615,26,IDENTIFIED,0.4461133343166483,2.0,66,0.07299796036218123,0,O01392,R026,BURGER,2024-03-03 14:16:48
39.31420661442505,16,1.5,13,2,71,0.6128619744410406,FOOD_TRUCK,3.8641771950274,0.4,20,IDENTIFIED,0.04940887981071801,2.0,53,0.14291614215194956,0,O01393,R012,FAST_FOOD,2024-03-03 15:21:36
49.25723259717004,31,4.0,13,3,20,0.604116195713692,FOOD_TRUCK,4.06441066239825,0.3181818181818182,22,IDENTIFIED,0.38604854890923035,2.0,58,0.06805471158057087,1,O01394,R023,SANDWICH,2024-03-03 16:26:24
32.937619538377305,22,4.0,8,1,40,0.5753282559954449,BAKERY,3.9279719162450872,0.2727272727272727,11,IDENTIFIED,0.14400771804217571,2.0,22,0.01,1,O01395,R030,BREAKFAST,2024-03-03 17:31:12
54.60203381411052,23,1.5,12,4,23,0.5502401865302159,FOOD_TRUCK,5.0,0.42857142857142855,14,ANONYMOUS,0.16919359631596476,2.0,59,0.24333096108266045,0,O01396,R062,BURGER,2024-03-03 18:36:00
47.01067104567935,11,2.0,20,4,123,0.37425197023523854,CATERING,3.565011044514906,0.42857142857142855,14,IDENTIFIED,0.0,2.0,8,0.1660244780665924,1,O01397,R020,GRILL,2024-03-03 19:40:48
28.599259464570473,6,3.0,14,5,86,0.5564046549138542,FAST_FOOD,3.346535331369818,0.25,20,ANONYMOUS,0.1630101861715814,2.0,9,0.11036072098964866,1,O01398,R010,BURGER,2024-03-03 20:45:36
47.80652579388338,16,2.0,13,3,15,0.5670595183274455,FOOD_TRUCK,2.9985642990793835,0.625,16,ANONYMOUS,0.2145649627174245,2.0,20,0.0886473760871436,0,O01399,R014,SANDWICH,2024-03-03 21:50:24
58.56038118533436,13,3.0,20,6,21,0.2982111897972296,CATERING,3.797182973303961,0.6842105263157895,19,IDENTIFIED,0.12312696002293612,2.0,15,0.019112344838140914,1,O01400,R051,FINE_DINING,2024-03-03 22:55:12
48.85458423583365,8,1.0,20,6,30,0.41331947395766033,CATERING,3.593114160823445,0.5263157894736842,19,IDENTIFIED,0.4195210609349187,2.0,24,0.017331618249806974,0,O01401,R067,GRILL,2024-03-04 00:00:00
62.941981589718225,30,2.0,19,6,178,0.46155505533436353,RESTAURANT,4.271886734691434,0.4,20,IDENTIFIED,0.36615996141343654,2.0,43,0.12612266420658283,0,O01402,R018,GRILL,2024-03-04 01:04:48
71.2975823840057,28,2.0,14,2,34,0.7334330865377282,BAKERY,3.3482373264265872,0.34782608695652173,23,IDENTIFIED,0.40194188573192585,2.0,77,0.10273457157627694,0,O01403,R042,BAKERY,2024-03-04 02:09:36
38.5342813655935,14,3.0,19,0,89,0.31454475190290104,CATERING,3.797182973303961,0.7,20,ANONYMOUS,0.1578441595565563,2.0,19,0.01,1,O01404,R051,FINE_DINING,2024-03-04 03:14:24
36.55817769902996,12,3.0,10,6,53,0.5439675718525985,CAFE,3.8949233547471653,0.3076923076923077,13,ANONYMOUS,0.0,2.0,15,0.14549324030516794,1,O01405,R045,BRUNCH,2024-03-04 04:19:12
41.99417561406518,10,2.0,21,0,82,0.40800392511236255,RESTAURANT,2.8789243804126032,0.4,25,IDENTIFIED,0.36368210767944237,2.0,15,0.03318461598969961,1,O01406,R039,GRILL,2024-03-04 05:24:00
29.497761493418295,17,2.0,12,1,73,0.47164532936509557,CATERING,4.149333020747922,0.5714285714285714,7,IDENTIFIED,0.0,2.0,36,0.03802833821515003,0,O01407,R034,HEALTHY,2024-03-04 06:28:48
46.966029217265735,16,3.0,12,3,61,0.5219293166156007,CATERING,3.6697323545196734,0.5384615384615384,13,IDENTIFIED,0.242561024162329,2.0,35,0.25796688858602346,0,O01408,R077,HEALTHY,2024-03-04 07:33:36
38.903541762897895,27,1.5,12,6,124,0.6757027278322403,BAKERY,3.7481555951610934,0.2,15,ANONYMOUS,0.5943338397638437,2.0,75,0.2691537720777981,0,O01409,R063,DESSERT,2024-03-04 08:38:24
20.211598882741956,9,2.0,12,3,169,0.524254468174565,FOOD_TRUCK,4.259311185253018,0.5333333333333333,15,ANONYMOUS,0.30508771244523375,2.0,8,0.177819313996526,1,O01410,R032,SANDWICH,2024-03-04 09:43:12
44.65014767353582,20,1.5,19,6,92,0.4231030642846274,CATERING,3.155638354146062,0.5294117647058824,17,IDENTIFIED,0.18133834047277225,2.0,9,0.13330537326847217,1,O01411,R065,PASTA,2024-03-04 10:48:00
42.45639048174349,13,1.0,19,2,72,0.4469989499579502,RESTAURANT,3.648671761825324,0.5555555555555556,27,ANONYMOUS,0.3788251522215633,2.0,11,0.04770952140166717,1,O01412,R015,PASTA,2024-03-04 11:52:48
61.16605589595681,29,1.5,10,4,155,0.5687527366596168,CAFE,3.148280928470636,0.5555555555555556,18,IDENTIFIED,0.20405315742270533,2.0,48,0.1243486674939227,1,O01413,R041,BREAKFAST,2024-03-04 12:57:36
52.987216522094556,26,1.5,12,2,150,0.6250667428641313,CAFE,2.6189910336437396,0.625,16,IDENTIFIED,0.28693721375644965,2.0,55,0.25033770019390394,0,O01414,R061,DESSERT,2024-03-04 14:02:24
44.5570193415638,31,3.0,12,4,137,0.5260321551964975,FAST_FOOD,4.303746398295807,0.2857142857142857,14,IDENTIFIED,0.12499334254654991,2.0,45,0.11666631122959084,1,O01415,R054,BURGER,2024-03-04 15:07:12
62.21034755502107,15,5.0,14,0,80,0.4988662037163757,FAST_FOOD,4.572960003829547,0.17647058823529413,17,IDENTIFIED,0.26863710524299156,2.0,6,0.10719684136723155,1,O01416,R050,PIZZA,2024-03-04 16:12:00
15.479312284381525,30,2.0,13,2,98,0.6525495935891237,BAKERY,4.772361452468935,0.5,6,ANONYMOUS,0.3910825295948135,2.0,61,0.1977571096330735,0,O01417,R040,BAKERY,2024-03-04 17:16:48
45.71870399519654,18,3.0,14,4,24,0.516995073984307,FAST_FOOD,3.616049105204268,0.625,24,IDENTIFIED,0.29407188743405743,2.0,17,0.06382258480472826,1,O01418,R080,BURGER,2024-03-04 18:21:36
45.75408489482092,31,3.0,20,0,117,0.3877462768202056,CATERING,3.1558426563006043,0.75,16,ANONYMOUS,0.3699918164568357,2.0,60,0.1143397795220814,0,O01419,R011,PASTA,2024-03-04 19:26:24
25.644601151654758,16,1.5,9,5,158,0.5228048294010074,CAFE,3.148280928470636,0.5789473684210527,19,ANONYMOUS,0.11366554603569798,2.0,20,0.031116179099936817,1,O01420,R041,BREAKFAST,2024-03-04 20:31:12
46.05091523533815,8,2.0,21,4,133,0.3997859597841157,RESTAURANT,4.271886734691434,0.38095238095238093,21,IDENTIFIED,0.3251910044549471,2.0,23,0.07812273657445676,0,O01421,R018,PASTA,2024-03-04 21:36:00
24.924393217471412,11,4.0,13,4,28,0.6485612178538993,BAKERY,3.330716157192649,0.5454545454545454,11,IDENTIFIED,0.3060302507064496,2.0,22,0.1407457442853801,0,O01422,R059,BAKERY,2024-03-04 22:40:48
39.062373665920965,28,3.0,12,4,199,0.6145672060952163,BAKERY,3.7012644326945696,0.4375,16,ANONYMOUS,0.037586281864470446,2.0,15,0.04388254586694853,1,O01423,R049,BAKERY,2024-03-04 23:45:36
47.30036219650732,7,0.5,14,4,114,0.6327834983749085,CAFE,3.9450444623960856,0.5,18,ANONYMOUS,0.03954104128891883,2.0,5,0.01,1,O01424,R075,DESSERT,2024-03-05 00:50:24
39.37669684383318,24,4.0,13,3,69,0.49503585595124927,FAST_FOOD,4.310091164856999,0.5,20,IDENTIFIED,0.30458364092923096,2.0,18,0.1684126816388612,1,O01425,R074,SANDWICH,2024-03-05 01:55:12
65.15825373873739,24,5.0,21,1,170,0.42560896474717425,CATERING,3.9572043767813985,0.5833333333333334,12,IDENTIFIED,0.21983129868900325,2.0,27,0.1273393499218563,1,O01426,R046,GRILL,2024-03-05 03:00:00
34.22034574187878,15,4.0,19,6,175,0.3219947993796359,CATERING,3.797182973303961,0.7142857142857143,21,ANONYMOUS,0.0769638377042674,2.0,7,0.08950291099407885,1,O01427,R051,FINE_DINING,2024-03-05 04:04:48
32.7513547700552,11,1.5,13,0,149,0.4417466518802163,CATERING,4.051226380656576,0.6,10,ANONYMOUS,0.2077772312457721,2.0,24,0.08858865068265293,0,O01428,R021,HEALTHY,2024-03-05 05:09:36
59.82032740823162,27,2.0,12,0,80,0.5335808833979071,RESTAURANT,4.2836688861745555,0.5416666666666666,24,IDENTIFIED,0.5954267199421365,2.0,50,0.13137087589610996,0,O01429,R003,HEALTHY,2024-03-05 06:14:24
53.62082255974084,5,4.0,20,0,73,0.28688191650768113,CATERING,3.1558426563006043,0.7058823529411765,17,IDENTIFIED,0.49894627130626346,2.0,5,0.1338639082482666,1,O01430,R011,FINE_DINING,2024-03-05 07:19:12
38.72361392535254,30,2.0,13,4,43,0.4911727863859267,FAST_FOOD,3.6534868804950746,0.25,12,ANONYMOUS,0.3818319270853727,2.0,11,0.01,1,O01431,R068,BURGER,2024-03-05 08:24:00
63.67654517165048,19,8.0,13,0,181,0.703074678272791,BAKERY,3.3482373264265872,0.3333333333333333,24,IDENTIFIED,0.0,2.0,11,0.011483395457397058,1,O01432,R042,BAKERY,2024-03-05 09:28:48
49.94745316695283,11,1.0,12,1,44,0.5308900803605682,BAKERY,3.9279719162450872,0.3333333333333333,12,IDENTIFIED,0.0,2.0,14,0.07265129190768517,1,O01433,R030,DESSERT,2024-03-05 10:33:36
16.826130223232603,19,3.0,12,0,192,0.557172789297063,FOOD_TRUCK,3.473217524366763,0.4444444444444444,18,ANONYMOUS,0.11602735339995332,2.0,32,0.11381570864575302,1,O01434,R029,SANDWICH,2024-03-05 11:38:24
37.61248131038944,9,2.0,10,4,147,0.598605576159597,CAFE,4.027925188301798,0.5625,16,IDENTIFIED,0.03128510715617175,2.0,13,0.01,1,O01435,R036,CAFE,2024-03-05 12:43:12
35.07008909092826,29,3.0,21,3,96,0.38036323568941904,CATERING,3.593114160823445,0.5,20,ANONYMOUS,0.31256636637483043,2.0,55,0.2010441483733561,1,O01436,R067,PASTA,2024-03-05 13:48:00
19.275298968968507,25,4.0,12,4,168,0.7094625301594596,BAKERY,3.7481555951610934,0.1875,16,IDENTIFIED,0.8840708182194903,2.0,38,0.20833253322931033,0,O01437,R063,BAKERY,2024-03-05 14:52:48
53.49632860039097,22,1.0,12,0,148,0.6083332680073104,FOOD_TRUCK,3.473217524366763,0.47368421052631576,19,ANONYMOUS,0.6362564812433851,2.0,30,0.18955085136686572,0,O01438,R029,FAST_FOOD,2024-03-05 15:57:36
68.45769461667693,7,3.0,11,3,81,0.46438271582037094,FOOD_TRUCK,5.0,0.4,15,IDENTIFIED,0.12604081005480183,2.0,10,0.06667057473734973,0,O01439,R062,STREET_FOOD,2024-03-05 17:02:24
47.58415048845506,14,4.0,20,4,37,0.37749239847590543,RESTAURANT,4.275105407534004,0.5294117647058824,17,IDENTIFIED,0.19772631859204692,2.0,20,0.07820454682576045,1,O01440,R079,SUSHI,2024-03-05 18:07:12
54.58061301536806,24,4.0,19,2,24,0.35352036208840326,RESTAURANT,4.19117461888607,0.8421052631578947,19,ANONYMOUS,0.0,2.0,72,0.15936712708370732,0,O01441,R017,FINE_DINING,2024-03-05 19:12:00
48.035323117400445,31,0.5,21,4,99,0.35758281519662266,RESTAURANT,4.275105407534004,0.5555555555555556,18,ANONYMOUS,0.1820358158047288,2.0,58,0.01,1,O01442,R079,PASTA,2024-03-05 20:16:48
42.44826179552781,8,3.0,12,6,131,0.5017370260225422,FAST_FOOD,3.6534868804950746,0.3076923076923077,13,IDENTIFIED,0.546893698681299,2.0,27,0.15268579278496516,0,O01443,R068,SANDWICH,2024-03-05 21:21:36
28.89135989902771,29,2.0,15,4,176,0.5594431963331109,FOOD_TRUCK,3.4481366569876384,0.8571428571428571,14,ANONYMOUS,0.25112628499402895,2.0,54,0.05476779368971472,1,O01444,R033,STREET_FOOD,2024-03-05 22:26:24
52.60696349738588,20,0.5,12,2,148,0.5151627352738676,FOOD_TRUCK,3.1265420325537248,0.4782608695652174,23,ANONYMOUS,0.0,2.0,38,0.07647782195091027,1,O01445,R048,SANDWICH,2024-03-05 23:31:12
62.732400421195905,24,2.0,19,1,43,0.42597919721881355,CATERING,3.9572043767813985,0.6153846153846154,13,ANONYMOUS,0.13900493400748673,2.0,35,0.06907497085474835,0,O01446,R046,PASTA,2024-03-06 00:36:00
72.19547541615913,12,0.5,13,0,174,0.42777529712358875,RESTAURANT,3.676877650715725,0.47619047619047616,21,ANONYMOUS,0.0,2.0,14,0.01,1,O01447,R057,HEALTHY,2024-03-06 01:40:48
46.27263134324596,23,3.0,14,6,104,0.46094450310278107,CATERING,4.386289126933204,0.21428571428571427,14,IDENTIFIED,0.25493770120211645,2.0,28,0.05826619824649562,1,O01448,R038,HEALTHY,2024-03-06 02:45:36
49.21114592338216,29,3.0,13,0,33,0.5523928130900089,BAKERY,3.8497693798953305,0.42105263157894735,19,IDENTIFIED,0.7669262477588467,2.0,54,0.08460640630561672,0,O01449,R058,DESSERT,2024-03-06 03:50:24
30.158978847976456,21,3.0,12,3,115,0.5842464953554413,FOOD_TRUCK,3.1265420325537248,0.5,24,IDENTIFIED,0.36629907240529647,2.0,57,0.13395069161759268,0,O01450,R048,BURGER,2024-03-06 04:55:12
56.5073323145165,21,3.0,19,6,64,0.40323367488397405,RESTAURANT,4.19117461888607,0.8,20,IDENTIFIED,0.0,2.0,22,0.05033289098774259,1,O01451,R017,SEAFOOD,2024-03-06 06:00:00
53.7563371062086,27,2.0,19,1,126,0.3793273493329087,RESTAURANT,3.676877650715725,0.5,22,ANONYMOUS,0.051911273067597664,2.0,34,0.17141109783471892,1,O01452,R057,SUSHI,2024-03-06 07:04:48
56.95382478542484,8,4.0,20,3,106,0.2748472452025843,RESTAURANT,5.0,0.35714285714285715,14,IDENTIFIED,0.5276571319578092,2.0,19,0.07695227733768784,0,O01453,R071,FINE_DINING,2024-03-06 08:09:36
52.14356962820443,13,1.5,20,6,15,0.4319403855396145,RESTAURANT,4.2836688861745555,0.52,25,IDENTIFIED,0.1539040945167316,2.0,37,0.25057067505607206,0,O01454,R003,VEGETARIAN,2024-03-06 09:14:24
58.02490025510308,12,3.0,13,4,72,0.499399848387695,CATERING,3.1558426563006043,0.7222222222222222,18,IDENTIFIED,0.5669775382415309,2.0,27,0.2580109685473897,0,O01455,R011,HEALTHY,2024-03-06 10:19:12
18.25868437068325,5,1.0,21,1,95,0.46267546449578667,FOOD_TRUCK,3.8641771950274,0.38095238095238093,21,IDENTIFIED,0.529176760839774,2.0,15,0.17841985552668704,1,O01456,R012,BBQ,2024-03-06 11:24:00
32.49205320296961,18,3.0,12,4,34,0.5938118471172278,FOOD_TRUCK,2.9985642990793835,0.5882352941176471,17,IDENTIFIED,0.0,2.0,11,0.16407949306653724,1,O01457,R014,STREET_FOOD,2024-03-06 12:28:48
40.36721668343411,31,1.0,8,5,69,0.5692945339987089,CAFE,3.8703122217420067,0.5,16,IDENTIFIED,0.20273486647340944,2.0,22,0.10942944125934582,1,O01458,R002,CAFE,2024-03-06 13:33:36
49.396411419790255,11,3.0,18,0,152,0.5570107667722579,FAST_FOOD,4.138788682416522,0.3181818181818182,22,ANONYMOUS,0.6964489037891205,2.0,34,0.2199577334406535,0,O01459,R009,STREET_FOOD,2024-03-06 14:38:24
64.39637191109131,24,1.0,12,5,139,0.5579027865784761,FOOD_TRUCK,4.092770052054342,0.3333333333333333,18,IDENTIFIED,0.0,2.0,28,0.1290792189723573,1,O01460,R007,STREET_FOOD,2024-03-06 15:43:12
45.035295531159555,9,3.0,12,5,180,0.5758379800557402,FOOD_TRUCK,3.800046416200278,0.5294117647058824,17,IDENTIFIED,0.25721340704783185,2.0,15,0.2504710252855718,0,O01461,R070,BURGER,2024-03-06 16:48:00
52.023418848451925,26,3.0,16,1,125,0.5122906863154915,FOOD_TRUCK,5.0,0.375,16,IDENTIFIED,0.23487237386036333,2.0,36,0.12335890572682923,1,O01462,R062,STREET_FOOD,2024-03-06 17:52:48
55.90484882718998,18,4.0,14,2,198,0.5170382926636272,CAFE,3.2865102759945675,0.43478260869565216,23,ANONYMOUS,0.4321279989847339,2.0,21,0.1382583846204859,1,O01463,R027,SANDWICH,2024-03-06 18:57:36
48.03860616596106,13,0.5,12,5,174,0.5916172654770665,CAFE,3.9450444623960856,0.5263157894736842,19,IDENTIFIED,0.370687851342408,2.0,42,0.16173945130807224,0,O01464,R075,DESSERT,2024-03-06 20:02:24
57.20055861643463,26,1.5,19,2,20,0.3621824672427779,CATERING,4.011723031358224,0.7142857142857143,14,IDENTIFIED,0.0,2.0,40,0.03833196891638453,1,O01465,R043,PASTA,2024-03-06 21:07:12
49.17208060247619,31,5.0,14,3,201,0.5352678969993512,FAST_FOOD,4.138788682416522,0.30434782608695654,23,IDENTIFIED,0.826021187971826,2.0,97,0.09227149386277447,0,O01466,R009,SANDWICH,2024-03-06 22:12:00
19.91174561163627,7,0.5,12,0,118,0.5867515739323482,FAST_FOOD,4.310091164856999,0.5238095238095238,21,ANONYMOUS,0.46897453327638017,2.0,11,0.142137946867781,0,O01467,R074,SANDWICH,2024-03-06 23:16:48
31.850616851403537,19,1.5,13,6,114,0.6426500018451771,BAKERY,3.8497693798953305,0.4,20,IDENTIFIED,0.4444068023141853,2.0,41,0.1074053143192713,0,O01468,R058,BAKERY,2024-03-07 00:21:36
53.400740833608545,25,4.0,20,0,59,0.3501655948056097,CATERING,4.051226380656576,0.5454545454545454,11,ANONYMOUS,0.3312367714812142,2.0,56,0.2850673460695994,0,O01469,R021,FINE_DINING,2024-03-07 01:26:24
67.74205886201378,17,5.0,12,1,149,0.45297217755921837,CATERING,4.045339710815144,0.4444444444444444,18,ANONYMOUS,0.1389650686003036,2.0,22,0.11878371139759543,0,O01470,R044,HEALTHY,2024-03-07 02:31:12
27.23730186178421,12,2.0,12,3,187,0.6559724740856762,BAKERY,4.472397736270716,0.35714285714285715,14,IDENTIFIED,0.48158313597093955,2.0,7,0.138227452081961,1,O01471,R006,BAKERY,2024-03-07 03:36:00
42.523822740560796,8,4.0,14,0,167,0.5856548841893768,FAST_FOOD,3.142288194926028,0.375,16,IDENTIFIED,0.5067834407216778,2.0,15,0.06469345954936655,0,O01472,R022,SANDWICH,2024-03-07 04:40:48
48.95577274668137,16,6.0,8,2,16,0.47225796721502705,CAFE,2.8338030196367794,0.5652173913043478,23,ANONYMOUS,0.27620446818885536,2.0,24,0.06425459359811543,1,O01473,R078,BRUNCH,2024-03-07 05:45:36
68.58470782859061,8,6.0,13,5,182,0.5439032896371387,FAST_FOOD,4.572960003829547,0.2222222222222222,18,IDENTIFIED,0.5245500203253172,2.0,17,0.1967627504575662,0,O01474,R050,SANDWICH,2024-03-07 06:50:24
56.19058984971801,22,1.5,21,5,22,0.48060117918837486,RESTAURANT,4.2836688861745555,0.5,26,ANONYMOUS,0.29506439108883076,2.0,66,0.18845447120242695,0,O01475,R003,GRILL,2024-03-07 07:55:12
75.0,10,1.5,12,4,33,0.6481428018408063,BAKERY,4.772361452468935,0.42857142857142855,7,ANONYMOUS,0.08443976516524143,2.0,33,0.13105219243962732,0,O01476,R040,DESSERT,2024-03-07 09:00:00
45.910435420044664,31,2.0,14,3,199,0.5765945603780234,BAKERY,4.472397736270716,0.4,15,IDENTIFIED,0.0,2.0,11,0.06794961755297466,1,O01477,R006,DESSERT,2024-03-07 10:04:48
44.0276524918741,12,2.0,14,2,74,0.6203718720889233,CAFE,3.8949233547471653,0.35714285714285715,14,IDENTIFIED,0.5168972169794738,2.0,16,0.2336997652180049,0,O01478,R045,DESSERT,2024-03-07 11:09:36
35.54664166955413,27,4.0,19,6,120,0.4528640722726547,FOOD_TRUCK,4.057130138238625,0.4444444444444444,18,IDENTIFIED,0.6056952062140293,2.0,82,0.1471986863053037,0,O01479,R004,BBQ,2024-03-07 12:14:24
34.98589531459164,26,2.0,12,3,80,0.6673553424020182,BAKERY,3.7012644326945696,0.47058823529411764,17,IDENTIFIED,0.4933692728187923,2.0,12,0.12267099769888623,1,O01480,R049,BAKERY,2024-03-07 13:19:12
53.004635098238595,7,2.0,21,6,191,0.41655061781325564,CATERING,3.3362233513389206,0.65,20,ANONYMOUS,0.0,2.0,4,0.03136871886293206,1,O01481,R053,PASTA,2024-03-07 14:24:00
34.40156825404554,18,3.0,21,2,40,0.4411882839992765,RESTAURANT,2.8789243804126032,0.4230769230769231,26,ANONYMOUS,0.1851785219115366,2.0,7,0.035217993958624384,1,O01482,R039,GRILL,2024-03-07 15:28:48
30.6572182186162,19,2.0,13,6,196,0.5763883623596555,FAST_FOOD,3.2572286068644694,0.6923076923076923,13,ANONYMOUS,0.294076016761607,2.0,9,0.01,1,O01483,R066,FAST_FOOD,2024-03-07 16:33:36
46.77564508687744,16,2.0,19,4,89,0.3655151954579512,CATERING,3.565011044514906,0.4666666666666667,15,IDENTIFIED,0.7964645642885914,2.0,37,0.3886702892145517,0,O01484,R020,FINE_DINING,2024-03-07 17:38:24
31.79601415690545,10,8.0,10,0,182,0.5716206414018263,BAKERY,3.7481555951610934,0.17647058823529413,17,IDENTIFIED,0.16647504349788397,2.0,22,0.0696961790051336,0,O01485,R063,BREAKFAST,2024-03-07 18:43:12
31.08699850532517,13,3.0,21,6,26,0.462003431037868,CATERING,3.593114160823445,0.5238095238095238,21,ANONYMOUS,0.16338509880413696,2.0,25,0.01,1,O01486,R067,GRILL,2024-03-07 19:48:00
28.26559028956695,30,1.5,12,4,142,0.4685876121859995,RESTAURANT,4.271886734691434,0.36363636363636365,22,IDENTIFIED,0.09558975007921795,2.0,9,0.10660219850360056,1,O01487,R018,SALAD,2024-03-07 20:52:48
50.20778902754239,14,6.0,14,1,20,0.5168058618452434,CATERING,4.051226380656576,0.5,12,IDENTIFIED,0.10508497575388354,2.0,38,0.13139816953043093,0,O01488,R021,HEALTHY,2024-03-07 21:57:36
37.69182338657314,28,6.0,11,5,181,0.47515601200526236,FAST_FOOD,2.874421625611307,0.3157894736842105,19,ANONYMOUS,0.192011048315782,2.0,43,0.028518722754541086,1,O01489,R016,STREET_FOOD,2024-03-07 23:02:24
56.95666284583715,24,3.0,15,4,125,0.50974352988489,FOOD_TRUCK,4.259311185253018,0.5625,16,IDENTIFIED,0.2459602652462252,2.0,16,0.06963687318731449,1,O01490,R032,STREET_FOOD,2024-03-08 00:07:12
41.78388724197951,24,1.0,16,0,167,0.47916894905380325,FAST_FOOD,3.5671859283757152,0.5333333333333333,15,IDENTIFIED,0.34189011415383874,2.0,46,0.22944048581175275,1,O01491,R024,STREET_FOOD,2024-03-08 01:12:00
15.0,31,3.0,14,5,184,0.5797408551312377,BAKERY,3.330716157192649,0.5,12,IDENTIFIED,0.07532141959909747,2.0,66,0.19653098287560317,0,O01492,R059,DESSERT,2024-03-08 02:16:48
54.022314396377354,9,1.0,20,4,62,0.43558328570629573,CATERING,3.8498216987959597,0.6875,16,IDENTIFIED,0.049425366430416236,2.0,11,0.01,1,O01493,R052,GRILL,2024-03-08 03:21:36
27.725605287936006,27,3.0,10,3,97,0.5897576017382238,BAKERY,4.772361452468935,0.375,8,IDENTIFIED,0.6740858691117892,2.0,89,0.28442968535204527,0,O01494,R040,BREAKFAST,2024-03-08 04:26:24
60.31470031017546,18,3.0,13,5,80,0.6202723207566659,FAST_FOOD,4.138788682416522,0.2916666666666667,24,ANONYMOUS,0.44282015634189736,2.0,47,0.01,0,O01495,R009,FAST_FOOD,2024-03-08 05:31:12
47.470037078486,7,1.0,13,0,152,0.48245180810184035,CAFE,4.027925188301798,0.5882352941176471,17,IDENTIFIED,0.4148424770684407,2.0,4,0.09659103572859237,1,O01496,R036,SANDWICH,2024-03-08 06:36:00
42.159679328636784,26,2.0,12,6,149,0.6573525253309584,FOOD_TRUCK,3.8641771950274,0.36363636363636365,22,IDENTIFIED,0.192783878241301,2.0,26,0.08290252373493802,1,O01497,R012,FAST_FOOD,2024-03-08 07:40:48
32.541835964381434,9,5.0,21,4,113,0.43125611544138115,CATERING,3.2943012426991136,0.6,20,IDENTIFIED,0.3081738051886544,2.0,29,0.29945863756037416,1,O01498,R019,GRILL,2024-03-08 08:45:36
29.03205154803988,19,6.0,9,2,74,0.5220709504229657,BAKERY,4.2831476657189995,0.29411764705882354,17,ANONYMOUS,0.44098066596828417,2.0,54,0.11183069252893586,0,O01499,R005,BREAKFAST,2024-03-08 09:50:24
44.183734977736016,18,2.0,12,4,46,0.5483224600035222,RESTAURANT,4.271886734691434,0.391304347826087,23,IDENTIFIED,0.3739955034180231,2.0,39,0.144271289233296,0,O01500,R018,SALAD,2024-03-08 10:55:12
45.59388165521528,13,4.0,10,6,112,0.5437959784279727,BAKERY,4.2831476657189995,0.2777777777777778,18,ANONYMOUS,0.44773238608881344,2.0,21,0.01851190100890171,0,O01501,R005,BREAKFAST,2024-03-08 12:00:00
51.16355291295766,30,3.0,10,2,154,0.5943675030294014,BAKERY,3.7012644326945696,0.5,18,IDENTIFIED,0.0,2.0,52,0.2643857174327148,0,O01502,R049,BREAKFAST,2024-03-08 13:04:48
57.21980788589104,13,6.0,13,6,74,0.5894970756928828,BAKERY,3.7481555951610934,0.16666666666666666,18,IDENTIFIED,0.664309461189849,2.0,35,0.2093418363493606,0,O01503,R063,BAKERY,2024-03-08 14:09:36
48.31701773583343,21,1.5,13,4,76,0.5882765452056685,BAKERY,4.212748157693551,0.35,20,IDENTIFIED,0.4009849013525657,2.0,16,0.0785018296831472,1,O01504,R001,BAKERY,2024-03-08 15:14:24
39.90343208114912,6,1.5,14,1,139,0.6842927159912806,FOOD_TRUCK,4.259311185253018,0.5882352941176471,17,IDENTIFIED,0.1060693778314061,2.0,3,0.09773543733468042,1,O01505,R032,FAST_FOOD,2024-03-08 16:19:12
50.22620942644506,6,1.5,12,0,151,0.4979400439931284,FAST_FOOD,2.874421625611307,0.35,20,IDENTIFIED,0.6167586038303484,2.0,19,0.01,0,O01506,R016,PIZZA,2024-03-08 17:24:00
39.91316289006242,14,1.5,19,0,28,0.47060810054415614,CATERING,3.797182973303961,0.7272727272727273,22,IDENTIFIED,0.38740294651138985,2.0,19,0.08513570344806756,0,O01507,R051,GRILL,2024-03-08 18:28:48
59.373710219757996,16,1.5,12,2,30,0.5601988615561772,FOOD_TRUCK,4.356993699800905,0.5833333333333334,12,IDENTIFIED,0.18751528454448982,2.0,22,0.10598301514321984,1,O01508,R069,FAST_FOOD,2024-03-08 19:33:36
30.190921708282698,8,4.0,12,1,50,0.5366625478841942,FAST_FOOD,3.6534868804950746,0.2857142857142857,14,ANONYMOUS,0.25816563396145426,2.0,10,0.23182187204779348,0,O01509,R068,FAST_FOOD,2024-03-08 20:38:24
75.0,24,3.0,13,0,90,0.6683743938301785,BAKERY,3.7481555951610934,0.15789473684210525,19,IDENTIFIED,0.18555786712483877,2.0,49,0.1663410867527887,0,O01510,R063,BAKERY,2024-03-08 21:43:12
38.25389091936845,17,1.0,13,1,176,0.6264269728847178,FOOD_TRUCK,5.0,0.4117647058823529,17,IDENTIFIED,0.6893593805253688,2.0,45,0.2574742210943883,0,O01511,R062,FAST_FOOD,2024-03-08 22:48:00
59.67711058129382,28,4.0,13,5,197,0.5751797115922139,CAFE,3.8703122217420067,0.5294117647058824,17,IDENTIFIED,0.3633011365295148,2.0,67,0.03850740580402762,0,O01512,R002,DESSERT,2024-03-08 23:52:48
41.35428596925107,20,4.0,12,4,155,0.5475718570523739,FOOD_TRUCK,3.800046416200278,0.5,18,IDENTIFIED,0.26235172146706076,2.0,30,0.08011217221736264,1,O01513,R070,BURGER,2024-03-09 00:57:36
63.270819943830446,22,3.0,14,0,185,0.45538238720478347,RESTAURANT,4.275105407534004,0.5789473684210527,19,IDENTIFIED,0.03802380357148841,2.0,27,0.0723295959801657,1,O01514,R079,VEGETARIAN,2024-03-09 02:02:24
38.780693599832176,12,1.0,20,1,157,0.43019502255404146,FOOD_TRUCK,4.356993699800905,0.6153846153846154,13,IDENTIFIED,0.018001821384807937,2.0,4,0.1793044718444768,1,O01515,R069,BBQ,2024-03-09 03:07:12
45.185165154238824,25,3.0,21,2,71,0.25123732410179667,RESTAURANT,3.676877650715725,0.5217391304347826,23,IDENTIFIED,0.4364627067350607,2.0,42,0.12044958563296991,1,O01516,R057,FINE_DINING,2024-03-09 04:12:00
28.765420731160784,13,2.0,20,2,92,0.44571773573806855,CATERING,4.051226380656576,0.46153846153846156,13,ANONYMOUS,0.34392351068674676,2.0,25,0.20049964423762306,1,O01517,R021,PASTA,2024-03-09 05:16:48
33.06579211003354,22,4.0,21,1,57,0.2652268214939929,CATERING,3.6697323545196734,0.5,14,ANONYMOUS,0.29528501864153317,2.0,70,0.25892960314194846,0,O01518,R077,FINE_DINING,2024-03-09 06:21:36
42.18114269363201,16,3.0,19,4,123,0.42962477754606165,FOOD_TRUCK,3.8641771950274,0.391304347826087,23,IDENTIFIED,0.045919937982817544,2.0,24,0.16552635049985506,1,O01519,R012,BBQ,2024-03-09 07:26:24
32.97660482487302,15,2.0,19,2,209,0.4829597060533472,CATERING,3.8498216987959597,0.7058823529411765,17,ANONYMOUS,0.29340209878713674,2.0,19,0.2232924832024066,0,O01520,R052,GRILL,2024-03-09 08:31:12
15.0,7,3.0,12,4,208,0.48183522018786823,CAFE,3.148280928470636,0.6,20,IDENTIFIED,0.3090424534207897,2.0,19,0.21301125276847827,0,O01521,R041,SANDWICH,2024-03-09 09:36:00
42.32936736523893,25,3.0,14,1,145,0.5938665308388439,CAFE,3.8703122217420067,0.5,18,IDENTIFIED,0.2893230529118671,2.0,39,0.03431039341719707,1,O01522,R002,SANDWICH,2024-03-09 10:40:48
33.45128556749388,5,4.0,10,2,80,0.5082159853628677,BAKERY,4.408458790532939,0.8,10,IDENTIFIED,0.2817554383750391,2.0,8,0.099121363837817,1,O01523,R047,BREAKFAST,2024-03-09 11:45:36
53.987027399003296,30,1.0,19,3,145,0.4355310655722999,CATERING,3.3362233513389206,0.6666666666666666,21,IDENTIFIED,0.21802584683367976,2.0,16,0.01,1,O01524,R053,PASTA,2024-03-09 12:50:24
44.509951405972096,18,3.0,12,1,95,0.6184598288360962,FOOD_TRUCK,2.9985642990793835,0.6111111111111112,18,IDENTIFIED,0.584109199004618,2.0,36,0.13469227113139665,0,O01525,R014,FAST_FOOD,2024-03-09 13:55:12
51.746043065401565,11,2.0,21,3,154,0.1758895681350371,CATERING,3.3362233513389206,0.6818181818181818,22,IDENTIFIED,0.5507173454168564,2.0,21,0.02225278235700351,0,O01526,R053,FINE_DINING,2024-03-09 15:00:00
42.900438788562575,31,1.5,21,1,113,0.3896543928791766,RESTAURANT,3.0725152132050786,0.5714285714285714,21,ANONYMOUS,0.021008603085874225,2.0,16,0.1782889865725663,1,O01527,R025,PASTA,2024-03-09 16:04:48
50.150529227786585,26,1.0,17,6,85,0.4571132712910806,FAST_FOOD,3.6534868804950746,0.26666666666666666,15,IDENTIFIED,0.33016816608809185,2.0,69,0.08882280742503423,0,O01528,R068,STREET_FOOD,2024-03-09 17:09:36
47.67641068468642,20,5.0,14,0,205,0.5646395134187298,FOOD_TRUCK,4.259311185253018,0.6111111111111112,18,IDENTIFIED,0.07351861237727844,2.0,44,0.19218176940529477,0,O01529,R032,STREET_FOOD,2024-03-09 18:14:24
67.66858438843258,16,1.5,13,0,208,0.6181546621735935,CAFE,3.091917580299283,0.32142857142857145,28,ANONYMOUS,0.054359373174805076,2.0,5,0.11764485948307829,1,O01530,R064,DESSERT,2024-03-09 19:19:12
51.490351695960726,8,1.5,12,4,207,0.54329055551558,FOOD_TRUCK,4.06441066239825,0.34782608695652173,23,IDENTIFIED,0.31460741530640035,2.0,23,0.08186825285605233,0,O01531,R023,SANDWICH,2024-03-09 20:24:00
20.68388211012816,28,4.0,20,0,71,0.28076667080558315,CATERING,3.593114160823445,0.5454545454545454,22,IDENTIFIED,0.23256818880109853,2.0,40,0.12300769357542557,1,O01532,R067,FINE_DINING,2024-03-09 21:28:48
24.20428436758192,28,0.5,9,4,192,0.5237727148036977,BAKERY,4.408458790532939,0.8181818181818182,11,IDENTIFIED,0.5185998493930029,2.0,28,0.11114594994459887,1,O01533,R047,BREAKFAST,2024-03-09 22:33:36
62.9545809378466,29,3.0,20,6,162,0.4526270848466231,RESTAURANT,4.977906180478754,0.5294117647058824,17,ANONYMOUS,0.46926342476249006,2.0,80,0.24790182752536105,0,O01534,R008,SUSHI,2024-03-09 23:38:24
56.749147460690665,22,0.5,12,1,25,0.4557493000493876,FOOD_TRUCK,5.0,0.3888888888888889,18,IDENTIFIED,0.20562994348465247,2.0,29,0.2825540691492018,0,O01535,R062,BURGER,2024-03-10 00:43:12
46.05579876824619,10,5.0,9,0,108,0.5164977208789916,BAKERY,3.9279719162450872,0.38461538461538464,13,IDENTIFIED,0.7584407235683333,2.0,29,0.21398350426914456,0,O01536,R030,BREAKFAST,2024-03-10 01:48:00
43.175599667984564,5,2.0,13,0,162,0.42944951027503475,CATERING,4.045339710815144,0.42105263157894735,19,IDENTIFIED,0.37160578192751026,2.0,13,0.10220459857383699,0,O01537,R044,HEALTHY,2024-03-10 02:52:48
35.33416934839568,31,5.0,10,3,146,0.5217571704847069,BAKERY,4.2831476657189995,0.2631578947368421,19,ANONYMOUS,0.46041514167954767,2.0,101,0.19589283965219173,0,O01538,R005,BREAKFAST,2024-03-10 03:57:36
26.997416637236046,6,3.0,14,3,109,0.4297694505306683,CATERING,4.095963490352159,0.5263157894736842,19,IDENTIFIED,0.0,2.0,5,0.15729928344013314,1,O01539,R056,HEALTHY,2024-03-10 05:02:24
58.29990972603188,6,1.5,13,2,192,0.4638506339393792,RESTAURANT,4.977906180478754,0.5,18,IDENTIFIED,0.43224852715931417,2.0,8,0.14121691669886555,1,O01540,R008,SALAD,2024-03-10 06:07:12
31.162901872469707,6,4.0,21,6,93,0.3639084830415029,RESTAURANT,3.648671761825324,0.5714285714285714,28,IDENTIFIED,0.012377596228813407,2.0,5,0.18012728049713517,1,O01541,R015,SEAFOOD,2024-03-10 07:12:00
37.00663764500944,8,4.0,13,5,72,0.525726954871285,CAFE,3.148280928470636,0.5714285714285714,21,ANONYMOUS,0.1400276375527516,2.0,20,0.2436124615861538,0,O01542,R041,SANDWICH,2024-03-10 08:16:48
38.2550020995742,24,4.0,12,3,47,0.5204620575631462,CATERING,3.6697323545196734,0.4666666666666667,15,IDENTIFIED,0.28301036211628217,2.0,32,0.08375355392479392,0,O01543,R077,HEALTHY,2024-03-10 09:21:36
63.82748362776897,22,1.5,12,2,16,0.5447359736820161,FAST_FOOD,4.303746398295807,0.3333333333333333,15,IDENTIFIED,0.3903860405216678,2.0,32,0.11618964639495197,0,O01544,R054,PIZZA,2024-03-10 10:26:24
29.399894762681317,15,1.0,12,6,166,0.5277914346737606,FAST_FOOD,3.346535331369818,0.2857142857142857,21,IDENTIFIED,0.0,2.0,24,0.08043343835098665,1,O01545,R010,STREET_FOOD,2024-03-10 11:31:12
37.206825224762525,5,4.0,13,0,26,0.6304950332417457,BAKERY,3.9279719162450872,0.35714285714285715,14,IDENTIFIED,0.6399360921372783,2.0,15,0.17596696197066464,0,O01546,R030,BAKERY,2024-03-10 12:36:00
53.06703465165807,17,2.0,19,4,30,0.46866355268008636,CATERING,3.797182973303961,0.6956521739130435,23,ANONYMOUS,0.336823203801298,2.0,32,0.16726837328291286,0,O01547,R051,GRILL,2024-03-10 13:40:48
56.484602342101,7,3.0,9,4,55,0.6272090297983126,BAKERY,3.972432616097607,0.23076923076923078,13,IDENTIFIED,0.0,2.0,14,0.053931880906836385,0,O01548,R035,BREAKFAST,2024-03-10 14:45:36
40.443141922485964,10,3.0,13,4,46,0.48015681056693943,FAST_FOOD,3.616049105204268,0.64,25,IDENTIFIED,0.5062717766117143,2.0,14,0.1915566870186629,0,O01549,R080,PIZZA,2024-03-10 15:50:24
42.89028681911819,22,1.5,14,0,95,0.513736434154104,CATERING,3.6697323545196734,0.4375,16,ANONYMOUS,0.0,2.0,8,0.07314733135634406,1,O01550,R077,HEALTHY,2024-03-10 16:55:12
61.62012713145902,21,5.0,14,1,188,0.47083618138136135,CATERING,3.155638354146062,0.5555555555555556,18,IDENTIFIED,0.8894419669479372,2.0,41,0.25736737145134514,0,O01551,R065,HEALTHY,2024-03-10 18:00:00
31.710466212429203,8,6.0,14,1,69,0.6272812617072772,BAKERY,3.3482373264265872,0.36,25,ANONYMOUS,0.1557585668953104,2.0,13,0.021279745106277607,1,O01552,R042,BAKERY,2024-03-10 19:04:48
33.54280424796922,12,3.0,8,2,39,0.601474009844725,CAFE,3.2865102759945675,0.4583333333333333,24,IDENTIFIED,0.6494239580342568,2.0,29,0.224214172870964,0,O01553,R027,CAFE,2024-03-10 20:09:36
31.10050546285638,15,5.0,21,0,110,0.45965292329985485,CATERING,3.593114160823445,0.5652173913043478,23,IDENTIFIED,0.294961781355785,2.0,46,0.16534595887680542,0,O01554,R067,PASTA,2024-03-10 21:14:24
65.07445186594894,10,0.5,13,6,204,0.5428328886033504,RESTAURANT,3.661412441986213,0.65,20,IDENTIFIED,0.43793031003751154,2.0,25,0.2548064014400563,0,O01555,R076,SALAD,2024-03-10 22:19:12
46.4949655043882,22,1.0,14,0,104,0.5263012756393375,FAST_FOOD,3.5671859283757152,0.5625,16,ANONYMOUS,0.381442057833697,2.0,41,0.19814458507812277,1,O01556,R024,SANDWICH,2024-03-10 23:24:00
34.325984512057154,11,4.0,20,1,141,0.4102460718807038,CATERING,3.6697323545196734,0.47058823529411764,17,IDENTIFIED,0.28492241196777796,2.0,35,0.1495705199284693,0,O01557,R077,PASTA,2024-03-11 00:28:48
42.06978666682622,17,2.0,8,5,19,0.4891733037027215,BAKERY,4.472397736270716,0.4375,16,IDENTIFIED,0.33099176531534413,2.0,26,0.18934148209475488,0,O01558,R006,BREAKFAST,2024-03-11 01:33:36
29.58825540863123,26,3.0,12,5,28,0.6841471955492314,BAKERY,4.212748157693551,0.38095238095238093,21,ANONYMOUS,0.14809399978090837,2.0,45,0.09982053896554802,1,O01559,R001,DESSERT,2024-03-11 02:38:24
54.751111639045526,24,1.0,13,2,152,0.44491974809045093,RESTAURANT,4.271886734691434,0.375,24,ANONYMOUS,0.24306756122441683,2.0,45,0.11318561843340708,0,O01560,R018,SALAD,2024-03-11 03:43:12
49.71925846162775,14,3.0,14,6,111,0.5008489296925566,CAFE,3.091917580299283,0.3448275862068966,29,IDENTIFIED,0.4155322839931591,2.0,47,0.0628163991785946,0,O01561,R064,SANDWICH,2024-03-11 04:48:00
23.10159221681106,13,1.5,21,4,128,0.26751524850571695,CATERING,3.593114160823445,0.5416666666666666,24,IDENTIFIED,0.41729892983017525,2.0,8,0.07104535793961494,1,O01562,R067,FINE_DINING,2024-03-11 05:52:48
75.0,20,6.0,12,0,166,0.5572582161235344,FOOD_TRUCK,4.356993699800905,0.6428571428571429,14,ANONYMOUS,0.4412397822109994,2.0,24,0.23388971852509394,0,O01563,R069,FAST_FOOD,2024-03-11 06:57:36
56.584960127829156,20,1.5,13,1,202,0.6722545114220053,FAST_FOOD,2.874421625611307,0.3333333333333333,21,IDENTIFIED,0.6004610259536742,2.0,46,0.11072242850142355,0,O01564,R016,BURGER,2024-03-11 08:02:24
32.92363003084722,6,8.0,20,2,129,0.40731288797221105,RESTAURANT,4.977906180478754,0.5263157894736842,19,IDENTIFIED,0.3429701943554975,2.0,13,0.13578838153293518,0,O01565,R008,SUSHI,2024-03-11 09:07:12
59.740904353460394,24,5.0,12,2,169,0.6404815590157842,FAST_FOOD,4.303746398295807,0.3125,16,IDENTIFIED,0.18639405939341003,2.0,34,0.1265363908153032,0,O01566,R054,FAST_FOOD,2024-03-11 10:12:00
67.40157015001428,15,3.0,14,1,23,0.44760191334891203,FAST_FOOD,3.2572286068644694,0.7142857142857143,14,IDENTIFIED,0.31817892881206783,2.0,29,0.01,1,O01567,R066,PIZZA,2024-03-11 11:16:48
27.333713161963892,13,3.0,19,4,198,0.25059615021214726,CATERING,3.565011044514906,0.4375,16,ANONYMOUS,0.20978185031089258,2.0,10,0.15041659034019275,1,O01568,R020,FINE_DINING,2024-03-11 12:21:36
62.406973663815975,7,3.0,9,0,42,0.5702917762657999,CAFE,2.6189910336437396,0.5882352941176471,17,IDENTIFIED,0.5480457208926861,2.0,8,0.19522044490221388,0,O01569,R061,CAFE,2024-03-11 13:26:24
33.45452599918702,25,2.0,13,6,127,0.5071995027069148,FAST_FOOD,2.874421625611307,0.3181818181818182,22,IDENTIFIED,0.26235456579164007,2.0,7,0.10421294023919186,1,O01570,R016,BURGER,2024-03-11 14:31:12
55.86609001347931,28,1.5,14,3,27,0.44488117341749295,FAST_FOOD,3.616049105204268,0.6153846153846154,26,IDENTIFIED,0.0,2.0,19,0.21514433643681635,1,O01571,R080,PIZZA,2024-03-11 15:36:00
28.840552862601744,11,2.0,11,3,134,0.46078582892287123,RESTAURANT,5.0,0.3333333333333333,15,IDENTIFIED,0.0,2.0,32,0.21914149067362357,0,O01572,R071,VEGETARIAN,2024-03-11 16:40:48
30.484763928424798,22,5.0,20,2,71,0.43373222475169915,CATERING,3.8498216987959597,0.6666666666666666,18,ANONYMOUS,0.07608249363253222,2.0,29,0.044960593974301855,1,O01573,R052,GRILL,2024-03-11 17:45:36
37.778307152032625,18,4.0,12,5,118,0.40964112175022593,CATERING,3.2943012426991136,0.5714285714285714,21,ANONYMOUS,0.18410643115893566,2.0,20,0.056368457068630765,1,O01574,R019,HEALTHY,2024-03-11 18:50:24
51.945043392570454,22,2.0,21,4,78,0.37246628746143806,RESTAURANT,4.977906180478754,0.5,20,ANONYMOUS,0.4148262491774133,2.0,18,0.08357425358531184,1,O01575,R008,FINE_DINING,2024-03-11 19:55:12
38.791107515873804,21,0.5,13,6,118,0.5900488083620795,BAKERY,3.8497693798953305,0.38095238095238093,21,IDENTIFIED,0.0,2.0,33,0.06900272956136819,1,O01576,R058,DESSERT,2024-03-11 21:00:00
27.788209225421983,10,6.0,14,2,78,0.448193449213392,CATERING,4.095963490352159,0.55,20,IDENTIFIED,0.4633034229041105,2.0,27,0.2406777251211233,0,O01577,R056,HEALTHY,2024-03-11 22:04:48
47.54778710284083,16,3.0,21,6,196,0.44065758911958813,CATERING,3.9572043767813985,0.5714285714285714,14,IDENTIFIED,0.30252702008428656,2.0,7,0.02962330460854813,1,O01578,R046,GRILL,2024-03-11 23:09:36
40.396316935193745,20,3.0,20,2,149,0.41806899081245386,RESTAURANT,3.648671761825324,0.5862068965517241,29,ANONYMOUS,0.2644046468746959,2.0,15,0.01,1,O01579,R015,SEAFOOD,2024-03-12 00:14:24
27.183646769466876,7,3.0,19,3,96,0.43838882808171076,RESTAURANT,3.0725152132050786,0.5909090909090909,22,IDENTIFIED,0.3269202476137877,2.0,11,0.09033791173936866,1,O01580,R025,PASTA,2024-03-12 01:19:12
58.96386062591655,17,4.0,20,3,74,0.39629439911089753,RESTAURANT,4.19117461888607,0.8095238095238095,21,IDENTIFIED,0.0,2.0,26,0.14898701889812066,0,O01581,R017,SEAFOOD,2024-03-12 02:24:00
54.94718511402668,11,0.5,13,6,136,0.6239087197125931,BAKERY,4.772361452468935,0.3333333333333333,9,ANONYMOUS,0.3431362669453564,2.0,15,0.1139555309909779,0,O01582,R040,DESSERT,2024-03-12 03:28:48
31.896078807131474,18,8.0,14,0,177,0.5121123825837195,FOOD_TRUCK,4.092770052054342,0.3684210526315789,19,ANONYMOUS,0.4405249171905058,2.0,59,0.15124260437382334,0,O01583,R007,BURGER,2024-03-12 04:33:36
32.10333489307342,23,2.0,13,5,168,0.5559658319384,BAKERY,3.7012644326945696,0.47368421052631576,19,IDENTIFIED,0.3765377292083337,2.0,41,0.1691804236153305,0,O01584,R049,DESSERT,2024-03-12 05:38:24
42.03002793257816,11,3.0,13,4,188,0.4732544246388133,CATERING,4.455128624198876,0.4666666666666667,15,ANONYMOUS,0.24197828519439957,2.0,21,0.07888512138345025,0,O01585,R073,HEALTHY,2024-03-12 06:43:12
42.390499864052764,24,1.5,18,5,207,0.4323396419643297,RESTAURANT,4.271886734691434,0.36,25,IDENTIFIED,0.34156817733221867,2.0,38,0.11162237988073996,0,O01586,R018,VEGETARIAN,2024-03-12 07:48:00
16.21302243578444,15,5.0,13,4,113,0.4619194535336096,FAST_FOOD,4.138788682416522,0.28,25,IDENTIFIED,0.025560067123453212,2.0,25,0.2322392170199653,1,O01587,R009,PIZZA,2024-03-12 08:52:48
37.257096907038054,25,1.5,13,0,111,0.5145229759875601,CATERING,4.149333020747922,0.5,8,IDENTIFIED,0.09376823491029515,2.0,26,0.05816292530880116,1,O01588,R034,HEALTHY,2024-03-12 09:57:36
60.36966840427777,21,3.0,20,2,145,0.2816935245696431,CATERING,4.386289126933204,0.26666666666666666,15,ANONYMOUS,0.6088232095695856,2.0,56,0.08971522928328625,0,O01589,R038,FINE_DINING,2024-03-12 11:02:24
56.2668561176993,21,1.5,9,1,27,0.5684472266221904,BAKERY,3.237076379057974,0.47619047619047616,21,IDENTIFIED,0.15834207910552817,2.0,34,0.12542143622336882,0,O01590,R031,BREAKFAST,2024-03-12 12:07:12
62.148669803087415,14,1.5,20,2,111,0.40659415774039853,CATERING,4.051226380656576,0.5,14,IDENTIFIED,0.3428786062534348,2.0,9,0.1688226775147178,1,O01591,R021,GRILL,2024-03-12 13:12:00
68.1983910816985,17,3.0,14,0,78,0.5121631135025332,FOOD_TRUCK,3.4481366569876384,0.8666666666666667,15,ANONYMOUS,0.4647602938808163,2.0,6,0.17770466710810448,1,O01592,R033,BURGER,2024-03-12 14:16:48
46.600463428710015,28,3.0,13,3,137,0.5485911108652347,FAST_FOOD,2.874421625611307,0.34782608695652173,23,IDENTIFIED,0.6294762627643351,2.0,37,0.07139740886093368,1,O01593,R016,PIZZA,2024-03-12 15:21:36
20.48673850676733,25,0.5,14,4,155,0.5319473970607934,FOOD_TRUCK,3.1265420325537248,0.48,25,IDENTIFIED,0.22361139340785993,2.0,15,0.05690119109050554,1,O01594,R048,FAST_FOOD,2024-03-12 16:26:24
39.091972518661905,7,2.0,14,4,137,0.4976750017985805,RESTAURANT,4.977906180478754,0.5238095238095238,21,IDENTIFIED,0.2865766531338359,2.0,22,0.16364662134219116,0,O01595,R008,SALAD,2024-03-12 17:31:12
55.242424497473024,30,1.5,14,4,205,0.4306181483898031,RESTAURANT,3.0725152132050786,0.6086956521739131,23,ANONYMOUS,0.25521278578108847,2.0,53,0.12280695642874466,1,O01596,R025,VEGETARIAN,2024-03-12 18:36:00
37.87174274119194,28,1.0,20,0,206,0.436058755396485,FOOD_TRUCK,4.068682803097095,0.26666666666666666,15,IDENTIFIED,0.22956960549669314,2.0,29,0.17478300211095027,1,O01597,R055,BBQ,2024-03-12 19:40:48
64.5500177125513,22,3.0,12,2,36,0.5200173142557685,FAST_FOOD,4.303746398295807,0.29411764705882354,17,IDENTIFIED,0.221524670229244,2.0,74,0.11124829223871151,0,O01598,R054,STREET_FOOD,2024-03-12 20:45:36
68.03795900167897,23,4.0,9,6,33,0.5103322797080522,CAFE,3.9450444623960856,0.5,20,IDENTIFIED,0.0,2.0,26,0.17651392374044178,1,O01599,R075,BRUNCH,2024-03-12 21:50:24
61.27114463025676,27,3.0,14,1,37,0.6083668598963659,FAST_FOOD,3.616049105204268,0.6296296296296297,27,IDENTIFIED,0.16986131689893896,2.0,49,0.0901157763990851,1,O01600,R080,SANDWICH,2024-03-12 22:55:12
35.58675846963792,28,4.0,13,2,166,0.5982609449760199,BAKERY,3.7481555951610934,0.15,20,IDENTIFIED,0.3660205529795383,2.0,82,0.24358272875657996,0,O01601,R063,DESSERT,2024-03-13 00:00:00
26.46217075312427,17,5.0,14,1,73,0.44006666780024994,CATERING,4.051226380656576,0.5333333333333333,15,IDENTIFIED,0.05791319547645185,2.0,47,0.1680270579258025,0,O01602,R021,HEALTHY,2024-03-13 01:04:48
34.015086746363984,28,8.0,10,5,173,0.5621382033675815,BAKERY,4.212748157693551,0.4090909090909091,22,IDENTIFIED,0.42087978320941627,2.0,46,0.06607334640225444,0,O01603,R001,BREAKFAST,2024-03-13 02:09:36
39.25764952402906,12,1.5,14,6,165,0.508662084619494,FAST_FOOD,3.142288194926028,0.35294117647058826,17,IDENTIFIED,0.34259095592644173,2.0,20,0.0871925545628792,0,O01604,R022,PIZZA,2024-03-13 03:14:24
32.698549871029144,25,5.0,13,2,69,0.5694340577231473,CAFE,4.027925188301798,0.6111111111111112,18,ANONYMOUS,0.1464317291248023,2.0,50,0.18414272658299297,0,O01605,R036,DESSERT,2024-03-13 04:19:12
26.132246776916315,15,3.0,21,1,188,0.5010822065488354,FOOD_TRUCK,4.068682803097095,0.3125,16,IDENTIFIED,0.0,2.0,21,0.12615401133345794,0,O01606,R055,STREET_FOOD,2024-03-13 05:24:00
39.15960773744999,14,2.0,14,5,184,0.5159585705083817,RESTAURANT,3.661412441986213,0.6190476190476191,21,IDENTIFIED,0.5682668107924396,2.0,45,0.10641214440832386,0,O01607,R076,SALAD,2024-03-13 06:28:48
28.838560699586647,8,1.0,8,4,200,0.6112325610638252,BAKERY,3.7012644326945696,0.45,20,IDENTIFIED,0.5885655774159744,2.0,12,0.22463893445836053,0,O01608,R049,BREAKFAST,2024-03-13 07:33:36
35.66971564729555,23,3.0,20,3,73,0.4291991765073663,RESTAURANT,5.0,0.3125,16,IDENTIFIED,0.30256954531220026,2.0,24,0.12403367278407484,1,O01609,R071,GRILL,2024-03-13 08:38:24
37.66772879390563,25,1.5,8,0,118,0.5415879842085223,CAFE,4.173402459689542,0.4444444444444444,18,IDENTIFIED,0.07854971485370495,2.0,9,0.03511801541470425,1,O01610,R013,BREAKFAST,2024-03-13 09:43:12
35.97054139831238,27,4.0,20,4,116,0.4098560365411629,FOOD_TRUCK,3.4481366569876384,0.875,16,IDENTIFIED,0.06154136067400483,2.0,50,0.11530708660238824,1,O01611,R033,BBQ,2024-03-13 10:48:00
44.8822363395322,23,2.0,19,0,133,0.48464472569713757,FAST_FOOD,3.142288194926028,0.3333333333333333,18,IDENTIFIED,0.043644990221961506,2.0,13,0.06869957390486126,1,O01612,R022,STREET_FOOD,2024-03-13 11:52:48
52.98550736008448,13,1.5,12,1,89,0.5283967921017075,BAKERY,3.8497693798953305,0.4090909090909091,22,ANONYMOUS,0.3534397028225408,2.0,38,0.10803744492475972,0,O01613,R058,DESSERT,2024-03-13 12:57:36
50.97770351556171,19,5.0,21,1,24,0.3947362853551311,FOOD_TRUCK,4.068682803097095,0.29411764705882354,17,ANONYMOUS,0.332552791292125,2.0,23,0.13556594044848927,0,O01614,R055,BBQ,2024-03-13 14:02:24
55.86924660667348,20,4.0,12,2,181,0.6382659125184204,BAKERY,4.772361452468935,0.3,10,IDENTIFIED,0.16031279569200743,2.0,34,0.24476050434662217,0,O01615,R040,BAKERY,2024-03-13 15:07:12
42.62421992628522,30,3.0,20,4,36,0.23305624087231763,CATERING,4.045339710815144,0.4,20,IDENTIFIED,0.018796755319906655,2.0,44,0.01,1,O01616,R044,FINE_DINING,2024-03-13 16:12:00
42.730575658033814,5,1.5,19,1,21,0.277090496683681,CATERING,3.797182973303961,0.7083333333333334,24,IDENTIFIED,0.20286732027716195,2.0,2,0.0631780816444008,1,O01617,R051,FINE_DINING,2024-03-13 17:16:48
46.3143914343089,15,1.0,12,5,115,0.5411601299552949,FOOD_TRUCK,3.800046416200278,0.5263157894736842,19,ANONYMOUS,0.04141445546513592,2.0,32,0.01,0,O01618,R070,STREET_FOOD,2024-03-13 18:21:36
49.566851156061276,25,2.0,12,3,203,0.5259009581943533,RESTAURANT,3.3528823975793207,0.6818181818181818,22,IDENTIFIED,0.37325519409664626,2.0,86,0.22873886400326224,0,O01619,R037,SALAD,2024-03-13 19:26:24
51.112517489871934,20,3.0,14,1,180,0.6613641923558684,BAKERY,3.3482373264265872,0.38461538461538464,26,IDENTIFIED,0.479377220970613,2.0,39,0.14358947134624955,0,O01620,R042,BAKERY,2024-03-13 20:31:12
33.797184238318664,19,3.0,12,1,100,0.5897913301780728,FAST_FOOD,2.874421625611307,0.3333333333333333,24,ANONYMOUS,0.38944945899012023,2.0,59,0.07622033088158336,0,O01621,R016,BURGER,2024-03-13 21:36:00
32.437620619911804,13,2.0,13,0,118,0.49720145600395593,FOOD_TRUCK,4.092770052054342,0.35,20,IDENTIFIED,0.0,2.0,6,0.04684037164024339,1,O01622,R007,BURGER,2024-03-13 22:40:48
42.08982106233906,10,5.0,13,3,107,0.482221147546844,FAST_FOOD,3.346535331369818,0.3181818181818182,22,ANONYMOUS,0.24812637127450066,2.0,28,0.10754040771610193,0,O01623,R010,PIZZA,2024-03-13 23:45:36
33.035277167112184,21,6.0,19,3,130,0.4610217346074581,RESTAURANT,3.3803185346678775,0.6875,16,IDENTIFIED,0.20876162399367787,2.0,37,0.03609569100529233,1,O01624,R072,GRILL,2024-03-14 00:50:24
41.18677266595671,28,2.0,13,5,110,0.7382353250218971,BAKERY,3.7012644326945696,0.42857142857142855,21,IDENTIFIED,0.28339471021685675,2.0,60,0.18964566929062837,0,O01625,R049,BAKERY,2024-03-14 01:55:12
64.1688020370339,27,2.0,21,3,159,0.42563809489749616,CATERING,3.6697323545196734,0.4444444444444444,18,IDENTIFIED,0.2565333234196383,2.0,30,0.024488029546777604,1,O01626,R077,PASTA,2024-03-14 03:00:00
50.643505642657686,13,5.0,20,1,120,0.4214852445442175,CATERING,4.386289126933204,0.25,16,IDENTIFIED,0.0,2.0,5,0.23861671322798522,1,O01627,R038,GRILL,2024-03-14 04:04:48
54.572858744326346,16,0.5,8,0,189,0.5822352304851997,BAKERY,3.8497693798953305,0.391304347826087,23,ANONYMOUS,0.35724503253805195,2.0,42,0.13146595167583924,0,O01628,R058,BREAKFAST,2024-03-14 05:09:36
48.93235580633686,20,2.0,19,2,207,0.3124092833285712,RESTAURANT,4.977906180478754,0.5,22,IDENTIFIED,0.2943154410399362,2.0,69,0.17050988514700394,0,O01629,R008,SUSHI,2024-03-14 06:14:24
48.99168012328922,23,3.0,10,5,65,0.4913785478269762,CAFE,4.173402459689542,0.47368421052631576,19,IDENTIFIED,0.15536647973483636,2.0,13,0.09963309171912235,1,O01630,R013,BRUNCH,2024-03-14 07:19:12
56.34227307429536,18,2.0,20,1,51,0.4424807896306109,RESTAURANT,4.977906180478754,0.4782608695652174,23,ANONYMOUS,0.6249084680529894,2.0,43,0.15067489262677553,0,O01631,R008,SUSHI,2024-03-14 08:24:00
32.14538886272943,27,6.0,21,3,94,0.43464415104496545,RESTAURANT,3.3528823975793207,0.6521739130434783,23,IDENTIFIED,0.13537703489204958,2.0,34,0.049129137925959965,1,O01632,R037,GRILL,2024-03-14 09:28:48
60.65220269366437,29,8.0,13,6,129,0.45179170858766826,CATERING,3.1558426563006043,0.6842105263157895,19,IDENTIFIED,0.08043371868886676,2.0,98,0.22489152997798167,0,O01633,R011,HEALTHY,2024-03-14 10:33:36
29.98548825536838,22,1.5,19,0,91,0.2988063063807721,RESTAURANT,4.19117461888607,0.7727272727272727,22,IDENTIFIED,0.05627385274904492,2.0,30,0.05502237085710789,1,O01634,R017,SEAFOOD,2024-03-14 11:38:24
40.185002816634224,8,1.5,12,6,132,0.5871714791494445,FOOD_TRUCK,3.473217524366763,0.45,20,IDENTIFIED,0.11429207929910751,2.0,26,0.2632914541889205,0,O01635,R029,SANDWICH,2024-03-14 12:43:12
46.99687248520628,25,1.0,12,4,30,0.571579740222977,FOOD_TRUCK,4.06441066239825,0.3333333333333333,24,IDENTIFIED,0.32887933782516177,2.0,78,0.03190182544883928,0,O01636,R023,SANDWICH,2024-03-14 13:48:00
51.320870634719654,20,5.0,19,4,61,0.3014384368131902,CATERING,4.386289126933204,0.29411764705882354,17,ANONYMOUS,0.8528106568510347,2.0,55,0.12394610478997016,0,O01637,R038,FINE_DINING,2024-03-14 14:52:48
55.415724079906994,19,3.0,12,4,155,0.5315250726194977,FAST_FOOD,2.874421625611307,0.32,25,ANONYMOUS,0.2766097506272122,2.0,62,0.19437544821180322,0,O01638,R016,BURGER,2024-03-14 15:57:36
40.11140051970402,23,4.0,21,2,116,0.22753312408078002,CATERING,3.155638354146062,0.5263157894736842,19,IDENTIFIED,0.0,2.0,20,0.08441526528858015,1,O01639,R065,FINE_DINING,2024-03-14 17:02:24
40.64034066937642,5,3.0,14,6,186,0.5387706882755651,FOOD_TRUCK,3.8641771950274,0.4166666666666667,24,IDENTIFIED,0.33744944304838487,2.0,9,0.06817784418029654,1,O01640,R012,SANDWICH,2024-03-14 18:07:12
30.07178851247862,25,4.0,14,6,142,0.5622393916436352,BAKERY,3.9279719162450872,0.3333333333333333,15,IDENTIFIED,0.07373331247618362,2.0,34,0.01,1,O01641,R030,DESSERT,2024-03-14 19:12:00
37.84343299115291,12,2.0,19,2,26,0.42435565199158315,CATERING,3.8498216987959597,0.6842105263157895,19,IDENTIFIED,0.0,2.0,15,0.26443067123205866,0,O01642,R052,GRILL,2024-03-14 20:16:48
47.81194454810035,31,1.0,13,3,151,0.4760905934882906,FAST_FOOD,3.973582751974687,0.35294117647058826,17,ANONYMOUS,0.06971114796167358,2.0,44,0.10230914769213498,1,O01643,R060,PIZZA,2024-03-14 21:21:36
23.891033525853416,27,4.0,14,2,134,0.5485421915292034,CATERING,4.051226380656576,0.5,16,IDENTIFIED,0.17252412937950692,2.0,43,0.0870071752789051,1,O01644,R021,HEALTHY,2024-03-14 22:26:24
33.209850956865225,16,4.0,12,3,137,0.6143427381282538,CAFE,3.8949233547471653,0.3333333333333333,15,IDENTIFIED,0.36455128586820396,2.0,14,0.01,1,O01645,R045,DESSERT,2024-03-14 23:31:12
40.960308579656356,30,2.0,13,2,20,0.6122755288277223,FAST_FOOD,3.142288194926028,0.3684210526315789,19,IDENTIFIED,0.24055597197002754,2.0,54,0.17319528346906723,1,O01646,R022,FAST_FOOD,2024-03-15 00:36:00
32.69138813987795,12,2.0,12,2,171,0.5329571066632272,RESTAURANT,4.275105407534004,0.6,20,IDENTIFIED,0.2762644151754838,2.0,29,0.07317568424294679,0,O01647,R079,HEALTHY,2024-03-15 01:40:48
30.28110261634801,9,3.0,10,0,141,0.5364987241105215,BAKERY,3.7012644326945696,0.4090909090909091,22,IDENTIFIED,0.6831432726253196,2.0,19,0.18454152226247258,0,O01648,R049,BREAKFAST,2024-03-15 02:45:36
46.14823636386614,19,1.0,20,0,40,0.41684319448407053,RESTAURANT,2.8789243804126032,0.4444444444444444,27,IDENTIFIED,0.05920008876937999,2.0,61,0.15963141125072647,0,O01649,R039,SUSHI,2024-03-15 03:50:24
61.05717882397131,17,2.0,13,4,32,0.49072080152637737,CATERING,4.455128624198876,0.4375,16,IDENTIFIED,0.4869701016854056,2.0,39,0.11495328203948449,0,O01650,R073,HEALTHY,2024-03-15 04:55:12
42.71763251755347,5,1.0,12,1,104,0.6151348811301939,BAKERY,3.9279719162450872,0.375,16,IDENTIFIED,0.0,2.0,2,0.10931525863483255,1,O01651,R030,DESSERT,2024-03-15 06:00:00
52.859682208661944,9,3.0,10,1,84,0.5546286280719349,CAFE,3.091917580299283,0.3333333333333333,30,ANONYMOUS,0.6685535853483392,2.0,12,0.01,0,O01652,R064,BRUNCH,2024-03-15 07:04:48
64.43653222006768,12,3.0,19,5,181,0.463216198142935,CATERING,3.3362233513389206,0.6521739130434783,23,IDENTIFIED,0.43483664481355777,2.0,6,0.01,1,O01653,R053,GRILL,2024-03-15 08:09:36
55.412987639126186,10,4.0,12,3,63,0.6289022422560053,BAKERY,3.7481555951610934,0.14285714285714285,21,IDENTIFIED,0.573808716861228,2.0,23,0.19711606612560983,0,O01654,R063,DESSERT,2024-03-15 09:14:24
38.46918189522431,20,1.5,14,5,173,0.476350440374605,FAST_FOOD,3.142288194926028,0.4,20,IDENTIFIED,0.6118832259428372,2.0,34,0.17897146206607392,0,O01655,R022,BURGER,2024-03-15 10:19:12
53.67617225462503,24,2.0,13,6,70,0.4921426112902759,FAST_FOOD,3.142288194926028,0.38095238095238093,21,ANONYMOUS,0.3894396420946893,2.0,23,0.028951241262909662,1,O01656,R022,PIZZA,2024-03-15 11:24:00
45.79188887257724,27,5.0,20,0,135,0.40467030732028164,RESTAURANT,3.648671761825324,0.6,30,ANONYMOUS,0.04666961497684838,2.0,8,0.11241607713135882,1,O01657,R015,SUSHI,2024-03-15 12:28:48
45.93409760594009,13,4.0,20,3,137,0.43204296289729344,CATERING,4.095963490352159,0.5238095238095238,21,IDENTIFIED,0.07212342104187511,2.0,24,0.06344066045162639,1,O01658,R056,GRILL,2024-03-15 13:33:36
43.07908434680888,8,2.0,21,5,197,0.46177032930386247,FOOD_TRUCK,5.0,0.3684210526315789,19,ANONYMOUS,0.21810093396283853,2.0,27,0.09548261424576929,0,O01659,R062,BBQ,2024-03-15 14:38:24
60.730174503319134,6,1.5,13,2,98,0.5344513008779025,BAKERY,4.262169475601567,0.391304347826087,23,ANONYMOUS,0.3630675515073194,2.0,13,0.12568342059472373,0,O01660,R028,DESSERT,2024-03-15 15:43:12
37.35853410854958,22,1.5,14,5,104,0.5035394381380093,CATERING,3.2943012426991136,0.5909090909090909,22,IDENTIFIED,0.0874237438336504,2.0,22,0.13639878942976041,1,O01661,R019,HEALTHY,2024-03-15 16:48:00
55.59179841834666,5,2.0,12,1,122,0.4790307171983871,FAST_FOOD,4.310091164856999,0.5,22,IDENTIFIED,0.8453117876530144,2.0,11,0.12440211860075961,0,O01662,R074,STREET_FOOD,2024-03-15 17:52:48
44.116041570157684,9,4.0,21,0,140,0.48350496905312534,CATERING,3.8498216987959597,0.65,20,IDENTIFIED,0.0,2.0,3,0.01,1,O01663,R052,GRILL,2024-03-15 18:57:36
41.59971928076011,23,1.5,21,1,26,0.2865653226061828,CATERING,4.045339710815144,0.42857142857142855,21,IDENTIFIED,0.7144447633284686,2.0,41,0.05030722317328182,0,O01664,R044,FINE_DINING,2024-03-15 20:02:24
63.75950842387482,28,3.0,13,6,205,0.5402892880078751,FAST_FOOD,4.303746398295807,0.2777777777777778,18,IDENTIFIED,0.484010569608299,2.0,35,0.14348423243418837,0,O01665,R054,PIZZA,2024-03-15 21:07:12
48.17952401055101,14,4.0,14,6,42,0.5185351460501171,FAST_FOOD,3.616049105204268,0.6428571428571429,28,ANONYMOUS,0.104468021097722,2.0,26,0.11761821599489419,1,O01666,R080,BURGER,2024-03-15 22:12:00
15.831883090052983,29,3.0,14,1,41,0.5067481307911664,FOOD_TRUCK,3.8641771950274,0.44,25,IDENTIFIED,0.13441447704803483,2.0,26,0.12134323775528627,1,O01667,R012,FAST_FOOD,2024-03-15 23:16:48
54.91221802924636,30,1.5,10,4,159,0.5613689259538583,CAFE,4.173402459689542,0.5,20,IDENTIFIED,0.0764405746347169,2.0,19,0.0945440445927085,1,O01668,R013,CAFE,2024-03-16 00:21:36
65.01707486950605,26,1.0,14,6,173,0.527331704483006,FOOD_TRUCK,4.057130138238625,0.42105263157894735,19,ANONYMOUS,0.031533950553185704,2.0,49,0.02140050852261166,1,O01669,R004,SANDWICH,2024-03-16 01:26:24
64.33673930427429,13,5.0,20,5,56,0.37352230870799374,RESTAURANT,4.2836688861745555,0.48148148148148145,27,ANONYMOUS,0.1946917156704248,2.0,34,0.25901719526370814,0,O01670,R003,PASTA,2024-03-16 02:31:12
45.94501479840827,15,3.0,14,0,118,0.5358081493952214,CAFE,3.8703122217420067,0.5263157894736842,19,IDENTIFIED,0.3721479763026809,2.0,36,0.12193506387597196,0,O01671,R002,SANDWICH,2024-03-16 03:36:00
40.15453573630436,20,3.0,14,3,91,0.49553311897052393,FOOD_TRUCK,3.1265420325537248,0.5,26,IDENTIFIED,0.6274710368390108,2.0,30,0.1547254256615618,0,O01672,R048,BURGER,2024-03-16 04:40:48
55.429852823221196,24,2.0,13,3,118,0.43797786714657877,RESTAURANT,4.275105407534004,0.5714285714285714,21,IDENTIFIED,0.17840108511465966,2.0,15,0.14892824347470446,1,O01673,R079,SALAD,2024-03-16 05:45:36
18.84855266052246,9,3.0,12,0,129,0.4730010362704748,FAST_FOOD,3.142288194926028,0.4090909090909091,22,ANONYMOUS,1.0,2.0,11,0.04023072973039639,0,O01674,R022,STREET_FOOD,2024-03-16 06:50:24
47.746927194702906,19,2.0,9,1,50,0.5526427875216122,CAFE,2.8338030196367794,0.5833333333333334,24,ANONYMOUS,0.33734909118723966,2.0,30,0.19149088004829926,0,O01675,R078,BREAKFAST,2024-03-16 07:55:12
38.61545192663324,18,2.0,13,3,204,0.43986052163663925,FOOD_TRUCK,4.057130138238625,0.45,20,ANONYMOUS,0.17814686707560912,2.0,24,0.25243169343657246,0,O01676,R004,STREET_FOOD,2024-03-16 09:00:00
61.681050240017086,20,6.0,13,0,89,0.5701046559580053,FAST_FOOD,4.138788682416522,0.3076923076923077,26,IDENTIFIED,0.0,2.0,38,0.11172049519493747,0,O01677,R009,FAST_FOOD,2024-03-16 10:04:48
42.15921820247678,8,6.0,21,4,107,0.4630580868355528,CATERING,4.095963490352159,0.5454545454545454,22,IDENTIFIED,0.3705344664408911,2.0,18,0.2670816754872839,0,O01678,R056,PASTA,2024-03-16 11:09:36
38.28404073949447,15,0.5,20,3,26,0.313364888428901,CATERING,4.386289126933204,0.2777777777777778,18,IDENTIFIED,0.26264252820555967,2.0,24,0.025770804547512606,1,O01679,R038,FINE_DINING,2024-03-16 12:14:24
62.96238384260451,29,2.0,12,6,96,0.49967989993701933,FOOD_TRUCK,4.057130138238625,0.42857142857142855,21,IDENTIFIED,0.5195688118329059,2.0,56,0.10173304082232017,0,O01680,R004,SANDWICH,2024-03-16 13:19:12
15.0,21,2.0,20,0,63,0.23358531013379813,CATERING,3.3362233513389206,0.6666666666666666,24,IDENTIFIED,0.0,2.0,39,0.1380698728298425,1,O01681,R053,FINE_DINING,2024-03-16 14:24:00
48.93603661449063,22,4.0,14,4,81,0.508862792913123,CAFE,3.8949233547471653,0.375,16,IDENTIFIED,0.1533174061254388,2.0,39,0.04995059352814264,1,O01682,R045,SANDWICH,2024-03-16 15:28:48
28.610029360165193,14,3.0,20,0,158,0.31027550730076225,CATERING,3.1558426563006043,0.65,20,IDENTIFIED,0.16696437068087783,2.0,21,0.27271190532151274,1,O01683,R011,FINE_DINING,2024-03-16 16:33:36
21.716000497090157,26,2.0,12,2,79,0.5922195625594044,FOOD_TRUCK,4.057130138238625,0.4090909090909091,22,ANONYMOUS,0.49792693671424026,2.0,25,0.03172776017410016,1,O01684,R004,FAST_FOOD,2024-03-16 17:38:24
51.81780480074451,23,5.0,13,6,36,0.4742686171490777,FAST_FOOD,3.616049105204268,0.6551724137931034,29,ANONYMOUS,0.20880525458751434,2.0,27,0.10680937177447013,1,O01685,R080,PIZZA,2024-03-16 18:43:12
30.449486311726858,7,4.0,13,3,22,0.587891379906284,CAFE,3.8703122217420067,0.5,20,IDENTIFIED,0.2783572738375394,2.0,17,0.24428625628823228,0,O01686,R002,DESSERT,2024-03-16 19:48:00
55.70250290156499,16,2.0,13,0,52,0.6791921222240667,FOOD_TRUCK,4.259311185253018,0.5789473684210527,19,ANONYMOUS,0.4722217280507973,2.0,34,0.09914207670193184,0,O01687,R032,FAST_FOOD,2024-03-16 20:52:48
33.62445661839223,5,1.0,13,6,162,0.6510255310704689,FAST_FOOD,2.874421625611307,0.3076923076923077,26,IDENTIFIED,0.0,2.0,3,0.026404662451369798,1,O01688,R016,FAST_FOOD,2024-03-16 21:57:36
32.67796164590943,26,4.0,12,5,179,0.66317803636429,BAKERY,3.237076379057974,0.45454545454545453,22,IDENTIFIED,0.0,2.0,38,0.17915236401291557,0,O01689,R031,BAKERY,2024-03-16 23:02:24
34.841354462170806,7,4.0,12,0,70,0.5532811539597449,FAST_FOOD,4.310091164856999,0.4782608695652174,23,IDENTIFIED,0.05305429351902764,2.0,9,0.0994470557561883,1,O01690,R074,FAST_FOOD,2024-03-17 00:07:12
39.79745862589572,8,4.0,20,0,41,0.28326773345189576,CATERING,3.9572043767813985,0.6,15,IDENTIFIED,0.2835448606468645,2.0,14,0.1732032464653259,1,O01691,R046,FINE_DINING,2024-03-17 01:12:00
30.366970841815046,15,3.0,10,1,147,0.47069918761222673,CAFE,2.6189910336437396,0.5555555555555556,18,ANONYMOUS,0.8204990290982429,2.0,22,0.07466120605993738,0,O01692,R061,BREAKFAST,2024-03-17 02:16:48
33.38478478506466,16,1.5,14,6,116,0.47267287855168805,CATERING,4.455128624198876,0.4117647058823529,17,IDENTIFIED,0.0881392447872478,2.0,11,0.01,1,O01693,R073,HEALTHY,2024-03-17 03:21:36
41.067977300953615,29,3.0,19,0,166,0.5056921129352027,FOOD_TRUCK,3.4481366569876384,0.8823529411764706,17,ANONYMOUS,0.3359232978233866,2.0,37,0.18942582482047418,0,O01694,R033,STREET_FOOD,2024-03-17 04:26:24
44.6609170535432,14,0.5,21,5,195,0.33010867115088544,RESTAURANT,4.977906180478754,0.4583333333333333,24,IDENTIFIED,0.13935032049535123,2.0,19,0.09086752275286818,1,O01695,R008,FINE_DINING,2024-03-17 05:31:12
35.035981990796216,22,3.0,9,3,45,0.5226022163493532,BAKERY,4.2831476657189995,0.25,20,IDENTIFIED,0.03659521753064621,2.0,61,0.24254352320987005,0,O01696,R005,BREAKFAST,2024-03-17 06:36:00
24.64129612549631,30,3.0,21,5,183,0.419052177551175,RESTAURANT,5.0,0.35294117647058826,17,ANONYMOUS,0.13619033758305735,2.0,88,0.11740326407092792,0,O01697,R071,SUSHI,2024-03-17 07:40:48
49.042545392631304,24,1.5,14,5,112,0.613749982698995,CAFE,4.173402459689542,0.5238095238095238,21,ANONYMOUS,0.14823836199143176,2.0,79,0.24782776329725134,0,O01698,R013,DESSERT,2024-03-17 08:45:36
39.81601460120186,27,4.0,12,6,191,0.5838743879101762,BAKERY,3.330716157192649,0.46153846153846156,13,IDENTIFIED,0.6844642085961941,2.0,34,0.20872961342566654,0,O01699,R059,DESSERT,2024-03-17 09:50:24
43.06065917452795,25,3.0,8,2,176,0.6395421093373225,CAFE,4.173402459689542,0.5,22,ANONYMOUS,0.0,2.0,27,0.05954270694084339,1,O01700,R013,CAFE,2024-03-17 10:55:12
47.7164408601314,12,6.0,12,6,142,0.5641125652661945,FAST_FOOD,3.6534868804950746,0.25,16,IDENTIFIED,0.5255383787282324,2.0,37,0.22276307367691595,0,O01701,R068,BURGER,2024-03-17 12:00:00
37.96180169301107,13,2.0,19,5,164,0.20608088246684536,RESTAURANT,3.3528823975793207,0.6666666666666666,24,IDENTIFIED,0.11497867708296927,2.0,14,0.13950728678279958,1,O01702,R037,FINE_DINING,2024-03-17 13:04:48
60.606584860274886,14,3.0,14,3,95,0.49265242778507234,FAST_FOOD,4.138788682416522,0.2962962962962963,27,IDENTIFIED,0.26356435786478666,2.0,19,0.027184610892062477,0,O01703,R009,BURGER,2024-03-17 14:09:36
31.98275840748893,27,5.0,21,5,184,0.21062263945385332,CATERING,4.051226380656576,0.5294117647058824,17,ANONYMOUS,0.09393286942827886,2.0,22,0.1060251113911658,1,O01704,R021,FINE_DINING,2024-03-17 15:14:24
25.628800553348178,5,3.0,20,4,186,0.34605758453287355,RESTAURANT,3.3528823975793207,0.68,25,IDENTIFIED,0.4723418050896677,2.0,12,0.1457806041221184,0,O01705,R037,FINE_DINING,2024-03-17 16:19:12
41.81762059318656,27,2.0,12,3,69,0.5980026841460296,FAST_FOOD,3.2572286068644694,0.7333333333333333,15,IDENTIFIED,0.2390415155545248,2.0,19,0.13791392574967853,1,O01706,R066,FAST_FOOD,2024-03-17 17:24:00
35.08301006909034,27,3.0,12,0,139,0.5387683550883515,BAKERY,4.408458790532939,0.8333333333333334,12,IDENTIFIED,0.21289685200054442,2.0,42,0.11510538872430817,1,O01707,R047,DESSERT,2024-03-17 18:28:48
45.72033986995816,9,2.0,12,4,100,0.573657878892749,BAKERY,3.237076379057974,0.43478260869565216,23,IDENTIFIED,0.5230950628039839,2.0,25,0.1485230688024169,0,O01708,R031,DESSERT,2024-03-17 19:33:36
63.09309931032057,6,4.0,8,5,183,0.5330249443361591,CAFE,4.027925188301798,0.5789473684210527,19,IDENTIFIED,0.1169623005083163,2.0,15,0.07627565977951524,0,O01709,R036,BRUNCH,2024-03-17 20:38:24
41.61991415556722,27,5.0,11,5,161,0.49791688230070513,FOOD_TRUCK,4.057130138238625,0.43478260869565216,23,IDENTIFIED,0.5864073729771425,2.0,75,0.17627468986716252,0,O01710,R004,STREET_FOOD,2024-03-17 21:43:12
36.201379909274706,28,1.0,21,0,95,0.5228419997939073,CATERING,4.045339710815144,0.4090909090909091,22,IDENTIFIED,0.21661129835214493,2.0,22,0.14813697211932503,1,O01711,R044,GRILL,2024-03-17 22:48:00
65.2178061707548,14,2.0,14,1,15,0.6104190249435373,BAKERY,3.8497693798953305,0.375,24,ANONYMOUS,0.23914969474672534,2.0,48,0.11447106720917102,0,O01712,R058,BAKERY,2024-03-17 23:52:48
56.979558008918815,7,1.5,12,6,169,0.5492665163877031,FOOD_TRUCK,3.473217524366763,0.42857142857142855,21,ANONYMOUS,0.12746837739691527,2.0,14,0.1263743423216097,0,O01713,R029,SANDWICH,2024-03-18 00:57:36
65.11601952360132,18,3.0,14,4,95,0.49963650758681205,FAST_FOOD,3.346535331369818,0.30434782608695654,23,IDENTIFIED,0.0,2.0,12,0.233489921476298,1,O01714,R010,SANDWICH,2024-03-18 02:02:24
46.20664117836276,26,3.0,12,5,15,0.5216528384542584,RESTAURANT,3.0725152132050786,0.625,24,IDENTIFIED,0.27704749730621847,2.0,35,0.01,1,O01715,R025,SALAD,2024-03-18 03:07:12
42.5891581930826,12,4.0,19,0,89,0.3901276644798067,CATERING,3.9572043767813985,0.625,16,IDENTIFIED,0.31001559998122696,2.0,23,0.05490138426310946,1,O01716,R046,PASTA,2024-03-18 04:12:00
42.188083916569035,13,3.0,14,1,106,0.5594309509955372,FAST_FOOD,4.572960003829547,0.21052631578947367,19,IDENTIFIED,0.3251941046296095,2.0,20,0.05859859325075403,1,O01717,R050,SANDWICH,2024-03-18 05:16:48
42.60531336301208,15,1.5,21,0,164,0.3271998325267379,RESTAURANT,3.3803185346678775,0.7058823529411765,17,IDENTIFIED,0.09883317826556642,2.0,11,0.058247063861355114,1,O01718,R072,SEAFOOD,2024-03-18 06:21:36
38.42851026391131,14,3.0,12,5,68,0.4839059635171781,CATERING,3.797182973303961,0.72,25,IDENTIFIED,0.4302297673087034,2.0,41,0.27829534199277617,0,O01719,R051,HEALTHY,2024-03-18 07:26:24
21.01476474544166,17,2.0,8,0,137,0.5649499936827571,BAKERY,3.8497693798953305,0.36,25,IDENTIFIED,0.22786002649373852,2.0,8,0.01,1,O01720,R058,BREAKFAST,2024-03-18 08:31:12
66.41181928361264,7,6.0,10,1,85,0.5948225080652433,CAFE,3.9450444623960856,0.5238095238095238,21,IDENTIFIED,0.8092666994100903,2.0,15,0.22519705993114755,0,O01721,R075,CAFE,2024-03-18 09:36:00
57.68666552380001,28,5.0,12,0,199,0.5589678723750422,FAST_FOOD,4.303746398295807,0.2631578947368421,19,ANONYMOUS,0.0038159303744936812,2.0,30,0.14301142873484082,1,O01722,R054,FAST_FOOD,2024-03-18 10:40:48
44.98603207629241,22,2.0,12,4,52,0.46469840496558157,RESTAURANT,3.661412441986213,0.5909090909090909,22,IDENTIFIED,0.23545519083064773,2.0,22,0.08323984913420988,1,O01723,R076,HEALTHY,2024-03-18 11:45:36
18.275977047539566,24,5.0,9,1,114,0.5187846838974425,CAFE,2.6189910336437396,0.5263157894736842,19,IDENTIFIED,0.2987440732029325,2.0,35,0.13987125083245508,1,O01724,R061,BREAKFAST,2024-03-18 12:50:24
46.159475493491314,14,3.0,8,4,16,0.5420371335362761,BAKERY,3.7481555951610934,0.13636363636363635,22,ANONYMOUS,0.6510114504570186,2.0,30,0.23138838108070456,0,O01725,R063,BREAKFAST,2024-03-18 13:55:12
22.232894519460892,7,2.0,12,2,120,0.5407865259305922,FAST_FOOD,3.346535331369818,0.3333333333333333,24,IDENTIFIED,0.2775442394340089,2.0,14,0.0925190990343783,0,O01726,R010,PIZZA,2024-03-18 15:00:00
15.0,9,4.0,13,6,66,0.5385826954109126,CAFE,2.6189910336437396,0.55,20,ANONYMOUS,0.5319888873823087,2.0,27,0.13901741573552123,0,O01727,R061,SANDWICH,2024-03-18 16:04:48
48.50989942962542,23,4.0,20,3,154,0.2649431107815794,CATERING,3.3362233513389206,0.68,25,IDENTIFIED,0.44556292327548164,2.0,70,0.1580675287358718,0,O01728,R053,FINE_DINING,2024-03-18 17:09:36
47.56267762621009,17,1.5,20,2,159,0.3958167197767532,FOOD_TRUCK,4.259311185253018,0.55,20,ANONYMOUS,0.6471064159081695,2.0,46,0.1255551077306962,0,O01729,R032,BBQ,2024-03-18 18:14:24
58.54087884861717,17,5.0,21,3,104,0.45607377836356977,CATERING,4.455128624198876,0.4444444444444444,18,ANONYMOUS,0.33213355944733536,2.0,21,0.01,0,O01730,R073,GRILL,2024-03-18 19:19:12
35.91903649291207,16,1.5,21,0,192,0.42848264871155906,FOOD_TRUCK,4.06441066239825,0.32,25,IDENTIFIED,0.15008654578398214,2.0,20,0.04966186520610809,1,O01731,R023,BBQ,2024-03-18 20:24:00
44.416040467281945,11,6.0,19,4,30,0.3071882124523744,CATERING,4.386289126933204,0.3157894736842105,19,IDENTIFIED,0.19105978345505253,2.0,12,0.07341418863000009,1,O01732,R038,FINE_DINING,2024-03-18 21:28:48
61.97438554430095,20,6.0,19,3,118,0.39190215515976823,RESTAURANT,3.648671761825324,0.6129032258064516,31,IDENTIFIED,0.0,2.0,12,0.08906976285845242,1,O01733,R015,SEAFOOD,2024-03-18 22:33:36
38.40871325623609,15,0.5,12,1,16,0.4920750093320726,CAFE,2.8338030196367794,0.56,25,IDENTIFIED,0.3370183620933734,2.0,18,0.01,1,O01734,R078,SANDWICH,2024-03-18 23:38:24
25.500831541300908,29,2.0,19,4,102,0.3822589983636403,RESTAURANT,3.0725152132050786,0.64,25,IDENTIFIED,0.10320651428096636,2.0,45,0.04365997689823696,1,O01735,R025,PASTA,2024-03-19 00:43:12
36.28913185096928,30,3.0,13,2,174,0.5196655249862586,CAFE,3.2865102759945675,0.44,25,IDENTIFIED,0.19597006059086983,2.0,36,0.1315462659620748,0,O01736,R027,SANDWICH,2024-03-19 01:48:00
35.99791677744148,22,1.5,12,4,146,0.5461113029516471,FOOD_TRUCK,5.0,0.35,20,ANONYMOUS,0.3469492404933143,2.0,45,0.14438531907273436,0,O01737,R062,BURGER,2024-03-19 02:52:48
54.52092758045649,31,5.0,21,3,36,0.3834436940049215,CATERING,3.155638354146062,0.55,20,ANONYMOUS,0.3637484466610881,2.0,30,0.01,1,O01738,R065,PASTA,2024-03-19 03:57:36
28.638481158683653,30,1.5,21,6,83,0.4759017447445754,CATERING,3.9572043767813985,0.6470588235294118,17,IDENTIFIED,0.19459768143608136,2.0,41,0.09948975492452597,1,O01739,R046,PASTA,2024-03-19 05:02:24
63.49353329010417,24,3.0,12,1,157,0.595759273547241,FOOD_TRUCK,3.1265420325537248,0.48148148148148145,27,ANONYMOUS,0.7735329444791867,2.0,68,0.11093918204849194,0,O01740,R048,FAST_FOOD,2024-03-19 06:07:12
44.043737321715206,31,4.0,14,0,158,0.5544687847126198,FAST_FOOD,3.5671859283757152,0.5882352941176471,17,IDENTIFIED,0.0809579435311819,2.0,37,0.01,1,O01741,R024,FAST_FOOD,2024-03-19 07:12:00
63.561898669167775,25,3.0,13,4,147,0.5681406701311198,BAKERY,4.408458790532939,0.8461538461538461,13,IDENTIFIED,0.033564738985514875,2.0,55,0.02838878952609379,0,O01742,R047,DESSERT,2024-03-19 08:16:48
33.418375849933604,10,4.0,21,0,162,0.4459312049158016,CATERING,4.095963490352159,0.5217391304347826,23,IDENTIFIED,0.0,2.0,10,0.21086602629187567,1,O01743,R056,GRILL,2024-03-19 09:21:36
36.629800366707975,26,6.0,19,5,122,0.36129846045944214,RESTAURANT,4.275105407534004,0.5909090909090909,22,IDENTIFIED,0.027275870232167432,2.0,51,0.01,1,O01744,R079,SEAFOOD,2024-03-19 10:26:24
47.07847082597358,10,1.5,21,2,30,0.49177831495338886,CATERING,3.593114160823445,0.56,25,ANONYMOUS,0.3508755080936471,2.0,4,0.08219046125289355,1,O01745,R067,GRILL,2024-03-19 11:31:12
56.98864309333268,16,2.0,13,2,36,0.5842248181389524,FOOD_TRUCK,4.259311185253018,0.5238095238095238,21,IDENTIFIED,0.29999156454665704,2.0,35,0.08121590046653142,0,O01746,R032,SANDWICH,2024-03-19 12:36:00
52.19993956570518,6,2.0,9,2,119,0.5688935796502793,BAKERY,4.2831476657189995,0.23809523809523808,21,ANONYMOUS,0.25902617330444666,2.0,9,0.23434021873024408,0,O01747,R005,BREAKFAST,2024-03-19 13:40:48
40.73697935746004,14,4.0,8,1,140,0.580535953563803,CAFE,2.8338030196367794,0.5769230769230769,26,IDENTIFIED,0.2002509060464483,2.0,5,0.05818951011218457,1,O01748,R078,CAFE,2024-03-19 14:45:36
37.78540082185998,25,2.0,13,3,81,0.6106222912203909,BAKERY,3.330716157192649,0.42857142857142855,14,IDENTIFIED,0.2991776916000333,2.0,62,0.20067864935688354,1,O01749,R059,DESSERT,2024-03-19 15:50:24
53.27318964002427,5,3.0,19,4,179,0.4249900341034731,FOOD_TRUCK,4.259311185253018,0.5,22,IDENTIFIED,0.047150502396960614,2.0,7,0.10680180668924799,1,O01750,R032,BBQ,2024-03-19 16:55:12
50.4821359555371,15,1.0,12,3,94,0.550083561227838,FAST_FOOD,3.346535331369818,0.32,25,IDENTIFIED,0.4000488091770377,2.0,33,0.1060722615599586,0,O01751,R010,BURGER,2024-03-19 18:00:00
36.04296799828639,8,5.0,20,0,137,0.46173443776108847,CATERING,3.8498216987959597,0.6666666666666666,21,IDENTIFIED,0.5989511598553223,2.0,23,0.26812363875084316,0,O01752,R052,GRILL,2024-03-19 19:04:48
24.6942382488826,24,1.5,12,0,92,0.48292875812279085,CATERING,3.1558426563006043,0.6666666666666666,21,IDENTIFIED,0.022015741866419372,2.0,7,0.16642493088008187,1,O01753,R011,HEALTHY,2024-03-19 20:09:36
22.28771713881771,12,0.5,21,6,66,0.5313520983674226,CATERING,3.8498216987959597,0.6363636363636364,22,ANONYMOUS,0.008672553415516746,2.0,22,0.11309995134480555,1,O01754,R052,GRILL,2024-03-19 21:14:24
38.85638061549177,31,1.5,13,5,110,0.5606397954510514,FAST_FOOD,3.2572286068644694,0.75,16,IDENTIFIED,0.7546715625853739,2.0,87,0.15474704529634015,0,O01755,R066,FAST_FOOD,2024-03-19 22:19:12
45.53730497242276,31,4.0,21,1,140,0.4223094548463552,CATERING,4.149333020747922,0.5555555555555556,9,IDENTIFIED,0.35722227628921177,2.0,44,0.24071245514526557,0,O01756,R034,GRILL,2024-03-19 23:24:00
73.58537543926708,16,1.5,19,3,110,0.4805018890626774,CATERING,3.593114160823445,0.5769230769230769,26,IDENTIFIED,0.07777504658213018,2.0,26,0.01,1,O01757,R067,PASTA,2024-03-20 00:28:48
34.41903059783202,12,2.0,18,6,129,0.5129209690246005,FAST_FOOD,3.6534868804950746,0.23529411764705882,17,IDENTIFIED,0.34029799969941227,2.0,21,0.06398506580155432,1,O01758,R068,STREET_FOOD,2024-03-20 01:33:36
53.36103971379664,31,3.0,20,0,167,0.2909331664481459,CATERING,4.455128624198876,0.42105263157894735,19,IDENTIFIED,0.32489888957902013,2.0,105,0.2865602628044586,0,O01759,R073,FINE_DINING,2024-03-20 02:38:24
39.74420918606644,11,2.0,13,2,31,0.5700440036738367,FAST_FOOD,3.346535331369818,0.3076923076923077,26,IDENTIFIED,0.1704869217964195,2.0,17,0.05613070308776375,1,O01760,R010,BURGER,2024-03-20 03:43:12
45.89174679450108,30,5.0,16,0,178,0.49111463769722097,FOOD_TRUCK,3.1265420325537248,0.4642857142857143,28,IDENTIFIED,0.42705618621132735,2.0,89,0.1815511264995784,0,O01761,R048,STREET_FOOD,2024-03-20 04:48:00
37.91696513923935,30,1.0,20,0,26,0.43317927587021193,FOOD_TRUCK,5.0,0.3333333333333333,21,IDENTIFIED,0.13666969905731524,2.0,53,0.01,1,O01762,R062,BBQ,2024-03-20 05:52:48
27.089781376788295,9,1.0,12,2,156,0.7030585300050165,BAKERY,3.972432616097607,0.21428571428571427,14,ANONYMOUS,0.16797187720188178,2.0,27,0.1368539319854688,0,O01763,R035,BAKERY,2024-03-20 06:57:36
71.69947295446826,8,2.0,20,3,155,0.4692919979991385,CATERING,3.3362233513389206,0.6538461538461539,26,ANONYMOUS,0.5457629138764328,2.0,18,0.2042110167064233,0,O01764,R053,PASTA,2024-03-20 08:02:24
53.87347406255559,24,3.0,19,5,99,0.447088669766973,RESTAURANT,3.648671761825324,0.625,32,IDENTIFIED,0.44034874145552866,2.0,7,0.1388977918467045,1,O01765,R015,GRILL,2024-03-20 09:07:12
44.27982450723021,23,2.0,20,1,95,0.2797596722429404,RESTAURANT,4.2836688861745555,0.4642857142857143,28,ANONYMOUS,0.21554173459917966,2.0,36,0.1743916442591133,1,O01766,R003,FINE_DINING,2024-03-20 10:12:00
38.75260308049364,9,3.0,20,3,194,0.42807077677327116,CATERING,4.455128624198876,0.4,20,IDENTIFIED,0.31184312864090524,2.0,7,0.01,1,O01767,R073,PASTA,2024-03-20 11:16:48
35.274142005245736,19,4.0,12,0,127,0.6180601408050552,BAKERY,3.8497693798953305,0.38461538461538464,26,IDENTIFIED,0.5903923668595469,2.0,25,0.056761789251416006,0,O01768,R058,DESSERT,2024-03-20 12:21:36
41.400403340010286,24,2.0,14,1,146,0.5541575372272246,FOOD_TRUCK,4.06441066239825,0.34615384615384615,26,IDENTIFIED,0.0696601681993098,2.0,45,0.01,1,O01769,R023,BURGER,2024-03-20 13:26:24
34.26882000679036,9,2.0,21,3,99,0.38108939117349255,CATERING,4.386289126933204,0.35,20,ANONYMOUS,0.0,2.0,17,0.047863056053263776,1,O01770,R038,GRILL,2024-03-20 14:31:12
47.368770273556834,29,1.5,12,1,72,0.49343693888962004,CATERING,4.051226380656576,0.5555555555555556,18,ANONYMOUS,0.26808541791614504,2.0,46,0.057281967715080595,1,O01771,R021,HEALTHY,2024-03-20 15:36:00
45.889298717692206,10,3.0,21,6,198,0.42181144854404606,RESTAURANT,3.676877650715725,0.5416666666666666,24,IDENTIFIED,0.4911909579068437,2.0,31,0.01,0,O01772,R057,SUSHI,2024-03-20 16:40:48
33.590510276276234,31,0.5,14,6,135,0.5606917694743021,CAFE,3.9450444623960856,0.5,22,IDENTIFIED,0.564490767726231,2.0,51,0.056093262768105376,1,O01773,R075,SANDWICH,2024-03-20 17:45:36
33.7323066696116,16,1.0,14,1,115,0.5163433980420777,RESTAURANT,3.648671761825324,0.6363636363636364,33,IDENTIFIED,0.7630088478517159,2.0,47,0.17074369892906016,0,O01774,R015,HEALTHY,2024-03-20 18:50:24
34.592086397556216,5,4.0,19,5,60,0.3409222658769562,CATERING,3.3362233513389206,0.6296296296296297,27,IDENTIFIED,0.0,2.0,1,0.059976873187102125,1,O01775,R053,FINE_DINING,2024-03-20 19:55:12
34.46658339281344,31,3.0,21,2,169,0.37859981246203855,RESTAURANT,4.19117461888607,0.782608695652174,23,ANONYMOUS,0.2932071411104848,2.0,60,0.1959456879993401,1,O01776,R017,PASTA,2024-03-20 21:00:00
36.50302590949921,28,1.5,13,0,165,0.5991337401985041,BAKERY,3.7012644326945696,0.391304347826087,23,IDENTIFIED,0.20834218982336214,2.0,18,0.1327196764584256,1,O01777,R049,DESSERT,2024-03-20 22:04:48
36.58002433892568,11,3.0,21,2,39,0.3239867669756428,RESTAURANT,3.3528823975793207,0.6538461538461539,26,IDENTIFIED,0.394889908509623,2.0,23,0.03077038689165948,0,O01778,R037,SUSHI,2024-03-20 23:09:36
35.831984884394515,27,1.0,14,6,193,0.6354116632407044,BAKERY,3.7012644326945696,0.4166666666666667,24,IDENTIFIED,0.6338199382953721,2.0,80,0.18205778248790686,0,O01779,R049,BAKERY,2024-03-21 00:14:24
40.0897987679682,14,4.0,19,5,17,0.389794956967337,CATERING,4.045339710815144,0.43478260869565216,23,ANONYMOUS,0.08218800623823008,2.0,21,0.2084698496863211,0,O01780,R044,PASTA,2024-03-21 01:19:12
44.51908428483747,31,3.0,13,0,128,0.6544157168622663,FAST_FOOD,3.6534868804950746,0.2777777777777778,18,IDENTIFIED,0.3067956308635086,2.0,47,0.1240307173341689,1,O01781,R068,FAST_FOOD,2024-03-21 02:24:00
57.850840793406235,5,1.0,13,6,36,0.5322122988488781,FAST_FOOD,3.2572286068644694,0.7058823529411765,17,IDENTIFIED,0.07314050879520728,2.0,9,0.11084262239095209,0,O01782,R066,STREET_FOOD,2024-03-21 03:28:48
30.160576500651192,23,2.0,19,5,16,0.40624972724984343,CATERING,4.011723031358224,0.7333333333333333,15,ANONYMOUS,0.11249922679258689,2.0,49,0.15312052484385447,0,O01783,R043,PASTA,2024-03-21 04:33:36
35.37283835355502,21,3.0,13,1,100,0.5348687384743472,FAST_FOOD,4.572960003829547,0.25,20,IDENTIFIED,0.6014114672003866,2.0,70,0.25204194324913537,0,O01784,R050,SANDWICH,2024-03-21 05:38:24
28.25285044778959,14,3.0,9,2,191,0.6035859131656669,CAFE,3.148280928470636,0.5454545454545454,22,IDENTIFIED,0.6286393600700669,2.0,18,0.12314134593736506,0,O01785,R041,BREAKFAST,2024-03-21 06:43:12
42.836186560978454,30,0.5,12,0,146,0.5991528312386556,FAST_FOOD,3.5671859283757152,0.6111111111111112,18,IDENTIFIED,0.02001950627095389,2.0,42,0.17095826582312795,0,O01786,R024,BURGER,2024-03-21 07:48:00
29.338080039275425,29,3.0,8,3,40,0.59524877094281,CAFE,2.8338030196367794,0.5925925925925926,27,IDENTIFIED,0.07600982646988505,2.0,57,0.04086797148476799,1,O01787,R078,CAFE,2024-03-21 08:52:48
56.80773041632871,26,2.0,20,2,136,0.2821563818595245,CATERING,3.9572043767813985,0.6666666666666666,18,IDENTIFIED,0.337818917151496,2.0,50,0.040447049927254244,0,O01788,R046,FINE_DINING,2024-03-21 09:57:36
48.66656635400062,25,2.0,14,6,206,0.5174013781099169,FOOD_TRUCK,3.1265420325537248,0.4482758620689655,29,IDENTIFIED,0.3808249521962994,2.0,39,0.020314838285173255,1,O01789,R048,SANDWICH,2024-03-21 11:02:24
59.44563576887593,9,5.0,14,6,41,0.5224821470474978,FOOD_TRUCK,4.068682803097095,0.2777777777777778,18,ANONYMOUS,0.3883219115651515,2.0,29,0.04391199225247264,0,O01790,R055,BURGER,2024-03-21 12:07:12
59.000269560053155,6,1.5,13,3,157,0.6822049408564139,BAKERY,4.212748157693551,0.391304347826087,23,ANONYMOUS,0.0,2.0,8,0.16296572979254254,0,O01791,R001,BAKERY,2024-03-21 13:12:00
32.393898138795635,31,3.0,19,3,86,0.25571184621548687,CATERING,3.8498216987959597,0.6521739130434783,23,ANONYMOUS,0.1553343508798824,2.0,25,0.22996892674546848,1,O01792,R052,FINE_DINING,2024-03-21 14:16:48
32.37036913213992,19,2.0,19,4,29,0.4076333194506522,RESTAURANT,2.8789243804126032,0.42857142857142855,28,ANONYMOUS,0.7377724193081248,2.0,48,0.18009412467032743,0,O01793,R039,SUSHI,2024-03-21 15:21:36
42.064209307883004,17,2.0,13,6,185,0.6393208127546278,BAKERY,4.262169475601567,0.375,24,IDENTIFIED,0.6467010329781246,2.0,50,0.13366001254175144,1,O01794,R028,BAKERY,2024-03-21 16:26:24
67.16418963636853,20,5.0,20,0,157,0.4291947392536314,RESTAURANT,3.676877650715725,0.52,25,ANONYMOUS,0.38187625495853084,2.0,10,0.12347452092010264,1,O01795,R057,SUSHI,2024-03-21 17:31:12
51.89205231441779,22,5.0,20,1,42,0.48187419375906526,CATERING,4.051226380656576,0.5789473684210527,19,IDENTIFIED,0.0,2.0,18,0.09478114380589037,1,O01796,R021,PASTA,2024-03-21 18:36:00
42.739706482082326,15,5.0,12,0,18,0.4810665821822512,CATERING,4.051226380656576,0.6,20,IDENTIFIED,0.6626013589472589,2.0,44,0.08566341204870066,0,O01797,R021,HEALTHY,2024-03-21 19:40:48
42.48368779647311,8,1.0,12,3,73,0.5181158493380715,FAST_FOOD,4.303746398295807,0.3,20,ANONYMOUS,0.3535056497727366,2.0,20,0.21391112842656318,1,O01798,R054,FAST_FOOD,2024-03-21 20:45:36
47.85421225881713,8,3.0,19,2,143,0.3578055483552735,CATERING,3.797182973303961,0.6923076923076923,26,IDENTIFIED,0.204426318595432,2.0,25,0.21405507459681988,0,O01799,R051,PASTA,2024-03-21 21:50:24
42.12775031699758,16,2.0,13,3,131,0.5548809696480947,CAFE,3.8949233547471653,0.4117647058823529,17,IDENTIFIED,0.4151866877035907,2.0,10,0.07308518856914863,1,O01800,R045,SANDWICH,2024-03-21 22:55:12
58.525934122292576,25,1.5,14,5,186,0.6425645846367833,BAKERY,3.330716157192649,0.4,15,IDENTIFIED,0.22178430650041298,2.0,53,0.11320847023264542,0,O01801,R059,DESSERT,2024-03-22 00:00:00
29.712518086217834,9,1.5,10,2,94,0.6082908866111905,CAFE,3.9450444623960856,0.5217391304347826,23,IDENTIFIED,0.5608500175369282,2.0,25,0.21164404241044749,0,O01802,R075,CAFE,2024-03-22 01:04:48
22.991515258680096,31,6.0,15,6,19,0.5197075403405047,FAST_FOOD,3.5671859283757152,0.5789473684210527,19,ANONYMOUS,0.2983389252135157,2.0,78,0.10897507617733625,0,O01803,R024,STREET_FOOD,2024-03-22 02:09:36
20.973935774294677,22,4.0,20,0,94,0.43147334126691417,CATERING,4.455128624198876,0.42857142857142855,21,IDENTIFIED,0.3099114032922753,2.0,7,0.06697802029064052,1,O01804,R073,PASTA,2024-03-22 03:14:24
28.21111975689699,21,2.0,9,4,58,0.5278707006250359,BAKERY,4.262169475601567,0.36,25,IDENTIFIED,0.35033936011213507,2.0,12,0.03574280949250866,1,O01805,R028,BREAKFAST,2024-03-22 04:19:12
47.48791047372387,25,3.0,13,0,88,0.5596849073041404,FOOD_TRUCK,4.06441066239825,0.37037037037037035,27,ANONYMOUS,0.15247517790204734,2.0,53,0.28051868311117695,0,O01806,R023,BURGER,2024-03-22 05:24:00
32.45900624185083,20,3.0,10,4,125,0.5070683483643715,CAFE,3.091917580299283,0.3225806451612903,31,IDENTIFIED,0.35529979992410204,2.0,37,0.28105624679941965,0,O01807,R064,BRUNCH,2024-03-22 06:28:48
46.62639266640523,26,4.0,14,1,151,0.4244385948350322,CATERING,3.797182973303961,0.6666666666666666,27,IDENTIFIED,0.20466596326045078,2.0,15,0.09062406171736201,1,O01808,R051,HEALTHY,2024-03-22 07:33:36
38.048819538487614,9,6.0,12,3,73,0.5591140068320238,FOOD_TRUCK,4.06441066239825,0.35714285714285715,28,IDENTIFIED,0.15319471256274922,2.0,12,0.057374104176864435,0,O01809,R023,BURGER,2024-03-22 08:38:24
37.079500168830286,27,2.0,19,3,150,0.3266040278088495,CATERING,3.8498216987959597,0.6666666666666666,24,ANONYMOUS,0.866434028257272,2.0,61,0.16314109102804888,0,O01810,R052,FINE_DINING,2024-03-22 09:43:12
55.409461047566,16,1.0,13,2,77,0.4983523515836053,FAST_FOOD,3.5671859283757152,0.55,20,IDENTIFIED,0.3009321309894948,2.0,28,0.04720220735684648,1,O01811,R024,PIZZA,2024-03-22 10:48:00
52.059836371475576,26,3.0,19,5,79,0.2867049343267135,CATERING,4.045339710815144,0.4166666666666667,24,ANONYMOUS,0.11885593679288525,2.0,25,0.10543090297024045,1,O01812,R044,FINE_DINING,2024-03-22 11:52:48
41.174787758206406,20,1.0,21,2,29,0.3884185015630419,RESTAURANT,3.676877650715725,0.5384615384615384,26,ANONYMOUS,0.4802647932128293,2.0,25,0.21825317850093673,0,O01813,R057,PASTA,2024-03-22 12:57:36
46.77002215994197,12,3.0,13,4,203,0.6265035904655123,BAKERY,3.9279719162450872,0.4117647058823529,17,ANONYMOUS,0.4053750400735894,2.0,24,0.1170091069642065,0,O01814,R030,DESSERT,2024-03-22 14:02:24
46.268189040991196,12,2.0,20,1,153,0.44671123250656947,CATERING,3.593114160823445,0.5925925925925926,27,IDENTIFIED,0.44963000099468997,2.0,24,0.2109268448973995,0,O01815,R067,PASTA,2024-03-22 15:07:12
41.11481409764625,14,0.5,12,5,86,0.48132582880693514,CATERING,3.9572043767813985,0.631578947368421,19,ANONYMOUS,0.5305073372341578,2.0,35,0.2340260101061306,0,O01816,R046,HEALTHY,2024-03-22 16:12:00
51.135622664438074,9,3.0,20,6,138,0.4451540743482135,CATERING,3.8498216987959597,0.64,25,IDENTIFIED,0.6916218917053834,2.0,11,0.2156554887247992,0,O01817,R052,GRILL,2024-03-22 17:16:48
44.30360777556579,26,3.0,12,5,15,0.505475143958295,FAST_FOOD,4.310091164856999,0.5,24,IDENTIFIED,0.09134978406527419,2.0,9,0.1485571578080664,1,O01818,R074,PIZZA,2024-03-22 18:21:36
41.96514610359648,15,2.0,21,3,99,0.44975662429563484,CATERING,3.797182973303961,0.6785714285714286,28,IDENTIFIED,0.2357614692978792,2.0,18,0.15939422032303155,0,O01819,R051,GRILL,2024-03-22 19:26:24
35.27008077565297,25,4.0,13,6,156,0.5393358799227967,CAFE,2.6189910336437396,0.5238095238095238,21,ANONYMOUS,0.8974781513320227,2.0,41,0.08776052821589697,0,O01820,R061,SANDWICH,2024-03-22 20:31:12
16.593299375161017,10,3.0,13,5,208,0.5195217276453103,CATERING,3.8498216987959597,0.6153846153846154,26,ANONYMOUS,0.6858598247181121,2.0,26,0.24802544508700336,0,O01821,R052,HEALTHY,2024-03-22 21:36:00
48.34477606047635,13,1.5,12,3,106,0.5870215148359669,CAFE,4.173402459689542,0.5217391304347826,23,IDENTIFIED,0.163318632925995,2.0,6,0.12983504871653778,1,O01822,R013,DESSERT,2024-03-22 22:40:48
43.860969196814644,24,5.0,8,6,59,0.5090167624641696,CAFE,3.8703122217420067,0.47619047619047616,21,IDENTIFIED,0.4418580077420504,2.0,37,0.18092908211859787,1,O01823,R002,CAFE,2024-03-22 23:45:36
66.02412037488509,29,2.0,13,1,66,0.5643233095237838,FOOD_TRUCK,3.473217524366763,0.4090909090909091,22,ANONYMOUS,0.027393406423149358,2.0,73,0.15237022752869292,0,O01824,R029,BURGER,2024-03-23 00:50:24
43.71774143429414,6,4.0,13,3,118,0.5264472426614899,FOOD_TRUCK,2.9985642990793835,0.5789473684210527,19,IDENTIFIED,0.3904114296634714,2.0,17,0.25735747983817076,0,O01825,R014,FAST_FOOD,2024-03-23 01:55:12
53.219006252131095,5,1.5,10,0,124,0.46561098376813603,CAFE,3.2865102759945675,0.4230769230769231,26,ANONYMOUS,0.33051369886963017,2.0,7,0.15926796331476312,0,O01826,R027,BRUNCH,2024-03-23 03:00:00
31.498679561058907,15,2.0,19,2,125,0.49551964563939543,FAST_FOOD,3.973582751974687,0.3888888888888889,18,ANONYMOUS,0.6759601347196095,2.0,38,0.24031205306046,0,O01827,R060,STREET_FOOD,2024-03-23 04:04:48
22.204446539653247,17,1.5,8,4,197,0.47333833543662396,CAFE,2.8338030196367794,0.6071428571428571,28,IDENTIFIED,0.07044389622307332,2.0,9,0.10081129721716205,1,O01828,R078,BRUNCH,2024-03-23 05:09:36
48.266567619084356,16,2.0,12,4,197,0.48551487685980765,CATERING,3.593114160823445,0.5714285714285714,28,IDENTIFIED,0.4244068126794421,2.0,45,0.10443555105808985,0,O01829,R067,HEALTHY,2024-03-23 06:14:24
32.080676322338746,18,4.0,16,2,75,0.5034885631417977,FAST_FOOD,2.874421625611307,0.3333333333333333,27,IDENTIFIED,0.33945445501476756,2.0,34,0.12791333781293235,0,O01830,R016,STREET_FOOD,2024-03-23 07:19:12
22.564372950574235,10,6.0,14,5,79,0.46969530245926083,CATERING,3.1558426563006043,0.6818181818181818,22,ANONYMOUS,0.5023376697656552,2.0,7,0.07191293169612671,1,O01831,R011,HEALTHY,2024-03-23 08:24:00
47.724041126228165,8,2.0,17,3,85,0.5880542067454253,FAST_FOOD,3.5671859283757152,0.5714285714285714,21,IDENTIFIED,0.35823371772066803,2.0,16,0.13726737483546989,0,O01832,R024,STREET_FOOD,2024-03-23 09:28:48
52.82699919873508,6,0.5,13,1,172,0.5047886702613579,RESTAURANT,3.3803185346678775,0.7222222222222222,18,ANONYMOUS,0.5394484215431906,2.0,20,0.06400214487875755,0,O01833,R072,SALAD,2024-03-23 10:33:36
27.365045516226097,13,1.5,12,2,65,0.5690144226500071,BAKERY,3.972432616097607,0.2,15,IDENTIFIED,0.34606448820709834,2.0,4,0.1502176456558665,1,O01834,R035,DESSERT,2024-03-23 11:38:24
27.954761399888092,11,1.5,12,5,57,0.5363392521955409,CAFE,2.6189910336437396,0.5,22,IDENTIFIED,0.49625079975868236,2.0,28,0.1751334399808107,0,O01835,R061,SANDWICH,2024-03-23 12:43:12
28.645288906880737,21,3.0,10,0,149,0.5455360404799866,CAFE,4.173402459689542,0.5416666666666666,24,IDENTIFIED,0.37053632753920035,2.0,8,0.01,1,O01836,R013,BREAKFAST,2024-03-23 13:48:00
38.84295133792048,21,1.5,19,5,42,0.33685577886097795,RESTAURANT,4.271886734691434,0.34615384615384615,26,IDENTIFIED,0.023620035358768582,2.0,38,0.06076375918544465,1,O01837,R018,SEAFOOD,2024-03-23 14:52:48
36.93136427911624,13,2.0,13,2,121,0.5659578228346218,FOOD_TRUCK,4.057130138238625,0.4166666666666667,24,IDENTIFIED,0.20814465889760664,2.0,17,0.223040606084419,0,O01838,R004,SANDWICH,2024-03-23 15:57:36
60.40626880157126,27,1.0,8,0,168,0.5302243544277706,CAFE,3.148280928470636,0.5217391304347826,23,IDENTIFIED,0.24804508745870354,2.0,18,0.06693333664356285,1,O01839,R041,CAFE,2024-03-23 17:02:24
52.036545844735926,22,1.5,13,1,58,0.4737111485443675,CATERING,4.386289126933204,0.38095238095238093,21,IDENTIFIED,0.0,2.0,22,0.042653704064493696,1,O01840,R038,HEALTHY,2024-03-23 18:07:12
50.94855361493683,20,4.0,14,6,206,0.47644639053810584,CATERING,4.045339710815144,0.44,25,ANONYMOUS,0.036779078084633224,2.0,14,0.02622962114232784,1,O01841,R044,HEALTHY,2024-03-23 19:12:00
43.423381178218605,21,4.0,14,6,74,0.5016820276334059,FOOD_TRUCK,3.800046416200278,0.5,20,IDENTIFIED,0.19496969111433293,2.0,16,0.10460802924304954,1,O01842,R070,BURGER,2024-03-23 20:16:48
52.900829152984656,28,6.0,14,1,155,0.635541868320879,BAKERY,3.237076379057974,0.4166666666666667,24,IDENTIFIED,0.7682828898650551,2.0,47,0.11084078708676635,0,O01843,R031,BAKERY,2024-03-23 21:21:36
36.68523047365336,27,3.0,13,6,207,0.6155749103248965,FAST_FOOD,4.310091164856999,0.52,25,ANONYMOUS,0.0,2.0,72,0.07569392734301411,0,O01844,R074,FAST_FOOD,2024-03-23 22:26:24
45.60710184730224,9,2.0,19,1,190,0.28821695910872935,CATERING,3.2943012426991136,0.6086956521739131,23,IDENTIFIED,0.011299346329759527,2.0,16,0.13060792159985823,1,O01845,R019,FINE_DINING,2024-03-23 23:31:12
46.303984027133936,19,6.0,13,0,107,0.42792771561836557,RESTAURANT,3.0725152132050786,0.6538461538461539,26,ANONYMOUS,0.21419359503543461,2.0,16,0.03433334330060298,1,O01846,R025,HEALTHY,2024-03-24 00:36:00
51.5808926063361,30,0.5,20,3,139,0.44767889016978596,RESTAURANT,4.977906180478754,0.48,25,IDENTIFIED,0.4496738370667268,2.0,24,0.033886288115843606,1,O01847,R008,GRILL,2024-03-24 01:40:48
39.10372180935201,20,2.0,13,0,113,0.6169093446675238,BAKERY,3.972432616097607,0.25,16,IDENTIFIED,0.7105218316321594,2.0,35,0.17531607871076826,0,O01848,R035,BAKERY,2024-03-24 02:45:36
37.387093983428684,10,2.0,9,0,139,0.5740483555073015,CAFE,2.8338030196367794,0.6206896551724138,29,IDENTIFIED,0.706442842597027,2.0,23,0.09597445608129951,0,O01849,R078,CAFE,2024-03-24 03:50:24
46.136619110163764,15,5.0,9,2,55,0.591222603116571,BAKERY,3.9279719162450872,0.3888888888888889,18,IDENTIFIED,0.4254896779978721,2.0,13,0.10971168817978191,1,O01850,R030,BREAKFAST,2024-03-24 04:55:12
40.9415700522806,6,6.0,9,3,61,0.5848079597726612,BAKERY,4.772361452468935,0.2727272727272727,11,IDENTIFIED,0.2635798661246385,2.0,20,0.23296739638648933,0,O01851,R040,BREAKFAST,2024-03-24 06:00:00
39.3497922088953,8,1.5,13,5,53,0.5402637846521224,FAST_FOOD,3.2572286068644694,0.6666666666666666,18,ANONYMOUS,0.0,2.0,3,0.23638762137470481,1,O01852,R066,BURGER,2024-03-24 07:04:48
46.94779919287219,17,3.0,14,3,174,0.5447983706662215,FOOD_TRUCK,3.473217524366763,0.391304347826087,23,IDENTIFIED,0.38235544392277737,2.0,23,0.1673831643158915,0,O01853,R029,BURGER,2024-03-24 08:09:36
72.21921109795701,23,3.0,12,6,158,0.6603111631997437,BAKERY,3.237076379057974,0.4,25,IDENTIFIED,0.15580502385805906,2.0,34,0.07773099221670358,1,O01854,R031,BAKERY,2024-03-24 09:14:24
35.69962989120519,30,1.5,12,4,76,0.6333186008709428,BAKERY,3.972432616097607,0.23529411764705882,17,ANONYMOUS,0.3115111769677038,2.0,101,0.15818206530953338,0,O01855,R035,BAKERY,2024-03-24 10:19:12
21.781762007045252,21,1.0,9,5,127,0.5883081583219262,CAFE,4.027925188301798,0.55,20,IDENTIFIED,0.42838851845206233,2.0,32,0.1322925911047249,0,O01856,R036,CAFE,2024-03-24 11:24:00
67.60941594989893,6,4.0,14,2,94,0.572829742878665,BAKERY,4.2831476657189995,0.22727272727272727,22,IDENTIFIED,0.3861535350434424,2.0,19,0.01,0,O01857,R005,DESSERT,2024-03-24 12:28:48
59.62724344084871,17,0.5,13,5,103,0.5526159357197946,FOOD_TRUCK,2.9985642990793835,0.55,20,ANONYMOUS,0.15103943928560168,2.0,12,0.0771639711748181,1,O01858,R014,SANDWICH,2024-03-24 13:33:36
43.3303826935389,7,1.0,14,1,156,0.7038326388214147,BAKERY,4.772361452468935,0.25,12,IDENTIFIED,0.1950229763895742,2.0,19,0.26039426542503713,0,O01859,R040,BAKERY,2024-03-24 14:38:24
75.0,10,1.0,20,0,70,0.3071716669658628,RESTAURANT,4.977906180478754,0.5,26,ANONYMOUS,0.396832799782905,2.0,12,0.1408163881684527,0,O01860,R008,FINE_DINING,2024-03-24 15:43:12
53.30697891714894,20,1.0,14,0,153,0.5650945481168916,CAFE,2.6189910336437396,0.4782608695652174,23,ANONYMOUS,0.5312344006014511,2.0,53,0.14701989667196738,0,O01861,R061,DESSERT,2024-03-24 16:48:00
36.05537260109318,7,3.0,13,5,201,0.5369183334711436,FOOD_TRUCK,3.4481366569876384,0.8333333333333334,18,IDENTIFIED,0.24477621152091453,2.0,10,0.11816482483646033,1,O01862,R033,SANDWICH,2024-03-24 17:52:48
52.617597104974415,12,5.0,13,2,173,0.5948505909217926,FOOD_TRUCK,4.068682803097095,0.2631578947368421,19,ANONYMOUS,0.22410847408506282,2.0,27,0.06560781094439266,0,O01863,R055,SANDWICH,2024-03-24 18:57:36
33.90829110795899,12,1.5,13,2,47,0.5112495355204495,FAST_FOOD,3.973582751974687,0.3684210526315789,19,IDENTIFIED,0.3298449793019287,2.0,23,0.12016636434269347,1,O01864,R060,SANDWICH,2024-03-24 20:02:24
30.739479464825997,5,4.0,18,1,179,0.5015840246437441,FAST_FOOD,3.5920105952783357,0.3333333333333333,27,IDENTIFIED,0.11209516188071218,2.0,5,0.03568603339453389,1,O01865,R026,STREET_FOOD,2024-03-24 21:07:12
54.5919667825938,7,5.0,21,0,102,0.46979116280819927,RESTAURANT,3.0725152132050786,0.6666666666666666,27,ANONYMOUS,0.4587839473063411,2.0,17,0.060990023955279166,0,O01866,R025,GRILL,2024-03-24 22:12:00
40.25663290594363,28,5.0,20,2,84,0.39422974849758763,RESTAURANT,4.275105407534004,0.6086956521739131,23,ANONYMOUS,0.3944855277880489,2.0,95,0.21528301890598994,0,O01867,R079,SEAFOOD,2024-03-24 23:16:48
61.22557851881159,14,2.0,13,3,147,0.4567421056528483,RESTAURANT,4.19117461888607,0.7916666666666666,24,ANONYMOUS,0.4183567356578441,2.0,33,0.042006112757875774,0,O01868,R017,SALAD,2024-03-25 00:21:36
34.01975175472242,18,4.0,13,6,44,0.6015539874236207,BAKERY,4.772361452468935,0.23076923076923078,13,IDENTIFIED,0.5416504627655647,2.0,55,0.07185357270428976,0,O01869,R040,DESSERT,2024-03-25 01:26:24
51.6508565492881,9,5.0,12,5,39,0.45681334553786884,CATERING,4.386289126933204,0.4090909090909091,22,IDENTIFIED,0.36454684820231203,2.0,21,0.11307785808979774,0,O01870,R038,HEALTHY,2024-03-25 02:31:12
30.059986706694236,29,3.0,12,2,197,0.5185647191482582,CATERING,3.565011044514906,0.47058823529411764,17,ANONYMOUS,0.038878185741970384,2.0,21,0.01,1,O01871,R020,HEALTHY,2024-03-25 03:36:00
47.141393783617346,23,3.0,9,3,42,0.4849830833555468,BAKERY,3.237076379057974,0.4230769230769231,26,IDENTIFIED,0.012971622827690904,2.0,35,0.01,0,O01872,R031,BREAKFAST,2024-03-25 04:40:48
38.248580141509294,29,6.0,13,0,64,0.6225810660622572,FOOD_TRUCK,2.9985642990793835,0.5714285714285714,21,ANONYMOUS,0.14821554298057527,2.0,38,0.0497144884777857,1,O01873,R014,FAST_FOOD,2024-03-25 05:45:36
28.244541845446385,23,0.5,20,4,200,0.29498382235061876,CATERING,3.593114160823445,0.5517241379310345,29,ANONYMOUS,0.010453753868030408,2.0,37,0.06769138184993459,1,O01874,R067,FINE_DINING,2024-03-25 06:50:24
38.79887407000742,15,3.0,16,5,209,0.47008286166970786,FOOD_TRUCK,4.259311185253018,0.5217391304347826,23,ANONYMOUS,0.5626373653165697,2.0,37,0.112284249496749,0,O01875,R032,STREET_FOOD,2024-03-25 07:55:12
39.032439618432,31,4.0,14,4,111,0.5674163073253352,BAKERY,4.408458790532939,0.7857142857142857,14,ANONYMOUS,0.30054641186055875,2.0,23,0.11999134674053652,1,O01876,R047,DESSERT,2024-03-25 09:00:00
47.867579859126735,6,1.5,13,1,162,0.5487390021564944,FOOD_TRUCK,4.06441066239825,0.3448275862068966,29,ANONYMOUS,0.39703701820375636,2.0,9,0.24241043846479998,0,O01877,R023,BURGER,2024-03-25 10:04:48
43.60293277849896,26,3.0,12,1,36,0.4985715550978666,RESTAURANT,3.3803185346678775,0.6842105263157895,19,IDENTIFIED,0.0,2.0,45,0.050856431737896106,1,O01878,R072,HEALTHY,2024-03-25 11:09:36
32.51776876788111,26,2.0,13,0,102,0.6185618403073264,FOOD_TRUCK,4.057130138238625,0.4,25,IDENTIFIED,0.07478188197390398,2.0,22,0.1713887052875211,1,O01879,R004,FAST_FOOD,2024-03-25 12:14:24
54.0459697212935,24,6.0,12,3,208,0.5296052261243707,FAST_FOOD,4.303746398295807,0.2857142857142857,21,ANONYMOUS,0.19610218875620528,2.0,39,0.11479919061916027,1,O01880,R054,FAST_FOOD,2024-03-25 13:19:12
23.46920950637149,22,3.0,9,4,23,0.5083199184085704,CAFE,3.8949233547471653,0.4444444444444444,18,ANONYMOUS,0.12700652791094746,2.0,34,0.01,1,O01881,R045,CAFE,2024-03-25 14:24:00
33.854647719076716,18,1.5,14,1,28,0.5144257601781631,FAST_FOOD,4.303746398295807,0.3181818181818182,22,ANONYMOUS,0.40936924552044773,2.0,27,0.10540508172698039,1,O01882,R054,SANDWICH,2024-03-25 15:28:48
21.18026420499872,20,5.0,13,1,154,0.4977512738832152,FAST_FOOD,3.346535331369818,0.3333333333333333,27,ANONYMOUS,0.47010165817799027,2.0,69,0.16805419903472985,0,O01883,R010,PIZZA,2024-03-25 16:33:36
55.241143816544565,31,2.0,13,1,61,0.7604404698911902,BAKERY,4.472397736270716,0.4117647058823529,17,IDENTIFIED,0.3978331118732013,2.0,43,0.09072495685828436,0,O01884,R006,BAKERY,2024-03-25 17:38:24
48.2590962371691,10,3.0,17,6,130,0.5278982183288051,FAST_FOOD,3.346535331369818,0.32142857142857145,28,IDENTIFIED,0.5428157369302995,2.0,17,0.37161700507703055,0,O01885,R010,STREET_FOOD,2024-03-25 18:43:12
42.779018421524555,27,5.0,10,1,130,0.6100796074520489,CAFE,3.8703122217420067,0.5,22,IDENTIFIED,0.5153395460647148,2.0,65,0.0282121192910897,0,O01886,R002,BREAKFAST,2024-03-25 19:48:00
33.78192286589688,19,3.0,14,2,36,0.6452411397550492,BAKERY,4.262169475601567,0.38461538461538464,26,IDENTIFIED,0.0,2.0,21,0.10416893253323879,1,O01887,R028,BAKERY,2024-03-25 20:52:48
20.051784718639404,14,4.0,8,5,32,0.5929309204721517,CAFE,3.2865102759945675,0.4074074074074074,27,IDENTIFIED,0.5202903835968008,2.0,47,0.1313910711556649,1,O01888,R027,BREAKFAST,2024-03-25 21:57:36
39.42029676199542,11,2.0,13,1,204,0.5259093116858263,CATERING,3.8498216987959597,0.5925925925925926,27,ANONYMOUS,0.08999164020399866,2.0,34,0.16044577120954792,0,O01889,R052,HEALTHY,2024-03-25 23:02:24
30.489278444482014,14,2.0,14,4,129,0.48510475116600843,FOOD_TRUCK,3.800046416200278,0.5238095238095238,21,IDENTIFIED,0.3805814711531423,2.0,7,0.051136132819728654,1,O01890,R070,STREET_FOOD,2024-03-26 00:07:12
62.66293753680974,15,6.0,21,5,175,0.41713279792684066,RESTAURANT,4.977906180478754,0.48148148148148145,27,IDENTIFIED,0.023514719603863338,2.0,28,0.22791941741189853,0,O01891,R008,SUSHI,2024-03-26 01:12:00
15.0,5,5.0,19,0,129,0.5108790994062739,CATERING,3.155638354146062,0.5714285714285714,21,ANONYMOUS,0.0,2.0,3,0.10606535171891862,1,O01892,R065,PASTA,2024-03-26 02:16:48
64.14641738548217,29,2.0,13,2,208,0.6746938067172443,FAST_FOOD,2.874421625611307,0.32142857142857145,28,ANONYMOUS,0.46844762203710577,2.0,47,0.17499009145202785,0,O01893,R016,FAST_FOOD,2024-03-26 03:21:36
32.67902596691525,30,1.5,14,2,173,0.612960157105782,BAKERY,4.772361452468935,0.21428571428571427,14,ANONYMOUS,0.6763938363830098,2.0,53,0.05327890833532509,0,O01894,R040,BAKERY,2024-03-26 04:26:24
34.51989383336901,13,4.0,20,4,105,0.3142389129212474,RESTAURANT,4.977906180478754,0.4642857142857143,28,ANONYMOUS,0.027890238721219207,2.0,18,0.23185658241587975,0,O01895,R008,FINE_DINING,2024-03-26 05:31:12
72.02965028429523,10,2.0,12,5,129,0.5029154588125001,RESTAURANT,4.275105407534004,0.5833333333333334,24,IDENTIFIED,0.46003744826175746,2.0,27,0.27739162546370655,0,O01896,R079,VEGETARIAN,2024-03-26 06:36:00
32.78823517560874,17,1.5,14,1,147,0.6477491508192903,FAST_FOOD,3.346535331369818,0.3103448275862069,29,IDENTIFIED,0.0,2.0,31,0.164822177252699,1,O01897,R010,FAST_FOOD,2024-03-26 07:40:48
39.67953327577293,12,4.0,14,5,186,0.4929162867853675,FAST_FOOD,3.6534868804950746,0.3157894736842105,19,IDENTIFIED,0.41137173853958564,2.0,34,0.09306877581454502,0,O01898,R068,BURGER,2024-03-26 08:45:36
48.811639307186525,31,0.5,13,4,197,0.583002094234055,BAKERY,4.262169475601567,0.4074074074074074,27,IDENTIFIED,0.10746151319037067,2.0,48,0.23012038809943455,0,O01899,R028,DESSERT,2024-03-26 09:50:24
53.0276254826956,28,1.0,20,1,120,0.4544341040829252,CATERING,4.095963490352159,0.5416666666666666,24,IDENTIFIED,0.3807083122811022,2.0,39,0.0463878864445116,0,O01900,R056,GRILL,2024-03-26 10:55:12
70.42811384499913,31,3.0,15,0,31,0.5078101162072809,FOOD_TRUCK,4.06441066239825,0.3333333333333333,30,IDENTIFIED,0.19920965936615792,2.0,61,0.04901820718803255,1,O01901,R023,STREET_FOOD,2024-03-26 12:00:00
48.7002358408951,30,3.0,9,6,152,0.6132567719049363,CAFE,3.2865102759945675,0.39285714285714285,28,IDENTIFIED,0.19771936718304373,2.0,9,0.01,1,O01902,R027,CAFE,2024-03-26 13:04:48
48.016559845594806,25,6.0,21,3,35,0.2599048437361451,CATERING,4.045339710815144,0.46153846153846156,26,IDENTIFIED,0.02981863655822331,2.0,14,0.10791983270045917,1,O01903,R044,FINE_DINING,2024-03-26 14:09:36
40.884891752591976,28,2.0,21,1,146,0.42859371904223315,CATERING,4.455128624198876,0.45454545454545453,22,IDENTIFIED,0.7539086262479819,2.0,51,0.01,0,O01904,R073,PASTA,2024-03-26 15:14:24
67.10450445459304,26,2.0,21,2,192,0.2915497173359618,RESTAURANT,3.648671761825324,0.6176470588235294,34,ANONYMOUS,0.10353467119520758,2.0,35,0.07391671324532567,1,O01905,R015,FINE_DINING,2024-03-26 16:19:12
49.47206882477041,17,4.0,14,4,41,0.5949476259448867,BAKERY,3.8497693798953305,0.37037037037037035,27,IDENTIFIED,0.012326497403670644,2.0,20,0.1567280075339983,0,O01906,R058,DESSERT,2024-03-26 17:24:00
34.61206793220953,19,6.0,12,4,208,0.47924816702382955,RESTAURANT,4.19117461888607,0.76,25,IDENTIFIED,0.05749754903120724,2.0,52,0.1294595614823626,0,O01907,R017,SALAD,2024-03-26 18:28:48
42.941711480720414,20,1.5,9,6,29,0.572631465696316,CAFE,2.8338030196367794,0.6,30,IDENTIFIED,0.3815854230124675,2.0,45,0.16347630560502985,0,O01908,R078,BREAKFAST,2024-03-26 19:33:36
36.39205661405786,21,4.0,21,3,166,0.47872471178623377,CATERING,4.386289126933204,0.391304347826087,23,ANONYMOUS,0.6295342532888838,2.0,28,0.07219470670111214,0,O01909,R038,GRILL,2024-03-26 20:38:24
39.11482726246428,12,0.5,13,1,40,0.5687555127020085,FAST_FOOD,3.6534868804950746,0.3,20,IDENTIFIED,0.28990443578851577,2.0,24,0.13938283136944557,0,O01910,R068,PIZZA,2024-03-26 21:43:12
43.96538757479421,19,3.0,20,6,16,0.43971366034256304,CATERING,3.1558426563006043,0.6956521739130435,23,IDENTIFIED,0.009674898343874722,2.0,33,0.015279765008564483,1,O01911,R011,PASTA,2024-03-26 22:48:00
49.068603778771106,14,3.0,14,5,94,0.6097309482272276,FAST_FOOD,3.973582751974687,0.4,20,IDENTIFIED,0.3378915688588126,2.0,34,0.24977598408922674,0,O01912,R060,FAST_FOOD,2024-03-26 23:52:48
54.595501344313504,16,5.0,13,0,114,0.44816719479355843,RESTAURANT,4.275105407534004,0.56,25,ANONYMOUS,0.24240842627220208,2.0,9,0.19793160541454882,1,O01913,R079,SALAD,2024-03-27 00:57:36
36.583404587077474,22,0.5,14,3,101,0.5272646657650911,FAST_FOOD,4.303746398295807,0.34782608695652173,23,IDENTIFIED,0.103303218127868,2.0,37,0.08762530093063993,1,O01914,R054,BURGER,2024-03-27 02:02:24
46.43086539541516,17,2.0,20,1,151,0.4032911072243808,CATERING,4.149333020747922,0.5,10,IDENTIFIED,0.7317477629477678,2.0,41,0.03520334440361482,0,O01915,R034,GRILL,2024-03-27 03:07:12
31.813509320438577,7,3.0,10,2,67,0.5722702691885292,CAFE,3.9450444623960856,0.5,24,ANONYMOUS,0.4338603256548939,2.0,3,0.01,1,O01916,R075,BREAKFAST,2024-03-27 04:12:00
34.70840021057497,12,1.5,20,5,196,0.46524531714432715,CATERING,3.797182973303961,0.6551724137931034,29,IDENTIFIED,0.29736653250965495,2.0,36,0.05403444908936268,0,O01917,R051,GRILL,2024-03-27 05:16:48
31.5575652994946,27,3.0,13,4,95,0.5163688418910056,FAST_FOOD,3.973582751974687,0.38095238095238093,21,IDENTIFIED,0.30497724462441006,2.0,62,0.1923772539148401,0,O01918,R060,BURGER,2024-03-27 06:21:36
59.50600166212172,11,1.0,12,1,23,0.5486845086144744,FAST_FOOD,3.5671859283757152,0.5454545454545454,22,IDENTIFIED,0.09211268657016136,2.0,12,0.09462818710269053,1,O01919,R024,SANDWICH,2024-03-27 07:26:24
60.63247856026356,19,1.0,9,1,95,0.5227015310705524,BAKERY,3.972432616097607,0.2222222222222222,18,IDENTIFIED,0.2371201590915819,2.0,16,0.096133261359568,1,O01920,R035,BREAKFAST,2024-03-27 08:31:12
31.428056152357396,28,2.0,19,0,178,0.3690420256232797,FOOD_TRUCK,3.800046416200278,0.5454545454545454,22,ANONYMOUS,0.08437285587201755,2.0,9,0.10048774923541598,1,O01921,R070,BBQ,2024-03-27 09:36:00
47.6228066996823,23,2.0,14,3,172,0.5013540277208388,CATERING,3.1558426563006043,0.7083333333333334,24,ANONYMOUS,0.45263321479845575,2.0,12,0.08584341230948805,1,O01922,R011,HEALTHY,2024-03-27 10:40:48
37.57234078879559,12,1.0,20,3,205,0.42970909120867845,RESTAURANT,3.0725152132050786,0.6428571428571429,28,ANONYMOUS,0.0453459844365553,2.0,20,0.18223079547140836,0,O01923,R025,SUSHI,2024-03-27 11:45:36
56.79727108142205,17,1.5,13,2,182,0.4739518707018575,RESTAURANT,3.676877650715725,0.5185185185185185,27,IDENTIFIED,0.0,2.0,19,0.01249941874408439,1,O01924,R057,SALAD,2024-03-27 12:50:24
35.53193447399991,11,4.0,13,5,33,0.4497746126295407,FAST_FOOD,3.5671859283757152,0.5652173913043478,23,IDENTIFIED,0.14910142791663927,2.0,6,0.14916920676586687,1,O01925,R024,PIZZA,2024-03-27 13:55:12
47.56339750709024,20,6.0,19,0,203,0.39726398907511407,RESTAURANT,2.8789243804126032,0.41379310344827586,29,IDENTIFIED,0.25455635545329197,2.0,25,0.08780894511014875,0,O01926,R039,SUSHI,2024-03-27 15:00:00
50.274377199373184,8,3.0,19,0,198,0.27249376822853355,RESTAURANT,5.0,0.3333333333333333,18,IDENTIFIED,0.3072603320789811,2.0,15,0.09046265135601732,1,O01927,R071,FINE_DINING,2024-03-27 16:04:48
31.375280240642805,29,4.0,21,1,176,0.42517283798454,RESTAURANT,4.19117461888607,0.7307692307692307,26,IDENTIFIED,0.4333889609026772,2.0,12,0.15126516890941225,1,O01928,R017,SUSHI,2024-03-27 17:09:36
73.25862378050878,18,0.5,19,5,171,0.43232926838767705,CATERING,3.1558426563006043,0.72,25,IDENTIFIED,0.1967735299362836,2.0,10,0.1291227124755264,1,O01929,R011,PASTA,2024-03-27 18:14:24
46.63285571226376,5,3.0,13,4,154,0.6535027733659329,FAST_FOOD,3.2572286068644694,0.6842105263157895,19,ANONYMOUS,0.20094913742540027,2.0,17,0.053831431309530664,0,O01930,R066,FAST_FOOD,2024-03-27 19:19:12
38.976203703622865,26,3.0,10,0,99,0.5998626563759183,BAKERY,3.9279719162450872,0.42105263157894735,19,ANONYMOUS,0.5681872593796036,2.0,72,0.24250082338065426,0,O01931,R030,BREAKFAST,2024-03-27 20:24:00
38.10543744116986,30,3.0,14,1,41,0.4994182862381784,CATERING,3.2943012426991136,0.625,24,IDENTIFIED,0.0,2.0,48,0.1604520691139335,1,O01932,R019,HEALTHY,2024-03-27 21:28:48
48.43287626013321,23,4.0,14,2,58,0.4957210469609178,FAST_FOOD,3.346535331369818,0.3333333333333333,30,ANONYMOUS,0.3265124937956623,2.0,53,0.20867840194096562,0,O01933,R010,STREET_FOOD,2024-03-27 22:33:36
66.09718338062123,16,2.0,13,5,104,0.5827452643183407,FAST_FOOD,4.138788682416522,0.2857142857142857,28,ANONYMOUS,0.33242288360079486,2.0,35,0.20484161583052493,0,O01934,R009,BURGER,2024-03-27 23:38:24
42.32409036261332,17,6.0,20,4,164,0.4806566758034109,CATERING,3.6697323545196734,0.47368421052631576,19,IDENTIFIED,0.5438966107996934,2.0,23,0.24374705859560045,0,O01935,R077,GRILL,2024-03-28 00:43:12
43.98268052491897,11,1.5,8,3,204,0.5702649528877359,BAKERY,4.212748157693551,0.375,24,ANONYMOUS,0.03811636789092848,2.0,34,0.1876556436159956,0,O01936,R001,BREAKFAST,2024-03-28 01:48:00
33.54474977017276,29,1.0,13,4,109,0.5184015731299202,FOOD_TRUCK,4.092770052054342,0.38095238095238093,21,IDENTIFIED,0.18575951433812976,2.0,28,0.050971940261446566,1,O01937,R007,FAST_FOOD,2024-03-28 02:52:48
36.03067725760336,10,2.0,19,4,172,0.40363889786956847,CATERING,3.593114160823445,0.5666666666666667,30,IDENTIFIED,0.5647341229327826,2.0,29,0.028513978936395887,0,O01938,R067,GRILL,2024-03-28 03:57:36
51.944540275497125,5,2.0,21,3,144,0.36512034304906654,RESTAURANT,3.676877650715725,0.5357142857142857,28,IDENTIFIED,0.19351742757804202,2.0,13,0.27626114312430927,0,O01939,R057,SEAFOOD,2024-03-28 05:02:24
57.9249437676972,26,1.5,21,2,70,0.4830073773504872,RESTAURANT,3.648671761825324,0.6285714285714286,35,IDENTIFIED,0.4538837175154331,2.0,67,0.12104753305882766,0,O01940,R015,GRILL,2024-03-28 06:07:12
60.29604505452207,19,3.0,12,2,139,0.48301008965126146,FOOD_TRUCK,3.800046416200278,0.5652173913043478,23,IDENTIFIED,0.05378187057479328,2.0,42,0.09826129384563076,0,O01941,R070,BURGER,2024-03-28 07:12:00
20.556943489176984,27,1.5,10,5,124,0.5968307897122942,CAFE,2.8338030196367794,0.5806451612903226,31,ANONYMOUS,0.5681770615484864,2.0,50,0.06047270584368651,0,O01942,R078,CAFE,2024-03-28 08:16:48
45.160574991656,21,5.0,12,5,110,0.633852258336886,BAKERY,3.3482373264265872,0.37037037037037035,27,ANONYMOUS,0.21994702461551902,2.0,30,0.12195709433518137,0,O01943,R042,DESSERT,2024-03-28 09:21:36
29.483873865033605,18,0.5,8,1,19,0.5560335001475404,BAKERY,3.9279719162450872,0.4,20,IDENTIFIED,0.0,2.0,26,0.2285041085411763,1,O01944,R030,BREAKFAST,2024-03-28 10:26:24
30.900445479422096,12,1.0,10,0,205,0.5498900763727184,CAFE,3.091917580299283,0.3125,32,IDENTIFIED,0.14048820819086308,2.0,12,0.18016178364651367,1,O01945,R064,BREAKFAST,2024-03-28 11:31:12
27.194939716244377,31,2.0,20,5,181,0.4271304805355141,FOOD_TRUCK,3.800046416200278,0.5416666666666666,24,IDENTIFIED,0.29166702177003173,2.0,107,0.1583815059479435,0,O01946,R070,BBQ,2024-03-28 12:36:00
48.406484891161185,13,3.0,19,5,123,0.35712877855276914,CATERING,3.797182973303961,0.6333333333333333,30,ANONYMOUS,0.11325496785105307,2.0,22,0.05113796616649112,0,O01947,R051,FINE_DINING,2024-03-28 13:40:48
48.40735029450069,25,2.0,12,1,119,0.580787967244129,FAST_FOOD,4.303746398295807,0.375,24,IDENTIFIED,0.5441210744584515,2.0,40,0.016478589718529085,0,O01948,R054,FAST_FOOD,2024-03-28 14:45:36
41.62415246592181,12,1.0,12,5,132,0.5281448025426252,FOOD_TRUCK,4.057130138238625,0.4230769230769231,26,ANONYMOUS,0.46339190636327143,2.0,34,0.10737251005314521,0,O01949,R004,SANDWICH,2024-03-28 15:50:24
29.608504622811022,15,1.5,18,2,74,0.4466616674155547,FOOD_TRUCK,4.06441066239825,0.3548387096774194,31,IDENTIFIED,0.24623477896179086,2.0,26,0.10603132801107358,1,O01950,R023,STREET_FOOD,2024-03-28 16:55:12
43.08550310238105,10,2.0,12,5,50,0.6277284478216466,BAKERY,3.8497693798953305,0.35714285714285715,28,IDENTIFIED,0.5521958954365231,2.0,23,0.23575447116370007,1,O01951,R058,BAKERY,2024-03-28 18:00:00
38.87078790816481,7,5.0,20,0,120,0.40925087422699585,CATERING,3.3362233513389206,0.6428571428571429,28,IDENTIFIED,0.34931473715799416,2.0,10,0.18897699483617422,0,O01952,R053,PASTA,2024-03-28 19:04:48
40.81003255887307,20,4.0,14,5,21,0.6353401447881859,BAKERY,3.9279719162450872,0.42857142857142855,21,IDENTIFIED,0.3689356830354005,2.0,69,0.01,0,O01953,R030,DESSERT,2024-03-28 20:09:36
66.55508252765232,8,3.0,12,6,197,0.5527491452026994,FAST_FOOD,4.303746398295807,0.36,25,IDENTIFIED,0.24766691857793222,2.0,22,0.01,0,O01954,R054,SANDWICH,2024-03-28 21:14:24
45.15773437228951,9,2.0,8,0,170,0.5173841962794851,CAFE,3.8949233547471653,0.47368421052631576,19,IDENTIFIED,0.023416974563259363,2.0,13,0.07816690504930149,1,O01955,R045,BREAKFAST,2024-03-28 22:19:12
28.825928728825,21,3.0,20,0,116,0.4907249747597842,CATERING,3.565011044514906,0.5,18,ANONYMOUS,0.11865912713921295,2.0,19,0.08302802402181571,1,O01956,R020,PASTA,2024-03-28 23:24:00
30.960236981975836,19,2.0,13,5,65,0.4751077052826801,RESTAURANT,3.648671761825324,0.6111111111111112,36,IDENTIFIED,0.28167095809797793,2.0,29,0.16544948052569208,0,O01957,R015,HEALTHY,2024-03-29 00:28:48
35.22218025646907,12,3.0,12,6,151,0.6305457863173085,CAFE,2.8338030196367794,0.5625,32,IDENTIFIED,0.3946318746085491,2.0,40,0.14676007023001483,0,O01958,R078,DESSERT,2024-03-29 01:33:36
49.75677216630718,29,3.0,9,4,78,0.4967041140539093,CAFE,4.027925188301798,0.5238095238095238,21,ANONYMOUS,0.0662894463585163,2.0,55,0.13957380014076248,1,O01959,R036,BRUNCH,2024-03-29 02:38:24
22.194146428245098,17,2.0,10,3,90,0.49866310095360067,BAKERY,3.972432616097607,0.2631578947368421,19,ANONYMOUS,0.589079491173182,2.0,24,0.0462327185768343,1,O01960,R035,BREAKFAST,2024-03-29 03:43:12
33.03941793292971,12,0.5,14,6,21,0.5767883686640909,FOOD_TRUCK,4.259311185253018,0.5,24,IDENTIFIED,0.10952764131233558,2.0,32,0.04096430204379754,0,O01961,R032,SANDWICH,2024-03-29 04:48:00
54.6498275438675,16,4.0,21,0,68,0.49494077122843794,CATERING,4.455128624198876,0.43478260869565216,23,IDENTIFIED,0.04074740269288379,2.0,18,0.10736275023077399,1,O01962,R073,GRILL,2024-03-29 05:52:48
57.217900077976225,17,1.5,12,5,31,0.6029713257704761,FOOD_TRUCK,3.800046416200278,0.52,25,IDENTIFIED,0.49836009754180544,2.0,25,0.23614780816630193,0,O01963,R070,FAST_FOOD,2024-03-29 06:57:36
48.906381287277064,27,4.0,17,1,178,0.48606065381349195,FOOD_TRUCK,3.4481366569876384,0.8421052631578947,19,ANONYMOUS,0.04135246383662439,2.0,58,0.19666053902747163,0,O01964,R033,STREET_FOOD,2024-03-29 08:02:24
45.181898188450816,28,1.0,20,6,206,0.36647172333788763,RESTAURANT,3.676877650715725,0.5172413793103449,29,ANONYMOUS,0.5860118822332991,2.0,86,0.20316337822070973,0,O01965,R057,SUSHI,2024-03-29 09:07:12
25.351910242943287,30,4.0,14,4,57,0.5871831260426269,BAKERY,3.9279719162450872,0.4090909090909091,22,IDENTIFIED,0.30378321405390407,2.0,55,0.04719223549598846,1,O01966,R030,DESSERT,2024-03-29 10:12:00
47.3273080006889,28,4.0,20,6,137,0.47122424039143207,RESTAURANT,3.661412441986213,0.6086956521739131,23,ANONYMOUS,0.29987098911137255,2.0,31,0.022191513621919026,1,O01967,R076,GRILL,2024-03-29 11:16:48
75.0,12,8.0,13,2,75,0.5919547457301141,BAKERY,3.7481555951610934,0.13043478260869565,23,IDENTIFIED,0.6472184841959376,2.0,21,0.111085281948897,0,O01968,R063,DESSERT,2024-03-29 12:21:36
75.0,18,0.5,14,3,23,0.5122626665893227,FAST_FOOD,3.973582751974687,0.36363636363636365,22,IDENTIFIED,0.3656753866144632,2.0,26,0.08266713917230042,0,O01969,R060,PIZZA,2024-03-29 13:26:24
44.56586439680868,14,5.0,20,4,56,0.345981729347285,RESTAURANT,4.977906180478754,0.4482758620689655,29,ANONYMOUS,0.2590302708574301,2.0,21,0.03968670510872223,1,O01970,R008,SEAFOOD,2024-03-29 14:31:12
33.29919457012028,31,3.0,14,4,117,0.5128415724931518,FAST_FOOD,3.6534868804950746,0.2857142857142857,21,IDENTIFIED,0.45849861437853,2.0,54,0.13955665711613485,1,O01971,R068,BURGER,2024-03-29 15:36:00
35.815216023088176,7,6.0,21,6,36,0.3283703458291158,RESTAURANT,3.3803185346678775,0.7,20,IDENTIFIED,0.037992658839474086,2.0,2,0.045649896750554426,1,O01972,R072,FINE_DINING,2024-03-29 16:40:48
26.412775159402457,9,3.0,21,4,98,0.3636285227859934,RESTAURANT,2.8789243804126032,0.4,30,IDENTIFIED,0.448127563564131,2.0,17,0.1646448720558281,1,O01973,R039,SEAFOOD,2024-03-29 17:45:36
64.47771882698328,10,2.0,12,2,209,0.5036989443463763,FAST_FOOD,3.2572286068644694,0.65,20,IDENTIFIED,0.09351701949673136,2.0,17,0.13313833429437733,1,O01974,R066,BURGER,2024-03-29 18:50:24
37.55524260082234,9,1.0,12,3,175,0.5918526908412975,BAKERY,3.9279719162450872,0.43478260869565216,23,ANONYMOUS,0.3728513454041661,2.0,7,0.05680152373438106,1,O01975,R030,BAKERY,2024-03-29 19:55:12
32.387040448934584,21,1.0,14,3,158,0.6222345683639625,FAST_FOOD,3.2572286068644694,0.6666666666666666,21,IDENTIFIED,0.17151767262104722,2.0,71,0.166818258575693,0,O01976,R066,FAST_FOOD,2024-03-29 21:00:00
52.99213116122681,8,1.5,10,4,31,0.5592015085961599,BAKERY,4.2831476657189995,0.21739130434782608,23,ANONYMOUS,0.7718488212150114,2.0,27,0.08356894570785708,0,O01977,R005,BREAKFAST,2024-03-29 22:04:48
67.7889039700018,30,1.0,21,0,144,0.3176624961757896,CATERING,4.095963490352159,0.52,25,ANONYMOUS,0.3447360987337915,2.0,29,0.020534749955039858,1,O01978,R056,FINE_DINING,2024-03-29 23:09:36
69.62424609576001,18,3.0,12,4,74,0.6774796262675311,BAKERY,4.408458790532939,0.8,15,IDENTIFIED,0.48084095799533527,2.0,31,0.20556083645750745,0,O01979,R047,DESSERT,2024-03-30 00:14:24
47.073257265035465,13,2.0,13,2,207,0.6080166237639292,FOOD_TRUCK,3.800046416200278,0.5,26,IDENTIFIED,0.40885265607433136,2.0,42,0.12790661048138965,0,O01980,R070,FAST_FOOD,2024-03-30 01:19:12
65.89762514648432,5,2.0,12,6,65,0.5443428528158069,BAKERY,4.408458790532939,0.75,16,ANONYMOUS,0.17545207522408346,2.0,12,0.04616549728894083,0,O01981,R047,DESSERT,2024-03-30 02:24:00
43.97243270502925,16,4.0,13,6,133,0.4705317487905754,RESTAURANT,4.19117461888607,0.7407407407407407,27,IDENTIFIED,0.07826782209534584,2.0,15,0.19574242595463223,1,O01982,R017,SALAD,2024-03-30 03:28:48
40.03939414322323,27,5.0,14,3,115,0.5957247251870295,CAFE,3.8949233547471653,0.5,20,IDENTIFIED,0.15062024998151496,2.0,93,0.06203124620380682,0,O01983,R045,DESSERT,2024-03-30 04:33:36
47.53004303621668,21,6.0,13,1,54,0.6040591691668156,CAFE,3.8703122217420067,0.4782608695652174,23,IDENTIFIED,0.34943386678609034,2.0,48,0.117623334228685,0,O01984,R002,DESSERT,2024-03-30 05:38:24
39.45541101409832,27,1.5,12,3,149,0.47886310353673334,FAST_FOOD,3.973582751974687,0.34782608695652173,23,ANONYMOUS,0.3552401690911049,2.0,40,0.01,0,O01985,R060,BURGER,2024-03-30 06:43:12
63.11529403469286,13,4.0,12,2,137,0.7005416795340658,BAKERY,4.2831476657189995,0.20833333333333334,24,ANONYMOUS,0.4130437038282316,2.0,20,0.16251777376559232,0,O01986,R005,BAKERY,2024-03-30 07:48:00
33.948119057431015,24,3.0,20,3,25,0.5291019997798495,FAST_FOOD,3.2572286068644694,0.6363636363636364,22,IDENTIFIED,0.00018942136930921727,2.0,33,0.13273081176885643,0,O01987,R066,STREET_FOOD,2024-03-30 08:52:48
27.501568708239674,14,5.0,14,1,107,0.5880799459021113,FAST_FOOD,3.616049105204268,0.6666666666666666,30,IDENTIFIED,0.017685088433730456,2.0,27,0.09079430462364628,0,O01988,R080,FAST_FOOD,2024-03-30 09:57:36
38.169004351552964,19,3.0,12,6,20,0.7053421652260495,BAKERY,4.262169475601567,0.39285714285714285,28,IDENTIFIED,0.23039415090292834,2.0,25,0.02131972758860147,0,O01989,R028,BAKERY,2024-03-30 11:02:24
44.082263647958854,14,6.0,14,1,72,0.6491706992406607,CAFE,4.027925188301798,0.5454545454545454,22,ANONYMOUS,0.0,2.0,45,0.19050644845661793,0,O01990,R036,DESSERT,2024-03-30 12:07:12
31.855894426434173,21,2.0,14,5,133,0.5859767002647889,FOOD_TRUCK,4.057130138238625,0.4074074074074074,27,ANONYMOUS,0.25200348931890804,2.0,43,0.173322056380059,0,O01991,R004,SANDWICH,2024-03-30 13:12:00
42.74643066386482,25,3.0,21,1,202,0.4935663633175109,CATERING,3.3362233513389206,0.6206896551724138,29,ANONYMOUS,0.0,2.0,27,0.09067303177142032,1,O01992,R053,PASTA,2024-03-30 14:16:48
48.551501935963536,17,4.0,13,2,53,0.477907184807824,FOOD_TRUCK,2.9985642990793835,0.5909090909090909,22,ANONYMOUS,0.37839702093771876,2.0,52,0.073301449857762,0,O01993,R014,BURGER,2024-03-30 15:21:36
37.594549862638544,17,1.5,8,2,122,0.513060956416231,CAFE,4.173402459689542,0.56,25,ANONYMOUS,0.271070875857564,2.0,36,0.30439928802182137,0,O01994,R013,BRUNCH,2024-03-30 16:26:24
37.79129541028488,22,1.5,20,6,59,0.2646887823534364,CATERING,3.1558426563006043,0.7307692307692307,26,IDENTIFIED,0.2636187602262993,2.0,7,0.10619558367581736,1,O01995,R011,FINE_DINING,2024-03-30 17:31:12
37.90189445884693,12,5.0,14,0,147,0.4744667970225694,FOOD_TRUCK,4.356993699800905,0.6,15,IDENTIFIED,0.0,2.0,17,0.1468465957956433,1,O01996,R069,BURGER,2024-03-30 18:36:00
66.48096612535667,15,4.0,12,1,90,0.5171236033912722,CATERING,3.8498216987959597,0.5714285714285714,28,IDENTIFIED,0.6782795843632468,2.0,27,0.1425767437528146,0,O01997,R052,HEALTHY,2024-03-30 19:40:48
45.37119610578745,15,5.0,13,2,103,0.5569201008457841,RESTAURANT,2.8789243804126032,0.41935483870967744,31,IDENTIFIED,0.0,2.0,11,0.15588329349512417,1,O01998,R039,SALAD,2024-03-30 20:45:36
49.565919932536765,30,3.0,9,1,37,0.48138895685207517,CAFE,4.173402459689542,0.5384615384615384,26,ANONYMOUS,0.13818792532889587,2.0,44,0.07499698858503956,1,O01999,R013,BRUNCH,2024-03-30 21:50:24
56.306074016397154,17,1.5,19,4,97,0.4223085979288824,RESTAURANT,4.275105407534004,0.5769230769230769,26,IDENTIFIED,0.17596109407721783,2.0,10,0.1418828356740601,1,O02000,R079,SUSHI,2024-03-30 22:55:12
